#
# There is insufficient memory for the Java Runtime Environment to continue.
# Native memory allocation (mmap) failed to map 1201668096 bytes. Error detail: committing reserved memory.
# Possible reasons:
#   The system is out of physical RAM or swap space
#   This process is running with CompressedOops enabled, and the Java Heap may be blocking the growth of the native heap
# Possible solutions:
#   Reduce memory load on the system
#   Increase physical memory or swap space
#   Check if swap backing store is full
#   Decrease Java heap size (-Xmx/-Xms)
#   Decrease number of Java threads
#   Decrease Java thread stack sizes (-Xss)
#   Set larger code cache with -XX:ReservedCodeCacheSize=
#   JVM is running with Zero Based Compressed Oops mode in which the Java heap is
#     placed in the first 32GB address space. The Java Heap base address is the
#     maximum limit for the native heap growth. Please use -XX:HeapBaseMinAddress
#     to set the Java Heap base and to place the Java Heap above 32GB virtual address.
# This output file may be truncated or incomplete.
#
#  Out of Memory Error (os_linux.cpp:2832), pid=2184, tid=2194
#
# JRE version: OpenJDK Runtime Environment (17.0.16+8) (build 17.0.16+8-Debian-1deb12u1)
# Java VM: OpenJDK 64-Bit Server VM (17.0.16+8-Debian-1deb12u1, mixed mode, sharing, tiered, compressed oops, compressed class ptrs, g1 gc, linux-amd64)
# No core dump will be written. Core dumps have been disabled. To enable core dumping, try "ulimit -c unlimited" before starting Java again
#

---------------  S U M M A R Y ------------

Command Line: --add-opens=java.base/java.util=ALL-UNNAMED --add-opens=java.base/java.lang=ALL-UNNAMED --add-opens=java.base/java.lang.invoke=ALL-UNNAMED --add-opens=java.prefs/java.util.prefs=ALL-UNNAMED --add-opens=java.base/java.nio.charset=ALL-UNNAMED --add-opens=java.base/java.net=ALL-UNNAMED --add-opens=java.base/java.util.concurrent.atomic=ALL-UNNAMED -Xmx4G -Dfile.encoding=UTF-8 -Duser.country -Duser.language=en -Duser.variant -javaagent:/root/.gradle/wrapper/dists/gradle-8.2-bin/bbg7u40eoinfdyxsxr3z4i7ta/gradle-8.2/lib/agents/gradle-instrumentation-agent-8.2.jar org.gradle.launcher.daemon.bootstrap.GradleDaemon 8.2

Host: Intel(R) Xeon(R) Processor @ 2.50GHz, 2 cores, 2G, Debian GNU/Linux 12 (bookworm)
Time: Wed Aug 19 11:57:38 2026 UTC elapsed time: 24.307615 seconds (0d 0h 0m 24s)

---------------  T H R E A D  ---------------

Current thread (0x00007fcdd80e2140):  VMThread "VM Thread" [stack: 0x00007fcddc991000,0x00007fcddca91000] [id=2194]

Stack: [0x00007fcddc991000,0x00007fcddca91000],  sp=0x00007fcddca8ed70,  free space=1015k
Native frames: (J=compiled Java code, j=interpreted, Vv=VM code, C=native code)
V  [libjvm.so+0xf21441]  VMError::report_and_die(int, char const*, char const*, __va_list_tag*, Thread*, unsigned char*, void*, void*, char const*, int, unsigned long)+0x171
V  [libjvm.so+0xf21fad]  VMError::report_and_die(Thread*, char const*, int, unsigned long, VMErrorType, char const*, __va_list_tag*)+0x2d
V  [libjvm.so+0x602fcc]  report_vm_out_of_memory(char const*, int, unsigned long, VMErrorType, char const*, ...)+0xdc
V  [libjvm.so+0xc29a4b]  os::pd_commit_memory_or_exit(char*, unsigned long, unsigned long, bool, char const*)+0xeb
V  [libjvm.so+0xc2395b]  os::commit_memory_or_exit(char*, unsigned long, unsigned long, bool, char const*)+0x1b
V  [libjvm.so+0x732af6]  G1PageBasedVirtualSpace::commit(unsigned long, unsigned long)+0x66
V  [libjvm.so+0x746a70]  G1RegionsLargerThanCommitSizeMapper::commit_regions(unsigned int, unsigned long, WorkGang*)+0x110
V  [libjvm.so+0x7da028]  HeapRegionManager::commit_regions(unsigned int, unsigned long, WorkGang*)+0x88
V  [libjvm.so+0x7dbe6b]  HeapRegionManager::expand(unsigned int, unsigned int, WorkGang*)+0x2b
V  [libjvm.so+0x7dc087]  HeapRegionManager::expand_by(unsigned int, WorkGang*)+0x77
V  [libjvm.so+0x6eb548]  G1CollectedHeap::expand(unsigned long, WorkGang*, double*)+0xe8
V  [libjvm.so+0x6ef189]  G1CollectedHeap::do_collection_pause_at_safepoint_helper(double)+0x8a9
V  [libjvm.so+0x6ef1ef]  G1CollectedHeap::do_collection_pause_at_safepoint(double)+0x2f
V  [libjvm.so+0x76b0d7]  VM_G1CollectForAllocation::doit()+0x47
V  [libjvm.so+0xf26945]  VM_Operation::evaluate()+0xe5
V  [libjvm.so+0xf28235]  VMThread::evaluate_operation(VM_Operation*)+0x105
V  [libjvm.so+0xf287af]  VMThread::inner_execute(VM_Operation*)+0x28f
V  [libjvm.so+0xf289bf]  VMThread::run()+0xbf
V  [libjvm.so+0xea3585]  Thread::call_run()+0xa5
V  [libjvm.so+0xc2c1f3]  thread_native_entry(Thread*)+0xe3

VM_Operation (0x00007fcdb86f2fb0): G1CollectForAllocation, mode: safepoint, requested by thread 0x00007fcd5000d060


---------------  P R O C E S S  ---------------

Threads class SMR info:
_java_thread_list=0x00007fcd9cca8f80, length=46, elements={
0x00007fcdd801a760, 0x00007fcdd80e6200, 0x00007fcdd80e75e0, 0x00007fcdd80ee2c0,
0x00007fcdd80ef670, 0x00007fcdd80f0a80, 0x00007fcdd80f2430, 0x00007fcdd80f3960,
0x00007fcdd80f4dd0, 0x00007fcdd8100750, 0x00007fcdd81b3a00, 0x00007fcdd9061010,
0x00007fcdd90dc2f0, 0x00007fcdd91061d0, 0x00007fcd48016e10, 0x00007fcd50002c50,
0x00007fcd50008090, 0x00007fcd5000d060, 0x00007fcd9c0038e0, 0x00007fcd9c009ff0,
0x00007fcd9c00d220, 0x00007fcd9c1947e0, 0x00007fcd9c19ef80, 0x00007fcd9c250420,
0x00007fcd9c8afb80, 0x00007fcd9c8bf650, 0x00007fcd9c8cfa20, 0x00007fcd9c91a410,
0x00007fcd9c929290, 0x00007fcd9c9911a0, 0x00007fcd9c53bd60, 0x00007fcd9c36a090,
0x00007fcd9c7f4090, 0x00007fcd9c316a70, 0x00007fcd9cbc6b00, 0x00007fcd9cefbca0,
0x00007fcdac0097d0, 0x00007fcdb4025350, 0x00007fcdb40b9bd0, 0x00007fcd9ce5d6e0,
0x00007fcd9d16ac10, 0x00007fcd9d349930, 0x00007fcd9d569c10, 0x00007fcd9cc3d580,
0x00007fcd9cca6d70, 0x00007fcd9cca8050
}

Java Threads: ( => current thread )
  0x00007fcdd801a760 JavaThread "main" [_thread_blocked, id=2186, stack(0x00007fcddf028000,0x00007fcddf128000)]
  0x00007fcdd80e6200 JavaThread "Reference Handler" daemon [_thread_blocked, id=2195, stack(0x00007fcddc890000,0x00007fcddc990000)]
  0x00007fcdd80e75e0 JavaThread "Finalizer" daemon [_thread_blocked, id=2196, stack(0x00007fcddc78f000,0x00007fcddc88f000)]
  0x00007fcdd80ee2c0 JavaThread "Signal Dispatcher" daemon [_thread_blocked, id=2197, stack(0x00007fcddc637000,0x00007fcddc737000)]
  0x00007fcdd80ef670 JavaThread "Service Thread" daemon [_thread_blocked, id=2198, stack(0x00007fcddc536000,0x00007fcddc636000)]
  0x00007fcdd80f0a80 JavaThread "Monitor Deflation Thread" daemon [_thread_blocked, id=2199, stack(0x00007fcddc435000,0x00007fcddc535000)]
  0x00007fcdd80f2430 JavaThread "C2 CompilerThread0" daemon [_thread_blocked, id=2200, stack(0x00007fcddc334000,0x00007fcddc434000)]
  0x00007fcdd80f3960 JavaThread "C1 CompilerThread0" daemon [_thread_blocked, id=2201, stack(0x00007fcddc233000,0x00007fcddc333000)]
  0x00007fcdd80f4dd0 JavaThread "Sweeper thread" daemon [_thread_blocked, id=2202, stack(0x00007fcddc132000,0x00007fcddc232000)]
  0x00007fcdd8100750 JavaThread "Common-Cleaner" daemon [_thread_blocked, id=2203, stack(0x00007fcddc031000,0x00007fcddc131000)]
  0x00007fcdd81b3a00 JavaThread "Notification Thread" daemon [_thread_blocked, id=2204, stack(0x00007fcdb944d000,0x00007fcdb954d000)]
  0x00007fcdd9061010 JavaThread "Daemon health stats" [_thread_blocked, id=2210, stack(0x00007fcdb8f00000,0x00007fcdb9000000)]
  0x00007fcdd90dc2f0 JavaThread "Incoming local TCP Connector on port 46225" [_thread_in_native, id=2211, stack(0x00007fcdb8b00000,0x00007fcdb8c00000)]
  0x00007fcdd91061d0 JavaThread "Daemon periodic checks" [_thread_blocked, id=2212, stack(0x00007fcdb89ff000,0x00007fcdb8aff000)]
  0x00007fcd48016e10 JavaThread "Daemon" [_thread_blocked, id=2213, stack(0x00007fcdb88fe000,0x00007fcdb89fe000)]
  0x00007fcd50002c50 JavaThread "Handler for socket connection from /127.0.0.1:46225 to /127.0.0.1:39088" [_thread_in_native, id=2214, stack(0x00007fcdb87fd000,0x00007fcdb88fd000)]
  0x00007fcd50008090 JavaThread "Cancel handler" [_thread_blocked, id=2216, stack(0x00007fcdb86fc000,0x00007fcdb87fc000)]
  0x00007fcd5000d060 JavaThread "Daemon worker" [_thread_blocked, id=2217, stack(0x00007fcdb85fb000,0x00007fcdb86fb000)]
  0x00007fcd9c0038e0 JavaThread "Asynchronous log dispatcher for DefaultDaemonConnection: socket connection from /127.0.0.1:46225 to /127.0.0.1:39088" [_thread_blocked, id=2220, stack(0x00007fcdb84fa000,0x00007fcdb85fa000)]
  0x00007fcd9c009ff0 JavaThread "Stdin handler" [_thread_blocked, id=2221, stack(0x00007fcdb83f9000,0x00007fcdb84f9000)]
  0x00007fcd9c00d220 JavaThread "Daemon client event forwarder" [_thread_blocked, id=2222, stack(0x00007fcdb82f8000,0x00007fcdb83f8000)]
  0x00007fcd9c1947e0 JavaThread "Cache worker for journal cache (/root/.gradle/caches/journal-1)" [_thread_blocked, id=2224, stack(0x00007fcdb81f7000,0x00007fcdb82f7000)]
  0x00007fcd9c19ef80 JavaThread "File lock request listener" [_thread_in_native, id=2225, stack(0x00007fcdb80f6000,0x00007fcdb81f6000)]
  0x00007fcd9c250420 JavaThread "Cache worker for file hash cache (/root/.gradle/caches/8.2/fileHashes)" [_thread_blocked, id=2226, stack(0x00007fcda9f00000,0x00007fcdaa000000)]
  0x00007fcd9c8afb80 JavaThread "Cache worker for checksums cache (/workspace/.gradle/8.2/checksums)" [_thread_blocked, id=2229, stack(0x00007fcda9dff000,0x00007fcda9eff000)]
  0x00007fcd9c8bf650 JavaThread "Cache worker for cache directory md-rule (/root/.gradle/caches/8.2/md-rule)" [_thread_blocked, id=2230, stack(0x00007fcda9cfe000,0x00007fcda9dfe000)]
  0x00007fcd9c8cfa20 JavaThread "Cache worker for file content cache (/root/.gradle/caches/8.2/fileContent)" [_thread_blocked, id=2231, stack(0x00007fcda9bfd000,0x00007fcda9cfd000)]
  0x00007fcd9c91a410 JavaThread "Cache worker for file hash cache (/workspace/.gradle/8.2/fileHashes)" [_thread_blocked, id=2232, stack(0x00007fcda9afc000,0x00007fcda9bfc000)]
  0x00007fcd9c929290 JavaThread "Cache worker for cache directory md-supplier (/root/.gradle/caches/8.2/md-supplier)" [_thread_blocked, id=2233, stack(0x00007fcda99fb000,0x00007fcda9afb000)]
  0x00007fcd9c9911a0 JavaThread "Cache worker for execution history cache (/root/.gradle/caches/8.2/executionHistory)" [_thread_blocked, id=2236, stack(0x00007fcda97f9000,0x00007fcda98f9000)]
  0x00007fcd9c53bd60 JavaThread "jar transforms" [_thread_blocked, id=2239, stack(0x00007fcda96f8000,0x00007fcda97f8000)]
  0x00007fcd9c36a090 JavaThread "jar transforms Thread 2" [_thread_blocked, id=2242, stack(0x00007fcda95f7000,0x00007fcda96f7000)]
  0x00007fcd9c7f4090 JavaThread "Cache worker for dependencies-accessors (/workspace/.gradle/8.2/dependencies-accessors)" [_thread_blocked, id=2243, stack(0x00007fcda94f6000,0x00007fcda95f6000)]
  0x00007fcd9c316a70 JavaThread "Cache worker for Build Output Cleanup Cache (/workspace/buildSrc/.gradle/buildOutputCleanup)" [_thread_blocked, id=2245, stack(0x00007fcda93f5000,0x00007fcda94f5000)]
  0x00007fcd9cbc6b00 JavaThread "Memory manager" [_thread_blocked, id=2247, stack(0x00007fcda92f4000,0x00007fcda93f4000)]
  0x00007fcd9cefbca0 JavaThread "included builds" [_thread_blocked, id=2252, stack(0x00007fcda91f3000,0x00007fcda92f3000)]
  0x00007fcdac0097d0 JavaThread "Execution worker" [_thread_blocked, id=2253, stack(0x00007fcda90f2000,0x00007fcda91f2000)]
  0x00007fcdb4025350 JavaThread "Cache worker for execution history cache (/workspace/buildSrc/.gradle/8.2/executionHistory)" [_thread_blocked, id=2254, stack(0x00007fcda8ff1000,0x00007fcda90f1000)]
  0x00007fcdb40b9bd0 JavaThread "Unconstrained build operations" [_thread_blocked, id=2256, stack(0x00007fcda8ef0000,0x00007fcda8ff0000)]
  0x00007fcd9ce5d6e0 JavaThread "Unconstrained build operations Thread 2" [_thread_blocked, id=2258, stack(0x00007fcda8def000,0x00007fcda8eef000)]
  0x00007fcd9d16ac10 JavaThread "Cache worker for Build Output Cleanup Cache (/workspace/.gradle/buildOutputCleanup)" [_thread_blocked, id=2267, stack(0x00007fcda8cee000,0x00007fcda8dee000)]
  0x00007fcd9d349930 JavaThread "process reaper" daemon [_thread_blocked, id=2270, stack(0x00007fcdb921b000,0x00007fcdb923d000)]
  0x00007fcd9d569c10 JavaThread "Keep-Alive-Timer" daemon [_thread_blocked, id=2278, stack(0x00007fcda8bed000,0x00007fcda8ced000)]
  0x00007fcd9cc3d580 JavaThread "Unconstrained build operations Thread 3" [_thread_blocked, id=2282, stack(0x00007fcda8aec000,0x00007fcda8bec000)]
  0x00007fcd9cca6d70 JavaThread "pool-1-thread-1" [_thread_blocked, id=2283, stack(0x00007fcda89eb000,0x00007fcda8aeb000)]
  0x00007fcd9cca8050 JavaThread "pool-1-thread-2" [_thread_blocked, id=2284, stack(0x00007fcda88ea000,0x00007fcda89ea000)]

Other Threads:
=>0x00007fcdd80e2140 VMThread "VM Thread" [stack: 0x00007fcddc991000,0x00007fcddca91000] [id=2194]
  0x00007fcdd801cad0 WatcherThread [stack: 0x00007fcdb934c000,0x00007fcdb944c000] [id=2205]
  0x00007fcdd8086000 GCTaskThread "GC Thread#0" [stack: 0x00007fcddd2bd000,0x00007fcddd3bd000] [id=2189]
  0x00007fcd54004990 GCTaskThread "GC Thread#1" [stack: 0x00007fcdb924b000,0x00007fcdb934b000] [id=2206]
  0x00007fcdd80975e0 ConcurrentGCThread "G1 Main Marker" [stack: 0x00007fcddd1bc000,0x00007fcddd2bc000] [id=2190]
  0x00007fcdd8098550 ConcurrentGCThread "G1 Conc#0" [stack: 0x00007fcddd0bb000,0x00007fcddd1bb000] [id=2191]
  0x00007fcdd80b4780 ConcurrentGCThread "G1 Refine#0" [stack: 0x00007fcddcdb8000,0x00007fcddceb8000] [id=2192]
  0x00007fcda4009320 ConcurrentGCThread "G1 Refine#1" [stack: 0x00007fcda98fa000,0x00007fcda99fa000] [id=2235]
  0x00007fcdd80b5680 ConcurrentGCThread "G1 Service" [stack: 0x00007fcddccb7000,0x00007fcddcdb7000] [id=2193]

Threads with active compile tasks:

VM state: at safepoint (normal execution)

VM Mutex/Monitor currently owned by a thread:  ([mutex/lock_event])
[0x00007fcdd8017550] Threads_lock - owner thread: 0x00007fcdd80e2140
[0x00007fcdd8017d00] Heap_lock - owner thread: 0x00007fcd5000d060

Heap address: 0x0000000700000000, size: 4096 MB, Compressed Oops mode: Zero based, Oop shift amount: 3

CDS archive(s) mapped at: [0x00007fcd5b000000-0x00007fcd5bbca000-0x00007fcd5bbca000), size 12361728, SharedBaseAddress: 0x00007fcd5b000000, ArchiveRelocationMode: 1.
Compressed class space mapped at: 0x00007fcd5c000000-0x00007fcd9c000000, reserved size: 1073741824
Narrow klass base: 0x00007fcd5b000000, Narrow klass shift: 0, Narrow klass range: 0x100000000

GC Precious Log:
 CPUs: 2 total, 2 available
 Memory: 2048M
 Large Page Support: Disabled
 NUMA Support: Disabled
 Compressed Oops: Enabled (Zero based)
 Heap Region Size: 2M
 Heap Min Capacity: 8M
 Heap Initial Capacity: 32M
 Heap Max Capacity: 4G
 Pre-touch: Disabled
 Parallel Workers: 2
 Concurrent Workers: 1
 Concurrent Refinement Workers: 2
 Periodic GC: Disabled

Heap:
 garbage-first heap   total 651264K, used 469940K [0x0000000700000000, 0x0000000800000000)
  region size 2048K, 4 young (8192K), 4 survivors (8192K)
 Metaspace       used 65588K, committed 66240K, reserved 1114112K
  class space    used 9093K, committed 9408K, reserved 1048576K

Heap Regions: E=young(eden), S=young(survivor), O=old, HS=humongous(starts), HC=humongous(continues), CS=collection set, F=free, OA=open archive, CA=closed archive, TAMS=top-at-mark-start (previous, next)
|   0|0x0000000700000000, 0x0000000700200000, 0x0000000700200000|100%|HS|  |TAMS 0x0000000700200000, 0x0000000700200000| Complete 
|   1|0x0000000700200000, 0x0000000700400000, 0x0000000700400000|100%|HC|  |TAMS 0x0000000700400000, 0x0000000700400000| Complete 
|   2|0x0000000700400000, 0x0000000700600000, 0x0000000700600000|100%| O|  |TAMS 0x0000000700600000, 0x0000000700600000| Untracked 
|   3|0x0000000700600000, 0x0000000700800000, 0x0000000700800000|100%| O|  |TAMS 0x0000000700800000, 0x0000000700800000| Untracked 
|   4|0x0000000700800000, 0x0000000700a00000, 0x0000000700a00000|100%| O|  |TAMS 0x0000000700a00000, 0x0000000700a00000| Untracked 
|   5|0x0000000700a00000, 0x0000000700c00000, 0x0000000700c00000|100%| O|  |TAMS 0x0000000700c00000, 0x0000000700c00000| Untracked 
|   6|0x0000000700c00000, 0x0000000700e00000, 0x0000000700e00000|100%| O|  |TAMS 0x0000000700e00000, 0x0000000700e00000| Untracked 
|   7|0x0000000700e00000, 0x0000000701000000, 0x0000000701000000|100%| O|  |TAMS 0x0000000701000000, 0x0000000701000000| Untracked 
|   8|0x0000000701000000, 0x0000000701200000, 0x0000000701200000|100%| O|  |TAMS 0x0000000701200000, 0x0000000701200000| Untracked 
|   9|0x0000000701200000, 0x0000000701400000, 0x0000000701400000|100%| O|  |TAMS 0x0000000701400000, 0x0000000701400000| Untracked 
|  10|0x0000000701400000, 0x0000000701600000, 0x0000000701600000|100%| O|  |TAMS 0x0000000701600000, 0x0000000701600000| Untracked 
|  11|0x0000000701600000, 0x0000000701800000, 0x0000000701800000|100%| O|  |TAMS 0x0000000701800000, 0x0000000701800000| Untracked 
|  12|0x0000000701800000, 0x0000000701a00000, 0x0000000701a00000|100%| O|  |TAMS 0x0000000701a00000, 0x0000000701a00000| Untracked 
|  13|0x0000000701a00000, 0x0000000701c00000, 0x0000000701c00000|100%| O|  |TAMS 0x0000000701c00000, 0x0000000701c00000| Untracked 
|  14|0x0000000701c00000, 0x0000000701e00000, 0x0000000701e00000|100%| O|  |TAMS 0x0000000701e00000, 0x0000000701e00000| Untracked 
|  15|0x0000000701e00000, 0x0000000702000000, 0x0000000702000000|100%| O|  |TAMS 0x0000000702000000, 0x0000000702000000| Untracked 
|  16|0x0000000702000000, 0x0000000702200000, 0x0000000702200000|100%| O|  |TAMS 0x0000000702200000, 0x0000000702200000| Untracked 
|  17|0x0000000702200000, 0x0000000702400000, 0x0000000702400000|100%| O|  |TAMS 0x0000000702400000, 0x0000000702400000| Untracked 
|  18|0x0000000702400000, 0x0000000702600000, 0x0000000702600000|100%| O|  |TAMS 0x0000000702600000, 0x0000000702600000| Untracked 
|  19|0x0000000702600000, 0x0000000702800000, 0x0000000702800000|100%| O|  |TAMS 0x0000000702800000, 0x0000000702800000| Untracked 
|  20|0x0000000702800000, 0x0000000702a00000, 0x0000000702a00000|100%| O|  |TAMS 0x0000000702a00000, 0x0000000702a00000| Untracked 
|  21|0x0000000702a00000, 0x0000000702c00000, 0x0000000702c00000|100%| O|  |TAMS 0x0000000702c00000, 0x0000000702c00000| Untracked 
|  22|0x0000000702c00000, 0x0000000702e00000, 0x0000000702e00000|100%| O|  |TAMS 0x0000000702e00000, 0x0000000702e00000| Untracked 
|  23|0x0000000702e00000, 0x0000000703000000, 0x0000000703000000|100%| O|  |TAMS 0x0000000703000000, 0x0000000703000000| Untracked 
|  24|0x0000000703000000, 0x0000000703200000, 0x0000000703200000|100%| O|  |TAMS 0x0000000703200000, 0x0000000703200000| Untracked 
|  25|0x0000000703200000, 0x0000000703400000, 0x0000000703400000|100%| O|  |TAMS 0x0000000703400000, 0x0000000703400000| Untracked 
|  26|0x0000000703400000, 0x0000000703600000, 0x0000000703600000|100%| O|  |TAMS 0x0000000703600000, 0x0000000703600000| Untracked 
|  27|0x0000000703600000, 0x0000000703800000, 0x0000000703800000|100%| O|  |TAMS 0x0000000703800000, 0x0000000703800000| Untracked 
|  28|0x0000000703800000, 0x0000000703a00000, 0x0000000703a00000|100%| O|  |TAMS 0x0000000703a00000, 0x0000000703a00000| Untracked 
|  29|0x0000000703a00000, 0x0000000703c00000, 0x0000000703c00000|100%| O|  |TAMS 0x0000000703c00000, 0x0000000703c00000| Untracked 
|  30|0x0000000703c00000, 0x0000000703e00000, 0x0000000703e00000|100%| O|  |TAMS 0x0000000703e00000, 0x0000000703e00000| Untracked 
|  31|0x0000000703e00000, 0x0000000704000000, 0x0000000704000000|100%| O|  |TAMS 0x0000000704000000, 0x0000000704000000| Untracked 
|  32|0x0000000704000000, 0x0000000704200000, 0x0000000704200000|100%| O|  |TAMS 0x0000000704200000, 0x0000000704200000| Untracked 
|  33|0x0000000704200000, 0x0000000704400000, 0x0000000704400000|100%| O|  |TAMS 0x0000000704400000, 0x0000000704400000| Untracked 
|  34|0x0000000704400000, 0x0000000704600000, 0x0000000704600000|100%| O|  |TAMS 0x0000000704600000, 0x0000000704600000| Untracked 
|  35|0x0000000704600000, 0x0000000704800000, 0x0000000704800000|100%| O|  |TAMS 0x0000000704800000, 0x0000000704800000| Untracked 
|  36|0x0000000704800000, 0x0000000704a00000, 0x0000000704a00000|100%| O|  |TAMS 0x0000000704a00000, 0x0000000704a00000| Untracked 
|  37|0x0000000704a00000, 0x0000000704c00000, 0x0000000704c00000|100%| O|  |TAMS 0x0000000704c00000, 0x0000000704c00000| Untracked 
|  38|0x0000000704c00000, 0x0000000704e00000, 0x0000000704e00000|100%|HS|  |TAMS 0x0000000704e00000, 0x0000000704e00000| Complete 
|  39|0x0000000704e00000, 0x0000000705000000, 0x0000000705000000|100%| O|  |TAMS 0x0000000705000000, 0x0000000705000000| Untracked 
|  40|0x0000000705000000, 0x0000000705200000, 0x0000000705200000|100%| O|  |TAMS 0x0000000705200000, 0x0000000705200000| Untracked 
|  41|0x0000000705200000, 0x0000000705400000, 0x0000000705400000|100%| O|  |TAMS 0x0000000705400000, 0x0000000705400000| Untracked 
|  42|0x0000000705400000, 0x0000000705600000, 0x0000000705600000|100%| O|  |TAMS 0x0000000705600000, 0x0000000705600000| Untracked 
|  43|0x0000000705600000, 0x0000000705800000, 0x0000000705800000|100%| O|  |TAMS 0x0000000705800000, 0x0000000705800000| Untracked 
|  44|0x0000000705800000, 0x0000000705a00000, 0x0000000705a00000|100%| O|  |TAMS 0x0000000705a00000, 0x0000000705a00000| Untracked 
|  45|0x0000000705a00000, 0x0000000705c00000, 0x0000000705c00000|100%| O|  |TAMS 0x0000000705c00000, 0x0000000705c00000| Untracked 
|  46|0x0000000705c00000, 0x0000000705e00000, 0x0000000705e00000|100%| O|  |TAMS 0x0000000705c00000, 0x0000000705e00000| Untracked 
|  47|0x0000000705e00000, 0x0000000706000000, 0x0000000706000000|100%| O|  |TAMS 0x0000000705e00000, 0x0000000706000000| Untracked 
|  48|0x0000000706000000, 0x0000000706200000, 0x0000000706200000|100%| O|  |TAMS 0x0000000706000000, 0x0000000706200000| Untracked 
|  49|0x0000000706200000, 0x0000000706400000, 0x0000000706400000|100%| O|  |TAMS 0x0000000706200000, 0x0000000706400000| Untracked 
|  50|0x0000000706400000, 0x0000000706600000, 0x0000000706600000|100%| O|  |TAMS 0x0000000706400000, 0x0000000706600000| Untracked 
|  51|0x0000000706600000, 0x0000000706800000, 0x0000000706800000|100%| O|  |TAMS 0x0000000706600000, 0x0000000706800000| Untracked 
|  52|0x0000000706800000, 0x0000000706a00000, 0x0000000706a00000|100%| O|  |TAMS 0x0000000706800000, 0x0000000706a00000| Untracked 
|  53|0x0000000706a00000, 0x0000000706c00000, 0x0000000706c00000|100%| O|  |TAMS 0x0000000706a00000, 0x0000000706c00000| Untracked 
|  54|0x0000000706c00000, 0x0000000706e00000, 0x0000000706e00000|100%| O|  |TAMS 0x0000000706c00000, 0x0000000706e00000| Untracked 
|  55|0x0000000706e00000, 0x0000000707000000, 0x0000000707000000|100%| O|  |TAMS 0x0000000706e00000, 0x0000000707000000| Untracked 
|  56|0x0000000707000000, 0x0000000707200000, 0x0000000707200000|100%| O|  |TAMS 0x0000000707000000, 0x0000000707200000| Untracked 
|  57|0x0000000707200000, 0x0000000707400000, 0x0000000707400000|100%| O|  |TAMS 0x0000000707200000, 0x0000000707400000| Untracked 
|  58|0x0000000707400000, 0x0000000707600000, 0x0000000707600000|100%| O|  |TAMS 0x0000000707400000, 0x0000000707600000| Untracked 
|  59|0x0000000707600000, 0x0000000707800000, 0x0000000707800000|100%| O|  |TAMS 0x0000000707600000, 0x0000000707800000| Untracked 
|  60|0x0000000707800000, 0x0000000707a00000, 0x0000000707a00000|100%| O|  |TAMS 0x0000000707800000, 0x0000000707a00000| Untracked 
|  61|0x0000000707a00000, 0x0000000707c00000, 0x0000000707c00000|100%| O|  |TAMS 0x0000000707a00000, 0x0000000707c00000| Untracked 
|  62|0x0000000707c00000, 0x0000000707e00000, 0x0000000707e00000|100%| O|  |TAMS 0x0000000707c00000, 0x0000000707e00000| Untracked 
|  63|0x0000000707e00000, 0x0000000708000000, 0x0000000708000000|100%| O|  |TAMS 0x0000000707e00000, 0x0000000708000000| Untracked 
|  64|0x0000000708000000, 0x0000000708200000, 0x0000000708200000|100%| O|  |TAMS 0x0000000708000000, 0x0000000708200000| Untracked 
|  65|0x0000000708200000, 0x0000000708400000, 0x0000000708400000|100%| O|  |TAMS 0x0000000708200000, 0x0000000708400000| Untracked 
|  66|0x0000000708400000, 0x0000000708600000, 0x0000000708600000|100%| O|  |TAMS 0x0000000708400000, 0x0000000708600000| Untracked 
|  67|0x0000000708600000, 0x0000000708800000, 0x0000000708800000|100%| O|  |TAMS 0x0000000708600000, 0x0000000708800000| Untracked 
|  68|0x0000000708800000, 0x0000000708a00000, 0x0000000708a00000|100%| O|  |TAMS 0x0000000708800000, 0x0000000708a00000| Untracked 
|  69|0x0000000708a00000, 0x0000000708c00000, 0x0000000708c00000|100%| O|  |TAMS 0x0000000708a00000, 0x0000000708c00000| Untracked 
|  70|0x0000000708c00000, 0x0000000708e00000, 0x0000000708e00000|100%| O|  |TAMS 0x0000000708c00000, 0x0000000708e00000| Untracked 
|  71|0x0000000708e00000, 0x0000000709000000, 0x0000000709000000|100%| O|  |TAMS 0x0000000708e00000, 0x0000000709000000| Untracked 
|  72|0x0000000709000000, 0x0000000709200000, 0x0000000709200000|100%| O|  |TAMS 0x0000000709000000, 0x0000000709200000| Untracked 
|  73|0x0000000709200000, 0x0000000709400000, 0x0000000709400000|100%| O|  |TAMS 0x0000000709200000, 0x0000000709400000| Untracked 
|  74|0x0000000709400000, 0x0000000709600000, 0x0000000709600000|100%| O|  |TAMS 0x0000000709400000, 0x0000000709600000| Untracked 
|  75|0x0000000709600000, 0x0000000709800000, 0x0000000709800000|100%| O|  |TAMS 0x0000000709600000, 0x0000000709800000| Untracked 
|  76|0x0000000709800000, 0x0000000709a00000, 0x0000000709a00000|100%| O|  |TAMS 0x0000000709800000, 0x0000000709a00000| Untracked 
|  77|0x0000000709a00000, 0x0000000709c00000, 0x0000000709c00000|100%| O|  |TAMS 0x0000000709a00000, 0x0000000709c00000| Untracked 
|  78|0x0000000709c00000, 0x0000000709e00000, 0x0000000709e00000|100%| O|  |TAMS 0x0000000709c00000, 0x0000000709e00000| Untracked 
|  79|0x0000000709e00000, 0x000000070a000000, 0x000000070a000000|100%| O|  |TAMS 0x0000000709e00000, 0x000000070a000000| Untracked 
|  80|0x000000070a000000, 0x000000070a200000, 0x000000070a200000|100%| O|  |TAMS 0x000000070a000000, 0x000000070a200000| Untracked 
|  81|0x000000070a200000, 0x000000070a400000, 0x000000070a400000|100%| O|  |TAMS 0x000000070a200000, 0x000000070a400000| Untracked 
|  82|0x000000070a400000, 0x000000070a600000, 0x000000070a600000|100%| O|  |TAMS 0x000000070a400000, 0x000000070a600000| Untracked 
|  83|0x000000070a600000, 0x000000070a800000, 0x000000070a800000|100%| O|  |TAMS 0x000000070a600000, 0x000000070a800000| Untracked 
|  84|0x000000070a800000, 0x000000070aa00000, 0x000000070aa00000|100%| O|  |TAMS 0x000000070a800000, 0x000000070aa00000| Untracked 
|  85|0x000000070aa00000, 0x000000070ac00000, 0x000000070ac00000|100%| O|  |TAMS 0x000000070aa00000, 0x000000070ac00000| Untracked 
|  86|0x000000070ac00000, 0x000000070ae00000, 0x000000070ae00000|100%| O|  |TAMS 0x000000070ac00000, 0x000000070ae00000| Untracked 
|  87|0x000000070ae00000, 0x000000070b000000, 0x000000070b000000|100%| O|  |TAMS 0x000000070ae00000, 0x000000070b000000| Untracked 
|  88|0x000000070b000000, 0x000000070b200000, 0x000000070b200000|100%| O|  |TAMS 0x000000070b000000, 0x000000070b200000| Untracked 
|  89|0x000000070b200000, 0x000000070b400000, 0x000000070b400000|100%| O|  |TAMS 0x000000070b200000, 0x000000070b400000| Untracked 
|  90|0x000000070b400000, 0x000000070b600000, 0x000000070b600000|100%| O|  |TAMS 0x000000070b400000, 0x000000070b600000| Untracked 
|  91|0x000000070b600000, 0x000000070b800000, 0x000000070b800000|100%| O|  |TAMS 0x000000070b600000, 0x000000070b800000| Untracked 
|  92|0x000000070b800000, 0x000000070ba00000, 0x000000070ba00000|100%| O|  |TAMS 0x000000070b800000, 0x000000070ba00000| Untracked 
|  93|0x000000070ba00000, 0x000000070bc00000, 0x000000070bc00000|100%| O|  |TAMS 0x000000070ba00000, 0x000000070bc00000| Untracked 
|  94|0x000000070bc00000, 0x000000070be00000, 0x000000070be00000|100%| O|  |TAMS 0x000000070bc00000, 0x000000070be00000| Untracked 
|  95|0x000000070be00000, 0x000000070c000000, 0x000000070c000000|100%| O|  |TAMS 0x000000070be00000, 0x000000070c000000| Untracked 
|  96|0x000000070c000000, 0x000000070c200000, 0x000000070c200000|100%| O|  |TAMS 0x000000070c000000, 0x000000070c200000| Untracked 
|  97|0x000000070c200000, 0x000000070c400000, 0x000000070c400000|100%| O|  |TAMS 0x000000070c200000, 0x000000070c400000| Untracked 
|  98|0x000000070c400000, 0x000000070c600000, 0x000000070c600000|100%| O|  |TAMS 0x000000070c400000, 0x000000070c600000| Untracked 
|  99|0x000000070c600000, 0x000000070c800000, 0x000000070c800000|100%| O|  |TAMS 0x000000070c600000, 0x000000070c800000| Untracked 
| 100|0x000000070c800000, 0x000000070ca00000, 0x000000070ca00000|100%| O|  |TAMS 0x000000070c800000, 0x000000070ca00000| Untracked 
| 101|0x000000070ca00000, 0x000000070cc00000, 0x000000070cc00000|100%| O|  |TAMS 0x000000070ca00000, 0x000000070cc00000| Untracked 
| 102|0x000000070cc00000, 0x000000070ce00000, 0x000000070ce00000|100%| O|  |TAMS 0x000000070cc00000, 0x000000070ce00000| Untracked 
| 103|0x000000070ce00000, 0x000000070d000000, 0x000000070d000000|100%| O|  |TAMS 0x000000070ce00000, 0x000000070d000000| Untracked 
| 104|0x000000070d000000, 0x000000070d200000, 0x000000070d200000|100%| O|  |TAMS 0x000000070d000000, 0x000000070d200000| Untracked 
| 105|0x000000070d200000, 0x000000070d400000, 0x000000070d400000|100%| O|  |TAMS 0x000000070d200000, 0x000000070d400000| Untracked 
| 106|0x000000070d400000, 0x000000070d600000, 0x000000070d600000|100%| O|  |TAMS 0x000000070d400000, 0x000000070d600000| Untracked 
| 107|0x000000070d600000, 0x000000070d800000, 0x000000070d800000|100%| O|  |TAMS 0x000000070d600000, 0x000000070d800000| Untracked 
| 108|0x000000070d800000, 0x000000070da00000, 0x000000070da00000|100%| O|  |TAMS 0x000000070d800000, 0x000000070da00000| Untracked 
| 109|0x000000070da00000, 0x000000070dc00000, 0x000000070dc00000|100%| O|  |TAMS 0x000000070da00000, 0x000000070dc00000| Untracked 
| 110|0x000000070dc00000, 0x000000070de00000, 0x000000070de00000|100%| O|  |TAMS 0x000000070dc00000, 0x000000070de00000| Untracked 
| 111|0x000000070de00000, 0x000000070e000000, 0x000000070e000000|100%| O|  |TAMS 0x000000070de00000, 0x000000070e000000| Untracked 
| 112|0x000000070e000000, 0x000000070e200000, 0x000000070e200000|100%| O|  |TAMS 0x000000070e000000, 0x000000070e200000| Untracked 
| 113|0x000000070e200000, 0x000000070e400000, 0x000000070e400000|100%| O|  |TAMS 0x000000070e200000, 0x000000070e400000| Untracked 
| 114|0x000000070e400000, 0x000000070e600000, 0x000000070e600000|100%| O|  |TAMS 0x000000070e400000, 0x000000070e600000| Untracked 
| 115|0x000000070e600000, 0x000000070e800000, 0x000000070e800000|100%| O|  |TAMS 0x000000070e600000, 0x000000070e800000| Untracked 
| 116|0x000000070e800000, 0x000000070ea00000, 0x000000070ea00000|100%| O|  |TAMS 0x000000070e800000, 0x000000070ea00000| Untracked 
| 117|0x000000070ea00000, 0x000000070ec00000, 0x000000070ec00000|100%| O|  |TAMS 0x000000070ea00000, 0x000000070ec00000| Untracked 
| 118|0x000000070ec00000, 0x000000070ee00000, 0x000000070ee00000|100%| O|  |TAMS 0x000000070ec00000, 0x000000070ee00000| Untracked 
| 119|0x000000070ee00000, 0x000000070f000000, 0x000000070f000000|100%| O|  |TAMS 0x000000070ee00000, 0x000000070f000000| Untracked 
| 120|0x000000070f000000, 0x000000070f200000, 0x000000070f200000|100%| O|  |TAMS 0x000000070f000000, 0x000000070f200000| Untracked 
| 121|0x000000070f200000, 0x000000070f400000, 0x000000070f400000|100%| O|  |TAMS 0x000000070f200000, 0x000000070f400000| Untracked 
| 122|0x000000070f400000, 0x000000070f600000, 0x000000070f600000|100%| O|  |TAMS 0x000000070f400000, 0x000000070f600000| Untracked 
| 123|0x000000070f600000, 0x000000070f800000, 0x000000070f800000|100%| O|  |TAMS 0x000000070f600000, 0x000000070f800000| Untracked 
| 124|0x000000070f800000, 0x000000070fa00000, 0x000000070fa00000|100%| O|  |TAMS 0x000000070f800000, 0x000000070fa00000| Untracked 
| 125|0x000000070fa00000, 0x000000070fc00000, 0x000000070fc00000|100%| O|  |TAMS 0x000000070fa00000, 0x000000070fc00000| Untracked 
| 126|0x000000070fc00000, 0x000000070fe00000, 0x000000070fe00000|100%| O|  |TAMS 0x000000070fc00000, 0x000000070fe00000| Untracked 
| 127|0x000000070fe00000, 0x0000000710000000, 0x0000000710000000|100%| O|  |TAMS 0x000000070fe00000, 0x0000000710000000| Untracked 
| 128|0x0000000710000000, 0x0000000710200000, 0x0000000710200000|100%| O|  |TAMS 0x0000000710000000, 0x0000000710200000| Untracked 
| 129|0x0000000710200000, 0x0000000710400000, 0x0000000710400000|100%| O|  |TAMS 0x0000000710200000, 0x0000000710400000| Untracked 
| 130|0x0000000710400000, 0x0000000710600000, 0x0000000710600000|100%| O|  |TAMS 0x0000000710400000, 0x0000000710600000| Untracked 
| 131|0x0000000710600000, 0x0000000710800000, 0x0000000710800000|100%| O|  |TAMS 0x0000000710600000, 0x0000000710800000| Untracked 
| 132|0x0000000710800000, 0x0000000710a00000, 0x0000000710a00000|100%| O|  |TAMS 0x0000000710800000, 0x0000000710a00000| Untracked 
| 133|0x0000000710a00000, 0x0000000710c00000, 0x0000000710c00000|100%| O|  |TAMS 0x0000000710a00000, 0x0000000710c00000| Untracked 
| 134|0x0000000710c00000, 0x0000000710e00000, 0x0000000710e00000|100%| O|  |TAMS 0x0000000710c00000, 0x0000000710e00000| Untracked 
| 135|0x0000000710e00000, 0x0000000711000000, 0x0000000711000000|100%| O|  |TAMS 0x0000000710e00000, 0x0000000711000000| Untracked 
| 136|0x0000000711000000, 0x0000000711200000, 0x0000000711200000|100%| O|  |TAMS 0x0000000711000000, 0x0000000711200000| Untracked 
| 137|0x0000000711200000, 0x0000000711400000, 0x0000000711400000|100%| O|  |TAMS 0x0000000711200000, 0x0000000711400000| Untracked 
| 138|0x0000000711400000, 0x0000000711600000, 0x0000000711600000|100%| O|  |TAMS 0x0000000711400000, 0x0000000711600000| Untracked 
| 139|0x0000000711600000, 0x0000000711800000, 0x0000000711800000|100%| O|  |TAMS 0x0000000711600000, 0x0000000711800000| Untracked 
| 140|0x0000000711800000, 0x0000000711a00000, 0x0000000711a00000|100%| O|  |TAMS 0x0000000711800000, 0x0000000711a00000| Untracked 
| 141|0x0000000711a00000, 0x0000000711c00000, 0x0000000711c00000|100%| O|  |TAMS 0x0000000711a00000, 0x0000000711c00000| Untracked 
| 142|0x0000000711c00000, 0x0000000711e00000, 0x0000000711e00000|100%| O|  |TAMS 0x0000000711c00000, 0x0000000711e00000| Untracked 
| 143|0x0000000711e00000, 0x0000000712000000, 0x0000000712000000|100%| O|  |TAMS 0x0000000711e00000, 0x0000000712000000| Untracked 
| 144|0x0000000712000000, 0x0000000712200000, 0x0000000712200000|100%| O|  |TAMS 0x0000000712000000, 0x0000000712200000| Untracked 
| 145|0x0000000712200000, 0x0000000712400000, 0x0000000712400000|100%| O|  |TAMS 0x0000000712200000, 0x0000000712400000| Untracked 
| 146|0x0000000712400000, 0x0000000712600000, 0x0000000712600000|100%| O|  |TAMS 0x0000000712400000, 0x0000000712600000| Untracked 
| 147|0x0000000712600000, 0x0000000712800000, 0x0000000712800000|100%| O|  |TAMS 0x0000000712600000, 0x0000000712800000| Untracked 
| 148|0x0000000712800000, 0x0000000712a00000, 0x0000000712a00000|100%| O|  |TAMS 0x0000000712800000, 0x0000000712a00000| Untracked 
| 149|0x0000000712a00000, 0x0000000712c00000, 0x0000000712c00000|100%| O|  |TAMS 0x0000000712a00000, 0x0000000712c00000| Untracked 
| 150|0x0000000712c00000, 0x0000000712e00000, 0x0000000712e00000|100%| O|  |TAMS 0x0000000712c00000, 0x0000000712e00000| Untracked 
| 151|0x0000000712e00000, 0x0000000713000000, 0x0000000713000000|100%| O|  |TAMS 0x0000000712e00000, 0x0000000713000000| Untracked 
| 152|0x0000000713000000, 0x0000000713200000, 0x0000000713200000|100%| O|  |TAMS 0x0000000713000000, 0x0000000713200000| Untracked 
| 153|0x0000000713200000, 0x0000000713400000, 0x0000000713400000|100%| O|  |TAMS 0x0000000713200000, 0x0000000713400000| Untracked 
| 154|0x0000000713400000, 0x0000000713600000, 0x0000000713600000|100%| O|  |TAMS 0x0000000713400000, 0x0000000713600000| Untracked 
| 155|0x0000000713600000, 0x0000000713800000, 0x0000000713800000|100%| O|  |TAMS 0x0000000713600000, 0x0000000713600000| Untracked 
| 156|0x0000000713800000, 0x0000000713a00000, 0x0000000713a00000|100%| O|  |TAMS 0x0000000713800000, 0x0000000713800000| Untracked 
| 157|0x0000000713a00000, 0x0000000713c00000, 0x0000000713c00000|100%| O|  |TAMS 0x0000000713a00000, 0x0000000713a00000| Untracked 
| 158|0x0000000713c00000, 0x0000000713e00000, 0x0000000713e00000|100%| O|  |TAMS 0x0000000713c00000, 0x0000000713c00000| Untracked 
| 159|0x0000000713e00000, 0x0000000714000000, 0x0000000714000000|100%| O|  |TAMS 0x0000000713e00000, 0x0000000713e00000| Untracked 
| 160|0x0000000714000000, 0x0000000714200000, 0x0000000714200000|100%| O|  |TAMS 0x0000000714000000, 0x0000000714000000| Untracked 
| 161|0x0000000714200000, 0x0000000714400000, 0x0000000714400000|100%| O|  |TAMS 0x0000000714200000, 0x0000000714200000| Untracked 
| 162|0x0000000714400000, 0x0000000714600000, 0x0000000714600000|100%| O|  |TAMS 0x0000000714400000, 0x0000000714400000| Untracked 
| 163|0x0000000714600000, 0x0000000714800000, 0x0000000714800000|100%| O|  |TAMS 0x0000000714600000, 0x0000000714600000| Untracked 
| 164|0x0000000714800000, 0x0000000714a00000, 0x0000000714a00000|100%| O|  |TAMS 0x0000000714800000, 0x0000000714800000| Untracked 
| 165|0x0000000714a00000, 0x0000000714c00000, 0x0000000714c00000|100%| O|  |TAMS 0x0000000714a00000, 0x0000000714a00000| Untracked 
| 166|0x0000000714c00000, 0x0000000714e00000, 0x0000000714e00000|100%| O|  |TAMS 0x0000000714c00000, 0x0000000714c00000| Untracked 
| 167|0x0000000714e00000, 0x0000000715000000, 0x0000000715000000|100%| O|  |TAMS 0x0000000714e00000, 0x0000000714e00000| Untracked 
| 168|0x0000000715000000, 0x0000000715200000, 0x0000000715200000|100%| O|  |TAMS 0x0000000715000000, 0x0000000715000000| Untracked 
| 169|0x0000000715200000, 0x0000000715400000, 0x0000000715400000|100%| O|  |TAMS 0x0000000715200000, 0x0000000715200000| Untracked 
| 170|0x0000000715400000, 0x0000000715600000, 0x0000000715600000|100%| O|  |TAMS 0x0000000715400000, 0x0000000715400000| Untracked 
| 171|0x0000000715600000, 0x0000000715800000, 0x0000000715800000|100%| O|  |TAMS 0x0000000715600000, 0x0000000715600000| Untracked 
| 172|0x0000000715800000, 0x0000000715a00000, 0x0000000715a00000|100%| O|  |TAMS 0x0000000715800000, 0x0000000715800000| Untracked 
| 173|0x0000000715a00000, 0x0000000715c00000, 0x0000000715c00000|100%| O|  |TAMS 0x0000000715a00000, 0x0000000715a00000| Untracked 
| 174|0x0000000715c00000, 0x0000000715e00000, 0x0000000715e00000|100%| O|  |TAMS 0x0000000715c00000, 0x0000000715c00000| Untracked 
| 175|0x0000000715e00000, 0x0000000716000000, 0x0000000716000000|100%| O|  |TAMS 0x0000000715e00000, 0x0000000715e00000| Untracked 
| 176|0x0000000716000000, 0x0000000716200000, 0x0000000716200000|100%| O|  |TAMS 0x0000000716000000, 0x0000000716000000| Untracked 
| 177|0x0000000716200000, 0x0000000716400000, 0x0000000716400000|100%| O|  |TAMS 0x0000000716200000, 0x0000000716200000| Untracked 
| 178|0x0000000716400000, 0x0000000716600000, 0x0000000716600000|100%| O|  |TAMS 0x0000000716400000, 0x0000000716400000| Untracked 
| 179|0x0000000716600000, 0x0000000716800000, 0x0000000716800000|100%| O|  |TAMS 0x0000000716600000, 0x0000000716600000| Untracked 
| 180|0x0000000716800000, 0x0000000716a00000, 0x0000000716a00000|100%| O|  |TAMS 0x0000000716800000, 0x0000000716800000| Untracked 
| 181|0x0000000716a00000, 0x0000000716c00000, 0x0000000716c00000|100%| O|  |TAMS 0x0000000716a00000, 0x0000000716a00000| Untracked 
| 182|0x0000000716c00000, 0x0000000716e00000, 0x0000000716e00000|100%| O|  |TAMS 0x0000000716c00000, 0x0000000716c00000| Untracked 
| 183|0x0000000716e00000, 0x0000000717000000, 0x0000000717000000|100%| O|  |TAMS 0x0000000716e00000, 0x0000000716e00000| Untracked 
| 184|0x0000000717000000, 0x0000000717200000, 0x0000000717200000|100%| O|  |TAMS 0x0000000717000000, 0x0000000717000000| Untracked 
| 185|0x0000000717200000, 0x0000000717400000, 0x0000000717400000|100%| O|  |TAMS 0x0000000717200000, 0x0000000717200000| Untracked 
| 186|0x0000000717400000, 0x0000000717600000, 0x0000000717600000|100%| O|  |TAMS 0x0000000717400000, 0x0000000717400000| Untracked 
| 187|0x0000000717600000, 0x0000000717800000, 0x0000000717800000|100%| O|  |TAMS 0x0000000717600000, 0x0000000717600000| Untracked 
| 188|0x0000000717800000, 0x0000000717a00000, 0x0000000717a00000|100%| O|  |TAMS 0x0000000717800000, 0x0000000717800000| Untracked 
| 189|0x0000000717a00000, 0x0000000717c00000, 0x0000000717c00000|100%| O|  |TAMS 0x0000000717a00000, 0x0000000717a00000| Untracked 
| 190|0x0000000717c00000, 0x0000000717e00000, 0x0000000717e00000|100%| O|  |TAMS 0x0000000717c00000, 0x0000000717c00000| Untracked 
| 191|0x0000000717e00000, 0x0000000718000000, 0x0000000718000000|100%| O|  |TAMS 0x0000000717e00000, 0x0000000717e00000| Untracked 
| 192|0x0000000718000000, 0x0000000718200000, 0x0000000718200000|100%| O|  |TAMS 0x0000000718000000, 0x0000000718000000| Untracked 
| 193|0x0000000718200000, 0x0000000718400000, 0x0000000718400000|100%| O|  |TAMS 0x0000000718200000, 0x0000000718200000| Untracked 
| 194|0x0000000718400000, 0x0000000718600000, 0x0000000718600000|100%| O|  |TAMS 0x0000000718400000, 0x0000000718400000| Untracked 
| 195|0x0000000718600000, 0x0000000718800000, 0x0000000718800000|100%| O|  |TAMS 0x0000000718600000, 0x0000000718600000| Untracked 
| 196|0x0000000718800000, 0x0000000718a00000, 0x0000000718a00000|100%| O|  |TAMS 0x0000000718800000, 0x0000000718800000| Untracked 
| 197|0x0000000718a00000, 0x0000000718c00000, 0x0000000718c00000|100%| O|  |TAMS 0x0000000718a00000, 0x0000000718a00000| Untracked 
| 198|0x0000000718c00000, 0x0000000718e00000, 0x0000000718e00000|100%| O|  |TAMS 0x0000000718c00000, 0x0000000718c00000| Untracked 
| 199|0x0000000718e00000, 0x0000000719000000, 0x0000000719000000|100%| O|  |TAMS 0x0000000718e00000, 0x0000000718e00000| Untracked 
| 200|0x0000000719000000, 0x0000000719200000, 0x0000000719200000|100%| O|  |TAMS 0x0000000719000000, 0x0000000719000000| Untracked 
| 201|0x0000000719200000, 0x0000000719400000, 0x0000000719400000|100%| O|  |TAMS 0x0000000719200000, 0x0000000719200000| Untracked 
| 202|0x0000000719400000, 0x0000000719600000, 0x0000000719600000|100%| O|  |TAMS 0x0000000719400000, 0x0000000719400000| Untracked 
| 203|0x0000000719600000, 0x0000000719800000, 0x0000000719800000|100%| O|  |TAMS 0x0000000719600000, 0x0000000719600000| Untracked 
| 204|0x0000000719800000, 0x0000000719a00000, 0x0000000719a00000|100%| O|  |TAMS 0x0000000719800000, 0x0000000719800000| Untracked 
| 205|0x0000000719a00000, 0x0000000719c00000, 0x0000000719c00000|100%| O|  |TAMS 0x0000000719a00000, 0x0000000719a00000| Untracked 
| 206|0x0000000719c00000, 0x0000000719e00000, 0x0000000719e00000|100%| O|  |TAMS 0x0000000719c00000, 0x0000000719c00000| Untracked 
| 207|0x0000000719e00000, 0x000000071a000000, 0x000000071a000000|100%| O|  |TAMS 0x0000000719e00000, 0x0000000719e00000| Untracked 
| 208|0x000000071a000000, 0x000000071a200000, 0x000000071a200000|100%| O|  |TAMS 0x000000071a000000, 0x000000071a000000| Untracked 
| 209|0x000000071a200000, 0x000000071a400000, 0x000000071a400000|100%| O|  |TAMS 0x000000071a200000, 0x000000071a200000| Untracked 
| 210|0x000000071a400000, 0x000000071a600000, 0x000000071a600000|100%| O|  |TAMS 0x000000071a400000, 0x000000071a400000| Untracked 
| 211|0x000000071a600000, 0x000000071a800000, 0x000000071a800000|100%| O|  |TAMS 0x000000071a600000, 0x000000071a600000| Untracked 
| 212|0x000000071a800000, 0x000000071aa00000, 0x000000071aa00000|100%| O|  |TAMS 0x000000071a800000, 0x000000071a800000| Untracked 
| 213|0x000000071aa00000, 0x000000071ac00000, 0x000000071ac00000|100%| O|  |TAMS 0x000000071aa00000, 0x000000071aa00000| Untracked 
| 214|0x000000071ac00000, 0x000000071ae00000, 0x000000071ae00000|100%| O|  |TAMS 0x000000071ac00000, 0x000000071ac00000| Untracked 
| 215|0x000000071ae00000, 0x000000071b000000, 0x000000071b000000|100%| O|  |TAMS 0x000000071ae00000, 0x000000071ae00000| Untracked 
| 216|0x000000071b000000, 0x000000071b200000, 0x000000071b200000|100%| O|  |TAMS 0x000000071b000000, 0x000000071b000000| Untracked 
| 217|0x000000071b200000, 0x000000071b400000, 0x000000071b400000|100%| O|  |TAMS 0x000000071b200000, 0x000000071b200000| Untracked 
| 218|0x000000071b400000, 0x000000071b600000, 0x000000071b600000|100%| O|  |TAMS 0x000000071b400000, 0x000000071b400000| Untracked 
| 219|0x000000071b600000, 0x000000071b800000, 0x000000071b800000|100%| O|  |TAMS 0x000000071b600000, 0x000000071b600000| Untracked 
| 220|0x000000071b800000, 0x000000071ba00000, 0x000000071ba00000|100%| O|  |TAMS 0x000000071b800000, 0x000000071b800000| Untracked 
| 221|0x000000071ba00000, 0x000000071bc00000, 0x000000071bc00000|100%| O|  |TAMS 0x000000071ba00000, 0x000000071ba00000| Untracked 
| 222|0x000000071bc00000, 0x000000071be00000, 0x000000071be00000|100%| O|  |TAMS 0x000000071bc00000, 0x000000071bc00000| Untracked 
| 223|0x000000071be00000, 0x000000071c000000, 0x000000071c000000|100%| O|  |TAMS 0x000000071be00000, 0x000000071be00000| Untracked 
| 224|0x000000071c000000, 0x000000071c100000, 0x000000071c200000| 50%| O|  |TAMS 0x000000071c000000, 0x000000071c000000| Untracked 
| 225|0x000000071c200000, 0x000000071c200000, 0x000000071c400000|  0%| F|  |TAMS 0x000000071c200000, 0x000000071c200000| Untracked 
| 226|0x000000071c400000, 0x000000071c400000, 0x000000071c600000|  0%| F|  |TAMS 0x000000071c400000, 0x000000071c400000| Untracked 
| 227|0x000000071c600000, 0x000000071c600000, 0x000000071c800000|  0%| F|  |TAMS 0x000000071c600000, 0x000000071c600000| Untracked 
| 228|0x000000071c800000, 0x000000071c800000, 0x000000071ca00000|  0%| F|  |TAMS 0x000000071c800000, 0x000000071c800000| Untracked 
| 229|0x000000071ca00000, 0x000000071ca00000, 0x000000071cc00000|  0%| F|  |TAMS 0x000000071ca00000, 0x000000071ca00000| Untracked 
| 230|0x000000071cc00000, 0x000000071cc00000, 0x000000071ce00000|  0%| F|  |TAMS 0x000000071cc00000, 0x000000071cc00000| Untracked 
| 231|0x000000071ce00000, 0x000000071ce00000, 0x000000071d000000|  0%| F|  |TAMS 0x000000071ce00000, 0x000000071ce00000| Untracked 
| 232|0x000000071d000000, 0x000000071d000000, 0x000000071d200000|  0%| F|  |TAMS 0x000000071d000000, 0x000000071d000000| Untracked 
| 233|0x000000071d200000, 0x000000071d200000, 0x000000071d400000|  0%| F|  |TAMS 0x000000071d200000, 0x000000071d200000| Untracked 
| 234|0x000000071d400000, 0x000000071d400000, 0x000000071d600000|  0%| F|  |TAMS 0x000000071d400000, 0x000000071d400000| Untracked 
| 235|0x000000071d600000, 0x000000071d600000, 0x000000071d800000|  0%| F|  |TAMS 0x000000071d600000, 0x000000071d600000| Untracked 
| 236|0x000000071d800000, 0x000000071d800000, 0x000000071da00000|  0%| F|  |TAMS 0x000000071d800000, 0x000000071d800000| Untracked 
| 237|0x000000071da00000, 0x000000071da00000, 0x000000071dc00000|  0%| F|  |TAMS 0x000000071da00000, 0x000000071da00000| Untracked 
| 238|0x000000071dc00000, 0x000000071dc00000, 0x000000071de00000|  0%| F|  |TAMS 0x000000071dc00000, 0x000000071dc00000| Untracked 
| 239|0x000000071de00000, 0x000000071de00000, 0x000000071e000000|  0%| F|  |TAMS 0x000000071de00000, 0x000000071de00000| Untracked 
| 240|0x000000071e000000, 0x000000071e000000, 0x000000071e200000|  0%| F|  |TAMS 0x000000071e000000, 0x000000071e000000| Untracked 
| 241|0x000000071e200000, 0x000000071e200000, 0x000000071e400000|  0%| F|  |TAMS 0x000000071e200000, 0x000000071e200000| Untracked 
| 242|0x000000071e400000, 0x000000071e400000, 0x000000071e600000|  0%| F|  |TAMS 0x000000071e400000, 0x000000071e400000| Untracked 
| 243|0x000000071e600000, 0x000000071e600000, 0x000000071e800000|  0%| F|  |TAMS 0x000000071e600000, 0x000000071e600000| Untracked 
| 244|0x000000071e800000, 0x000000071e800000, 0x000000071ea00000|  0%| F|  |TAMS 0x000000071e800000, 0x000000071e800000| Untracked 
| 245|0x000000071ea00000, 0x000000071ea00000, 0x000000071ec00000|  0%| F|  |TAMS 0x000000071ea00000, 0x000000071ea00000| Untracked 
| 246|0x000000071ec00000, 0x000000071ec00000, 0x000000071ee00000|  0%| F|  |TAMS 0x000000071ec00000, 0x000000071ec00000| Untracked 
| 247|0x000000071ee00000, 0x000000071ee00000, 0x000000071f000000|  0%| F|  |TAMS 0x000000071ee00000, 0x000000071ee00000| Untracked 
| 248|0x000000071f000000, 0x000000071f000000, 0x000000071f200000|  0%| F|  |TAMS 0x000000071f000000, 0x000000071f000000| Untracked 
| 249|0x000000071f200000, 0x000000071f200000, 0x000000071f400000|  0%| F|  |TAMS 0x000000071f200000, 0x000000071f200000| Untracked 
| 250|0x000000071f400000, 0x000000071f400000, 0x000000071f600000|  0%| F|  |TAMS 0x000000071f400000, 0x000000071f400000| Untracked 
| 251|0x000000071f600000, 0x000000071f600000, 0x000000071f800000|  0%| F|  |TAMS 0x000000071f600000, 0x000000071f600000| Untracked 
| 252|0x000000071f800000, 0x000000071f800000, 0x000000071fa00000|  0%| F|  |TAMS 0x000000071f800000, 0x000000071f800000| Untracked 
| 253|0x000000071fa00000, 0x000000071fa00000, 0x000000071fc00000|  0%| F|  |TAMS 0x000000071fa00000, 0x000000071fa00000| Untracked 
| 254|0x000000071fc00000, 0x000000071fc00000, 0x000000071fe00000|  0%| F|  |TAMS 0x000000071fc00000, 0x000000071fc00000| Untracked 
| 255|0x000000071fe00000, 0x000000071fe00000, 0x0000000720000000|  0%| F|  |TAMS 0x000000071fe00000, 0x000000071fe00000| Untracked 
| 256|0x0000000720000000, 0x0000000720000000, 0x0000000720200000|  0%| F|  |TAMS 0x0000000720000000, 0x0000000720000000| Untracked 
| 257|0x0000000720200000, 0x0000000720200000, 0x0000000720400000|  0%| F|  |TAMS 0x0000000720200000, 0x0000000720200000| Untracked 
| 258|0x0000000720400000, 0x0000000720400000, 0x0000000720600000|  0%| F|  |TAMS 0x0000000720400000, 0x0000000720400000| Untracked 
| 259|0x0000000720600000, 0x0000000720600000, 0x0000000720800000|  0%| F|  |TAMS 0x0000000720600000, 0x0000000720600000| Untracked 
| 260|0x0000000720800000, 0x0000000720800000, 0x0000000720a00000|  0%| F|  |TAMS 0x0000000720800000, 0x0000000720800000| Untracked 
| 261|0x0000000720a00000, 0x0000000720a00000, 0x0000000720c00000|  0%| F|  |TAMS 0x0000000720a00000, 0x0000000720a00000| Untracked 
| 262|0x0000000720c00000, 0x0000000720c00000, 0x0000000720e00000|  0%| F|  |TAMS 0x0000000720c00000, 0x0000000720c00000| Untracked 
| 263|0x0000000720e00000, 0x0000000720e00000, 0x0000000721000000|  0%| F|  |TAMS 0x0000000720e00000, 0x0000000720e00000| Untracked 
| 264|0x0000000721000000, 0x0000000721000000, 0x0000000721200000|  0%| F|  |TAMS 0x0000000721000000, 0x0000000721000000| Untracked 
| 265|0x0000000721200000, 0x0000000721200000, 0x0000000721400000|  0%| F|  |TAMS 0x0000000721200000, 0x0000000721200000| Untracked 
| 266|0x0000000721400000, 0x0000000721400000, 0x0000000721600000|  0%| F|  |TAMS 0x0000000721400000, 0x0000000721400000| Untracked 
| 267|0x0000000721600000, 0x0000000721600000, 0x0000000721800000|  0%| F|  |TAMS 0x0000000721600000, 0x0000000721600000| Untracked 
| 268|0x0000000721800000, 0x0000000721800000, 0x0000000721a00000|  0%| F|  |TAMS 0x0000000721800000, 0x0000000721800000| Untracked 
| 269|0x0000000721a00000, 0x0000000721a00000, 0x0000000721c00000|  0%| F|  |TAMS 0x0000000721a00000, 0x0000000721a00000| Untracked 
| 270|0x0000000721c00000, 0x0000000721c00000, 0x0000000721e00000|  0%| F|  |TAMS 0x0000000721c00000, 0x0000000721c00000| Untracked 
| 271|0x0000000721e00000, 0x0000000721e00000, 0x0000000722000000|  0%| F|  |TAMS 0x0000000721e00000, 0x0000000721e00000| Untracked 
| 272|0x0000000722000000, 0x0000000722000000, 0x0000000722200000|  0%| F|  |TAMS 0x0000000722000000, 0x0000000722000000| Untracked 
| 273|0x0000000722200000, 0x0000000722200000, 0x0000000722400000|  0%| F|  |TAMS 0x0000000722200000, 0x0000000722200000| Untracked 
| 274|0x0000000722400000, 0x0000000722400000, 0x0000000722600000|  0%| F|  |TAMS 0x0000000722400000, 0x0000000722400000| Untracked 
| 275|0x0000000722600000, 0x0000000722600000, 0x0000000722800000|  0%| F|  |TAMS 0x0000000722600000, 0x0000000722600000| Untracked 
| 276|0x0000000722800000, 0x0000000722800000, 0x0000000722a00000|  0%| F|  |TAMS 0x0000000722800000, 0x0000000722800000| Untracked 
| 277|0x0000000722a00000, 0x0000000722a00000, 0x0000000722c00000|  0%| F|  |TAMS 0x0000000722a00000, 0x0000000722a00000| Untracked 
| 278|0x0000000722c00000, 0x0000000722c00000, 0x0000000722e00000|  0%| F|  |TAMS 0x0000000722c00000, 0x0000000722c00000| Untracked 
| 279|0x0000000722e00000, 0x0000000722e00000, 0x0000000723000000|  0%| F|  |TAMS 0x0000000722e00000, 0x0000000722e00000| Untracked 
| 280|0x0000000723000000, 0x0000000723000000, 0x0000000723200000|  0%| F|  |TAMS 0x0000000723000000, 0x0000000723000000| Untracked 
| 281|0x0000000723200000, 0x0000000723200000, 0x0000000723400000|  0%| F|  |TAMS 0x0000000723200000, 0x0000000723200000| Untracked 
| 282|0x0000000723400000, 0x0000000723400000, 0x0000000723600000|  0%| F|  |TAMS 0x0000000723400000, 0x0000000723400000| Untracked 
| 283|0x0000000723600000, 0x0000000723600000, 0x0000000723800000|  0%| F|  |TAMS 0x0000000723600000, 0x0000000723600000| Untracked 
| 284|0x0000000723800000, 0x0000000723800000, 0x0000000723a00000|  0%| F|  |TAMS 0x0000000723800000, 0x0000000723800000| Untracked 
| 285|0x0000000723a00000, 0x0000000723a00000, 0x0000000723c00000|  0%| F|  |TAMS 0x0000000723a00000, 0x0000000723a00000| Untracked 
| 286|0x0000000723c00000, 0x0000000723c00000, 0x0000000723e00000|  0%| F|  |TAMS 0x0000000723c00000, 0x0000000723c00000| Untracked 
| 287|0x0000000723e00000, 0x0000000723e00000, 0x0000000724000000|  0%| F|  |TAMS 0x0000000723e00000, 0x0000000723e00000| Untracked 
| 288|0x0000000724000000, 0x0000000724000000, 0x0000000724200000|  0%| F|  |TAMS 0x0000000724000000, 0x0000000724000000| Untracked 
| 289|0x0000000724200000, 0x0000000724200000, 0x0000000724400000|  0%| F|  |TAMS 0x0000000724200000, 0x0000000724200000| Untracked 
| 290|0x0000000724400000, 0x0000000724400000, 0x0000000724600000|  0%| F|  |TAMS 0x0000000724400000, 0x0000000724400000| Untracked 
| 291|0x0000000724600000, 0x0000000724600000, 0x0000000724800000|  0%| F|  |TAMS 0x0000000724600000, 0x0000000724600000| Untracked 
| 292|0x0000000724800000, 0x0000000724a00000, 0x0000000724a00000|100%| S|CS|TAMS 0x0000000724800000, 0x0000000724800000| Complete 
| 293|0x0000000724a00000, 0x0000000724c00000, 0x0000000724c00000|100%| S|CS|TAMS 0x0000000724a00000, 0x0000000724a00000| Complete 
| 294|0x0000000724c00000, 0x0000000724e00000, 0x0000000724e00000|100%| S|CS|TAMS 0x0000000724c00000, 0x0000000724c00000| Complete 
| 295|0x0000000724e00000, 0x0000000725000000, 0x0000000725000000|100%| S|CS|TAMS 0x0000000724e00000, 0x0000000724e00000| Complete 
| 296|0x0000000725000000, 0x0000000725000000, 0x0000000725200000|  0%| F|  |TAMS 0x0000000725000000, 0x0000000725000000| Untracked 
| 297|0x0000000725200000, 0x0000000725200000, 0x0000000725400000|  0%| F|  |TAMS 0x0000000725200000, 0x0000000725200000| Untracked 
| 298|0x0000000725400000, 0x0000000725400000, 0x0000000725600000|  0%| F|  |TAMS 0x0000000725400000, 0x0000000725400000| Untracked 
| 299|0x0000000725600000, 0x0000000725600000, 0x0000000725800000|  0%| F|  |TAMS 0x0000000725600000, 0x0000000725600000| Untracked 
| 300|0x0000000725800000, 0x0000000725800000, 0x0000000725a00000|  0%| F|  |TAMS 0x0000000725800000, 0x0000000725800000| Untracked 
| 301|0x0000000725a00000, 0x0000000725a00000, 0x0000000725c00000|  0%| F|  |TAMS 0x0000000725a00000, 0x0000000725a00000| Untracked 
| 302|0x0000000725c00000, 0x0000000725c00000, 0x0000000725e00000|  0%| F|  |TAMS 0x0000000725c00000, 0x0000000725c00000| Untracked 
| 303|0x0000000725e00000, 0x0000000725e00000, 0x0000000726000000|  0%| F|  |TAMS 0x0000000725e00000, 0x0000000725e00000| Untracked 
| 304|0x0000000726000000, 0x0000000726000000, 0x0000000726200000|  0%| F|  |TAMS 0x0000000726000000, 0x0000000726000000| Untracked 
| 305|0x0000000726200000, 0x0000000726200000, 0x0000000726400000|  0%| F|  |TAMS 0x0000000726200000, 0x0000000726200000| Untracked 
| 306|0x0000000726400000, 0x0000000726400000, 0x0000000726600000|  0%| F|  |TAMS 0x0000000726400000, 0x0000000726400000| Untracked 
| 307|0x0000000726600000, 0x0000000726600000, 0x0000000726800000|  0%| F|  |TAMS 0x0000000726600000, 0x0000000726600000| Untracked 
| 308|0x0000000726800000, 0x0000000726800000, 0x0000000726a00000|  0%| F|  |TAMS 0x0000000726800000, 0x0000000726800000| Untracked 
| 309|0x0000000726a00000, 0x0000000726a00000, 0x0000000726c00000|  0%| F|  |TAMS 0x0000000726a00000, 0x0000000726a00000| Untracked 
| 310|0x0000000726c00000, 0x0000000726c00000, 0x0000000726e00000|  0%| F|  |TAMS 0x0000000726c00000, 0x0000000726c00000| Untracked 
| 311|0x0000000726e00000, 0x0000000726e00000, 0x0000000727000000|  0%| F|  |TAMS 0x0000000726e00000, 0x0000000726e00000| Untracked 
| 312|0x0000000727000000, 0x0000000727000000, 0x0000000727200000|  0%| F|  |TAMS 0x0000000727000000, 0x0000000727000000| Untracked 
| 313|0x0000000727200000, 0x0000000727200000, 0x0000000727400000|  0%| F|  |TAMS 0x0000000727200000, 0x0000000727200000| Untracked 
| 314|0x0000000727400000, 0x0000000727400000, 0x0000000727600000|  0%| F|  |TAMS 0x0000000727400000, 0x0000000727400000| Untracked 
| 315|0x0000000727600000, 0x0000000727600000, 0x0000000727800000|  0%| F|  |TAMS 0x0000000727600000, 0x0000000727600000| Untracked 
|2046|0x00000007ffc00000, 0x00000007ffd75000, 0x00000007ffe00000| 72%|OA|  |TAMS 0x00000007ffd75000, 0x00000007ffd75000| Untracked 
|2047|0x00000007ffe00000, 0x00000007ffe78000, 0x0000000800000000| 23%|CA|  |TAMS 0x00000007ffe78000, 0x00000007ffe78000| Untracked 

Card table byte_map: [0x00007fcdddc02000,0x00007fcdde402000] _byte_map_base: 0x00007fcdda402000

Marking Bits (Prev, Next): (CMBitMap*) 0x00007fcdd8086ad0, (CMBitMap*) 0x00007fcdd8086a90
 Prev Bits: [0x00007fcdb954d000, 0x00007fcdbd54d000)
 Next Bits: [0x00007fcdbd54d000, 0x00007fcdc154d000)

Polling page: 0x00007fcde09c4000

Metaspace:

Usage:
  Non-class:     55.17 MB used.
      Class:      8.88 MB used.
       Both:     64.05 MB used.

Virtual space:
  Non-class space:       64.00 MB reserved,      55.50 MB ( 87%) committed,  1 nodes.
      Class space:        1.00 GB reserved,       9.19 MB ( <1%) committed,  1 nodes.
             Both:        1.06 GB reserved,      64.69 MB (  6%) committed. 

Chunk freelists:
   Non-Class:  8.48 MB
       Class:  6.86 MB
        Both:  15.34 MB

MaxMetaspaceSize: unlimited
CompressedClassSpaceSize: 1.00 GB
Initial GC threshold: 21.00 MB
Current GC threshold: 107.75 MB
CDS: on
MetaspaceReclaimPolicy: balanced
 - commit_granule_bytes: 65536.
 - commit_granule_words: 8192.
 - virtual_space_node_default_size: 8388608.
 - enlarge_chunks_in_place: 1.
 - new_chunks_are_fully_committed: 0.
 - uncommit_free_chunks: 1.
 - use_allocation_guard: 0.
 - handle_deallocations: 1.


Internal statistics:

num_allocs_failed_limit: 15.
num_arena_births: 620.
num_arena_deaths: 2.
num_vsnodes_births: 2.
num_vsnodes_deaths: 0.
num_space_committed: 1035.
num_space_uncommitted: 0.
num_chunks_returned_to_freelist: 27.
num_chunks_taken_from_freelist: 3110.
num_chunk_merges: 10.
num_chunk_splits: 2053.
num_chunks_enlarged: 1375.
num_inconsistent_stats: 0.

CodeHeap 'non-profiled nmethods': size=120036Kb used=3684Kb max_used=3684Kb free=116351Kb
 bounds [0x00007fcdc9014000, 0x00007fcdc93b4000, 0x00007fcdd054d000]
CodeHeap 'profiled nmethods': size=120032Kb used=14999Kb max_used=14999Kb free=105032Kb
 bounds [0x00007fcdc154d000, 0x00007fcdc23fd000, 0x00007fcdc8a85000]
CodeHeap 'non-nmethods': size=5692Kb used=2391Kb max_used=2450Kb free=3300Kb
 bounds [0x00007fcdc8a85000, 0x00007fcdc8cf5000, 0x00007fcdc9014000]
 total_blobs=9151 nmethods=8236 adapters=828
 compilation: enabled
              stopped_count=0, restarted_count=0
 full_count=0

Compilation events (20 events):
Event: 23.589 Thread 0x00007fcdd80f3960 nmethod 9342 0x00007fcdc23f1a10 code [0x00007fcdc23f1be0, 0x00007fcdc23f20d0]
Event: 23.589 Thread 0x00007fcdd80f3960 9343       3       java.lang.invoke.DirectMethodHandle$Holder::invokeStatic (21 bytes)
Event: 23.589 Thread 0x00007fcdd80f3960 nmethod 9343 0x00007fcdc23f2210 code [0x00007fcdc23f23e0, 0x00007fcdc23f28f0]
Event: 23.589 Thread 0x00007fcdd80f3960 9344       3       java.lang.StringConcatHelper::prepend (22 bytes)
Event: 23.589 Thread 0x00007fcdd80f3960 nmethod 9344 0x00007fcdc23f2a10 code [0x00007fcdc23f2bc0, 0x00007fcdc23f2d50]
Event: 23.616 Thread 0x00007fcdd80f2430 nmethod 9327 0x00007fcdc93a5110 code [0x00007fcdc93a5320, 0x00007fcdc93a64f8]
Event: 23.616 Thread 0x00007fcdd80f2430 9345       4       java.util.concurrent.ConcurrentHashMap$ValueIterator::next (34 bytes)
Event: 23.621 Thread 0x00007fcdd80f2430 nmethod 9345 0x00007fcdc93a6e10 code [0x00007fcdc93a6fa0, 0x00007fcdc93a7458]
Event: 23.621 Thread 0x00007fcdd80f2430 9324       4       net.fabricmc.tinyremapper.TinyRemapper$$Lambda$1453/0x00007fcd5c92b268::apply (11 bytes)
Event: 23.622 Thread 0x00007fcdd80f2430 nmethod 9324 0x00007fcdc93a7610 code [0x00007fcdc93a77a0, 0x00007fcdc93a78d8]
Event: 23.622 Thread 0x00007fcdd80f2430 8813       4       java.io.RandomAccessFile::seek (22 bytes)
Event: 23.623 Thread 0x00007fcdd80f2430 nmethod 8813 0x00007fcdc93a7a10 code [0x00007fcdc93a7ba0, 0x00007fcdc93a7c68]
Event: 23.623 Thread 0x00007fcdd80f2430 9141       4       org.objectweb.asm.ClassReader::readShort (27 bytes)
Event: 23.623 Thread 0x00007fcdd80f2430 nmethod 9141 0x00007fcdc93a7d10 code [0x00007fcdc93a7ea0, 0x00007fcdc93a7f78]
Event: 23.623 Thread 0x00007fcdd80f2430 8677       4       org.gradle.api.internal.artifacts.ivyservice.modulecache.StringDeduplicatingDecoder::readBoolean (10 bytes)
Event: 23.623 Thread 0x00007fcdd80f2430 nmethod 8677 0x00007fcdc93a8090 code [0x00007fcdc93a8220, 0x00007fcdc93a82b8]
Event: 23.624 Thread 0x00007fcdd80f2430 8674       4       org.gradle.api.internal.attributes.DefaultImmutableAttributes::keySet (8 bytes)
Event: 23.624 Thread 0x00007fcdd80f2430 nmethod 8674 0x00007fcdc93a8390 code [0x00007fcdc93a8520, 0x00007fcdc93a85b8]
Event: 23.727 Thread 0x00007fcdd80f2430 9346 %     4       net.fabricmc.tinyremapper.TinyRemapper::refresh @ 283 (399 bytes)
Event: 24.097 Thread 0x00007fcdd80f2430 nmethod 9346% 0x00007fcdc93a8690 code [0x00007fcdc93a8a00, 0x00007fcdc93ab520]

GC Heap History (20 events):
Event: 18.820 GC heap after
{Heap after GC invocations=30 (full 0):
 garbage-first heap   total 217088K, used 62862K [0x0000000700000000, 0x0000000800000000)
  region size 2048K, 1 young (2048K), 1 survivors (2048K)
 Metaspace       used 65510K, committed 66112K, reserved 1114112K
  class space    used 9110K, committed 9408K, reserved 1048576K
}
Event: 19.313 GC heap before
{Heap before GC invocations=30 (full 0):
 garbage-first heap   total 217088K, used 163214K [0x0000000700000000, 0x0000000800000000)
  region size 2048K, 51 young (104448K), 1 survivors (2048K)
 Metaspace       used 65607K, committed 66176K, reserved 1114112K
  class space    used 9110K, committed 9408K, reserved 1048576K
}
Event: 19.328 GC heap after
{Heap after GC invocations=31 (full 0):
 garbage-first heap   total 217088K, used 78753K [0x0000000700000000, 0x0000000800000000)
  region size 2048K, 7 young (14336K), 7 survivors (14336K)
 Metaspace       used 65607K, committed 66176K, reserved 1114112K
  class space    used 9110K, committed 9408K, reserved 1048576K
}
Event: 19.816 GC heap before
{Heap before GC invocations=32 (full 0):
 garbage-first heap   total 217088K, used 162721K [0x0000000700000000, 0x0000000800000000)
  region size 2048K, 48 young (98304K), 7 survivors (14336K)
 Metaspace       used 65507K, committed 66176K, reserved 1114112K
  class space    used 9081K, committed 9408K, reserved 1048576K
}
Event: 19.892 GC heap after
{Heap after GC invocations=33 (full 0):
 garbage-first heap   total 217088K, used 90957K [0x0000000700000000, 0x0000000800000000)
  region size 2048K, 6 young (12288K), 6 survivors (12288K)
 Metaspace       used 65507K, committed 66176K, reserved 1114112K
  class space    used 9081K, committed 9408K, reserved 1048576K
}
Event: 20.121 GC heap before
{Heap before GC invocations=33 (full 0):
 garbage-first heap   total 217088K, used 166733K [0x0000000700000000, 0x0000000800000000)
  region size 2048K, 42 young (86016K), 6 survivors (12288K)
 Metaspace       used 65515K, committed 66176K, reserved 1114112K
  class space    used 9081K, committed 9408K, reserved 1048576K
}
Event: 20.195 GC heap after
{Heap after GC invocations=34 (full 0):
 garbage-first heap   total 217088K, used 108468K [0x0000000700000000, 0x0000000800000000)
  region size 2048K, 6 young (12288K), 6 survivors (12288K)
 Metaspace       used 65515K, committed 66176K, reserved 1114112K
  class space    used 9081K, committed 9408K, reserved 1048576K
}
Event: 20.387 GC heap before
{Heap before GC invocations=34 (full 0):
 garbage-first heap   total 217088K, used 165812K [0x0000000700000000, 0x0000000800000000)
  region size 2048K, 35 young (71680K), 6 survivors (12288K)
 Metaspace       used 65517K, committed 66176K, reserved 1114112K
  class space    used 9081K, committed 9408K, reserved 1048576K
}
Event: 20.408 GC heap after
{Heap after GC invocations=35 (full 0):
 garbage-first heap   total 217088K, used 119732K [0x0000000700000000, 0x0000000800000000)
  region size 2048K, 5 young (10240K), 5 survivors (10240K)
 Metaspace       used 65517K, committed 66176K, reserved 1114112K
  class space    used 9081K, committed 9408K, reserved 1048576K
}
Event: 20.696 GC heap before
{Heap before GC invocations=35 (full 0):
 garbage-first heap   total 217088K, used 168884K [0x0000000700000000, 0x0000000800000000)
  region size 2048K, 30 young (61440K), 5 survivors (10240K)
 Metaspace       used 65518K, committed 66176K, reserved 1114112K
  class space    used 9081K, committed 9408K, reserved 1048576K
}
Event: 20.719 GC heap after
{Heap after GC invocations=36 (full 0):
 garbage-first heap   total 651264K, used 128948K [0x0000000700000000, 0x0000000800000000)
  region size 2048K, 4 young (8192K), 4 survivors (8192K)
 Metaspace       used 65518K, committed 66176K, reserved 1114112K
  class space    used 9081K, committed 9408K, reserved 1048576K
}
Event: 21.717 GC heap before
{Heap before GC invocations=37 (full 0):
 garbage-first heap   total 608256K, used 348084K [0x0000000700000000, 0x0000000800000000)
  region size 2048K, 111 young (227328K), 4 survivors (8192K)
 Metaspace       used 65520K, committed 66176K, reserved 1114112K
  class space    used 9081K, committed 9408K, reserved 1048576K
}
Event: 21.810 GC heap after
{Heap after GC invocations=38 (full 0):
 garbage-first heap   total 608256K, used 168884K [0x0000000700000000, 0x0000000800000000)
  region size 2048K, 14 young (28672K), 14 survivors (28672K)
 Metaspace       used 65520K, committed 66176K, reserved 1114112K
  class space    used 9081K, committed 9408K, reserved 1048576K
}
Event: 22.484 GC heap before
{Heap before GC invocations=38 (full 0):
 garbage-first heap   total 608256K, used 379828K [0x0000000700000000, 0x0000000800000000)
  region size 2048K, 117 young (239616K), 14 survivors (28672K)
 Metaspace       used 65545K, committed 66240K, reserved 1114112K
  class space    used 9085K, committed 9408K, reserved 1048576K
}
Event: 22.587 GC heap after
{Heap after GC invocations=39 (full 0):
 garbage-first heap   total 608256K, used 204724K [0x0000000700000000, 0x0000000800000000)
  region size 2048K, 15 young (30720K), 15 survivors (30720K)
 Metaspace       used 65545K, committed 66240K, reserved 1114112K
  class space    used 9085K, committed 9408K, reserved 1048576K
}
Event: 23.222 GC heap before
{Heap before GC invocations=39 (full 0):
 garbage-first heap   total 608256K, used 405428K [0x0000000700000000, 0x0000000800000000)
  region size 2048K, 113 young (231424K), 15 survivors (30720K)
 Metaspace       used 65586K, committed 66240K, reserved 1114112K
  class space    used 9093K, committed 9408K, reserved 1048576K
}
Event: 23.585 GC heap after
{Heap after GC invocations=40 (full 0):
 garbage-first heap   total 608256K, used 350132K [0x0000000700000000, 0x0000000800000000)
  region size 2048K, 15 young (30720K), 15 survivors (30720K)
 Metaspace       used 65586K, committed 66240K, reserved 1114112K
  class space    used 9093K, committed 9408K, reserved 1048576K
}
Event: 23.796 GC heap before
{Heap before GC invocations=40 (full 0):
 garbage-first heap   total 608256K, used 430004K [0x0000000700000000, 0x0000000800000000)
  region size 2048K, 54 young (110592K), 15 survivors (30720K)
 Metaspace       used 65588K, committed 66240K, reserved 1114112K
  class space    used 9093K, committed 9408K, reserved 1048576K
}
Event: 24.003 GC heap after
{Heap after GC invocations=41 (full 0):
 garbage-first heap   total 608256K, used 428980K [0x0000000700000000, 0x0000000800000000)
  region size 2048K, 7 young (14336K), 7 survivors (14336K)
 Metaspace       used 65588K, committed 66240K, reserved 1114112K
  class space    used 9093K, committed 9408K, reserved 1048576K
}
Event: 24.215 GC heap before
{Heap before GC invocations=41 (full 0):
 garbage-first heap   total 608256K, used 469940K [0x0000000700000000, 0x0000000800000000)
  region size 2048K, 27 young (55296K), 7 survivors (14336K)
 Metaspace       used 65588K, committed 66240K, reserved 1114112K
  class space    used 9093K, committed 9408K, reserved 1048576K
}

Dll operation events (14 events):
Event: 0.011 Loaded shared library /usr/lib/jvm/java-17-openjdk-amd64/lib/libjava.so
Event: 0.082 Loaded shared library /usr/lib/jvm/java-17-openjdk-amd64/lib/libjsvml.so
Event: 0.185 Loaded shared library /usr/lib/jvm/java-17-openjdk-amd64/lib/libzip.so
Event: 0.186 Loaded shared library /usr/lib/jvm/java-17-openjdk-amd64/lib/libinstrument.so
Event: 0.188 Loaded shared library /usr/lib/jvm/java-17-openjdk-amd64/lib/libnio.so
Event: 0.193 Loaded shared library /usr/lib/jvm/java-17-openjdk-amd64/lib/libzip.so
Event: 0.309 Loaded shared library /usr/lib/jvm/java-17-openjdk-amd64/lib/libjimage.so
Event: 0.411 Loaded shared library /usr/lib/jvm/java-17-openjdk-amd64/lib/libverify.so
Event: 0.695 Loaded shared library /usr/lib/jvm/java-17-openjdk-amd64/lib/libnet.so
Event: 0.696 Loaded shared library /root/.gradle/native/68d5fa5c4cc2d200863cafc0d521ce42e7d3e7ee720ec0a83991735586a16f82/linux-amd64/libnative-platform.so
Event: 0.698 Loaded shared library /root/.gradle/native/e376f236ea51e6404a007f0833ffe2c6e607c4080706a723a18a27aeea778392/linux-amd64/libnative-platform-file-events.so
Event: 1.492 Loaded shared library /usr/lib/jvm/java-17-openjdk-amd64/lib/libmanagement.so
Event: 1.493 Loaded shared library /usr/lib/jvm/java-17-openjdk-amd64/lib/libmanagement_ext.so
Event: 1.712 Loaded shared library /usr/lib/jvm/java-17-openjdk-amd64/lib/libextnet.so

Deoptimization events (20 events):
Event: 22.194 Thread 0x00007fcd9cca8050 DEOPT PACKING pc=0x00007fcdc2398c6e sp=0x00007fcda89e8540
Event: 22.194 Thread 0x00007fcd9cca8050 DEOPT UNPACKING pc=0x00007fcdc8adf64f sp=0x00007fcda89e7a80 mode 0
Event: 22.594 Thread 0x00007fcd9cca8050 DEOPT PACKING pc=0x00007fcdc235609a sp=0x00007fcda89e8180
Event: 22.594 Thread 0x00007fcd9cca8050 DEOPT UNPACKING pc=0x00007fcdc8adf64f sp=0x00007fcda89e76e0 mode 0
Event: 22.729 Thread 0x00007fcd9cca8050 Uncommon trap: trap_request=0xffffffc6 fr.pc=0x00007fcdc9231f0c relative=0x000000000000052c
Event: 22.729 Thread 0x00007fcd9cca8050 Uncommon trap: reason=bimorphic_or_optimized_type_check action=maybe_recompile pc=0x00007fcdc9231f0c method=java.util.Collections$SetFromMap.remove(Ljava/lang/Object;)Z @ 5 c2
Event: 22.729 Thread 0x00007fcd9cca8050 DEOPT PACKING pc=0x00007fcdc9231f0c sp=0x00007fcda89e84f0
Event: 22.729 Thread 0x00007fcd9cca8050 DEOPT UNPACKING pc=0x00007fcdc8adeb19 sp=0x00007fcda89e84e8 mode 2
Event: 22.729 Thread 0x00007fcd9cca8050 Uncommon trap: trap_request=0xffffffc6 fr.pc=0x00007fcdc9231f0c relative=0x000000000000052c
Event: 22.729 Thread 0x00007fcd9cca8050 Uncommon trap: reason=bimorphic_or_optimized_type_check action=maybe_recompile pc=0x00007fcdc9231f0c method=java.util.Collections$SetFromMap.remove(Ljava/lang/Object;)Z @ 5 c2
Event: 22.729 Thread 0x00007fcd9cca8050 DEOPT PACKING pc=0x00007fcdc9231f0c sp=0x00007fcda89e84f0
Event: 22.729 Thread 0x00007fcd9cca8050 DEOPT UNPACKING pc=0x00007fcdc8adeb19 sp=0x00007fcda89e84e8 mode 2
Event: 22.729 Thread 0x00007fcd9cca8050 Uncommon trap: trap_request=0xffffffc6 fr.pc=0x00007fcdc9231f0c relative=0x000000000000052c
Event: 22.729 Thread 0x00007fcd9cca8050 Uncommon trap: reason=bimorphic_or_optimized_type_check action=maybe_recompile pc=0x00007fcdc9231f0c method=java.util.Collections$SetFromMap.remove(Ljava/lang/Object;)Z @ 5 c2
Event: 22.729 Thread 0x00007fcd9cca8050 DEOPT PACKING pc=0x00007fcdc9231f0c sp=0x00007fcda89e84f0
Event: 22.729 Thread 0x00007fcd9cca8050 DEOPT UNPACKING pc=0x00007fcdc8adeb19 sp=0x00007fcda89e84e8 mode 2
Event: 22.816 Thread 0x00007fcd5000d060 DEOPT PACKING pc=0x00007fcdc23e50a6 sp=0x00007fcdb86f3120
Event: 22.816 Thread 0x00007fcd5000d060 DEOPT UNPACKING pc=0x00007fcdc8adf64f sp=0x00007fcdb86f2750 mode 0
Event: 24.101 Thread 0x00007fcd5000d060 DEOPT PACKING pc=0x00007fcdc23ed21e sp=0x00007fcdb86f3280
Event: 24.101 Thread 0x00007fcd5000d060 DEOPT UNPACKING pc=0x00007fcdc8adf64f sp=0x00007fcdb86f27d8 mode 0

Classes loaded (20 events):
Event: 21.996 Loading class jdk/internal/misc/ScopedMemoryAccess$Scope$Handle
Event: 21.996 Loading class jdk/internal/misc/ScopedMemoryAccess$Scope$Handle done
Event: 22.090 Loading class sun/security/ssl/Alert
Event: 22.090 Loading class sun/security/ssl/Alert done
Event: 22.090 Loading class sun/security/ssl/Alert$AlertConsumer
Event: 22.090 Loading class sun/security/ssl/Alert$AlertConsumer done
Event: 22.090 Loading class sun/security/ssl/Alert$Level
Event: 22.090 Loading class sun/security/ssl/Alert$Level done
Event: 22.092 Loading class java/net/SocketTimeoutException
Event: 22.092 Loading class java/io/InterruptedIOException
Event: 22.092 Loading class java/io/InterruptedIOException done
Event: 22.092 Loading class java/net/SocketTimeoutException done
Event: 22.807 Loading class java/util/stream/SortedOps$OfRef
Event: 22.807 Loading class java/util/stream/SortedOps$OfRef done
Event: 22.808 Loading class java/util/Comparators$NaturalOrderComparator
Event: 22.808 Loading class java/util/Comparators$NaturalOrderComparator done
Event: 22.808 Loading class java/util/stream/SortedOps$SizedRefSortingSink
Event: 22.808 Loading class java/util/stream/SortedOps$AbstractRefSortingSink
Event: 22.808 Loading class java/util/stream/SortedOps$AbstractRefSortingSink done
Event: 22.808 Loading class java/util/stream/SortedOps$SizedRefSortingSink done

Classes unloaded (20 events):
Event: 19.594 Thread 0x00007fcdd80e2140 Unloading class 0x00007fcd5c7c2f40 '_BuildScript_$_run_closure4'
Event: 19.594 Thread 0x00007fcdd80e2140 Unloading class 0x00007fcd5c7c2b50 '_BuildScript_$_run_closure3'
Event: 19.594 Thread 0x00007fcdd80e2140 Unloading class 0x00007fcd5c7c2760 '_BuildScript_$_run_closure2'
Event: 19.594 Thread 0x00007fcdd80e2140 Unloading class 0x00007fcd5c7c2370 '_BuildScript_$_run_closure1$_closure13'
Event: 19.594 Thread 0x00007fcdd80e2140 Unloading class 0x00007fcd5c7c1f80 '_BuildScript_$_run_closure1$_closure12$_closure22'
Event: 19.594 Thread 0x00007fcdd80e2140 Unloading class 0x00007fcd5c7c1b90 '_BuildScript_$_run_closure1$_closure12'
Event: 19.594 Thread 0x00007fcdd80e2140 Unloading class 0x00007fcd5c7c17a0 '_BuildScript_$_run_closure1$_closure11'
Event: 19.594 Thread 0x00007fcdd80e2140 Unloading class 0x00007fcd5c7c13b0 '_BuildScript_$_run_closure1$_closure10$_closure20'
Event: 19.594 Thread 0x00007fcdd80e2140 Unloading class 0x00007fcd5c7c0fc0 '_BuildScript_$_run_closure1$_closure10$_closure19$_closure21'
Event: 19.594 Thread 0x00007fcdd80e2140 Unloading class 0x00007fcd5c7c0bd0 '_BuildScript_$_run_closure1$_closure10$_closure19'
Event: 19.594 Thread 0x00007fcdd80e2140 Unloading class 0x00007fcd5c7c07e0 '_BuildScript_$_run_closure1$_closure10$_closure18'
Event: 19.594 Thread 0x00007fcdd80e2140 Unloading class 0x00007fcd5c7c03f0 '_BuildScript_$_run_closure1$_closure10$_closure17'
Event: 19.594 Thread 0x00007fcdd80e2140 Unloading class 0x00007fcd5c7c0000 '_BuildScript_$_run_closure1$_closure10$_closure16'
Event: 19.594 Thread 0x00007fcdd80e2140 Unloading class 0x00007fcd5c7bdbd0 '_BuildScript_$_run_closure1$_closure10$_closure15'
Event: 19.594 Thread 0x00007fcdd80e2140 Unloading class 0x00007fcd5c7bd7e0 '_BuildScript_$_run_closure1$_closure10'
Event: 19.594 Thread 0x00007fcdd80e2140 Unloading class 0x00007fcd5c7bd3f0 '_BuildScript_$_run_closure1$_closure9$_closure14'
Event: 19.594 Thread 0x00007fcdd80e2140 Unloading class 0x00007fcd5c7bd000 '_BuildScript_$_run_closure1$_closure9'
Event: 19.594 Thread 0x00007fcdd80e2140 Unloading class 0x00007fcd5c7bc930 '_BuildScript_$_run_closure1$_closure8'
Event: 19.594 Thread 0x00007fcdd80e2140 Unloading class 0x00007fcd5c7bc540 '_BuildScript_$_run_closure1'
Event: 19.594 Thread 0x00007fcdd80e2140 Unloading class 0x00007fcd5c7bc000 '_BuildScript_'

Classes redefined (0 events):
No events

Internal exceptions (20 events):
Event: 18.222 Thread 0x00007fcd5000d060 Exception <a 'java/lang/ClassNotFoundException'{0x0000000705b785e0}: org/gradle/external/javadoc/CoreJavadocOptionsBeanInfo> (0x0000000705b785e0) 
thrown [./src/hotspot/share/classfile/systemDictionary.cpp, line 256]
Event: 18.222 Thread 0x00007fcd5000d060 Exception <a 'java/lang/ClassNotFoundException'{0x0000000705b8e910}: org/gradle/external/javadoc/CoreJavadocOptionsCustomizer> (0x0000000705b8e910) 
thrown [./src/hotspot/share/classfile/systemDictionary.cpp, line 256]
Event: 18.224 Thread 0x00007fcd5000d060 Exception <a 'java/lang/ClassNotFoundException'{0x0000000705be9008}: org/gradle/external/javadoc/StandardJavadocDocletOptionsCustomizer> (0x0000000705be9008) 
thrown [./src/hotspot/share/classfile/systemDictionary.cpp, line 256]
Event: 18.396 Thread 0x00007fcd5000d060 Exception <a 'java/lang/ClassNotFoundException'{0x000000070559ede0}: org/gradle/api/tasks/compile/JavaCompile_DecoratedBeanInfo> (0x000000070559ede0) 
thrown [./src/hotspot/share/classfile/systemDictionary.cpp, line 256]
Event: 18.396 Thread 0x00007fcd5000d060 Exception <a 'java/lang/ClassNotFoundException'{0x00000007055b0e80}: org/gradle/api/tasks/compile/JavaCompileBeanInfo> (0x00000007055b0e80) 
thrown [./src/hotspot/share/classfile/systemDictionary.cpp, line 256]
Event: 18.396 Thread 0x00007fcd5000d060 Exception <a 'java/lang/ClassNotFoundException'{0x00000007055c2f98}: org/gradle/api/tasks/compile/AbstractCompileBeanInfo> (0x00000007055c2f98) 
thrown [./src/hotspot/share/classfile/systemDictionary.cpp, line 256]
Event: 18.397 Thread 0x00007fcd5000d060 Exception <a 'java/lang/ClassNotFoundException'{0x00000007055d50b0}: org/gradle/api/tasks/compile/AbstractCompileCustomizer> (0x00000007055d50b0) 
thrown [./src/hotspot/share/classfile/systemDictionary.cpp, line 256]
Event: 18.400 Thread 0x00007fcd5000d060 Exception <a 'java/lang/ClassNotFoundException'{0x00000007055ff598}: org/gradle/api/tasks/compile/JavaCompileCustomizer> (0x00000007055ff598) 
thrown [./src/hotspot/share/classfile/systemDictionary.cpp, line 256]
Event: 18.402 Thread 0x00007fcd5000d060 Exception <a 'java/lang/ClassNotFoundException'{0x000000070522a980}: org/gradle/api/tasks/compile/JavaCompile_DecoratedCustomizer> (0x000000070522a980) 
thrown [./src/hotspot/share/classfile/systemDictionary.cpp, line 256]
Event: 18.407 Thread 0x00007fcd5000d060 Exception <a 'java/lang/ClassNotFoundException'{0x00000007052e1340}: org/gradle/api/tasks/compile/CompileOptions_DecoratedBeanInfo> (0x00000007052e1340) 
thrown [./src/hotspot/share/classfile/systemDictionary.cpp, line 256]
Event: 18.407 Thread 0x00007fcd5000d060 Exception <a 'java/lang/ClassNotFoundException'{0x00000007052f3460}: org/gradle/api/tasks/compile/CompileOptionsBeanInfo> (0x00000007052f3460) 
thrown [./src/hotspot/share/classfile/systemDictionary.cpp, line 256]
Event: 18.407 Thread 0x00007fcd5000d060 Exception <a 'java/lang/ClassNotFoundException'{0x00000007053057d0}: org/gradle/api/tasks/compile/AbstractOptionsBeanInfo> (0x00000007053057d0) 
thrown [./src/hotspot/share/classfile/systemDictionary.cpp, line 256]
Event: 18.408 Thread 0x00007fcd5000d060 Exception <a 'java/lang/ClassNotFoundException'{0x00000007053178e8}: org/gradle/api/tasks/compile/AbstractOptionsCustomizer> (0x00000007053178e8) 
thrown [./src/hotspot/share/classfile/systemDictionary.cpp, line 256]
Event: 18.408 Thread 0x00007fcd5000d060 Exception <a 'java/lang/ClassNotFoundException'{0x000000070532c2b0}: org/gradle/api/tasks/compile/CompileOptionsCustomizer> (0x000000070532c2b0) 
thrown [./src/hotspot/share/classfile/systemDictionary.cpp, line 256]
Event: 18.410 Thread 0x00007fcd5000d060 Exception <a 'java/lang/ClassNotFoundException'{0x0000000705373228}: org/gradle/api/tasks/compile/CompileOptions_DecoratedCustomizer> (0x0000000705373228) 
thrown [./src/hotspot/share/classfile/systemDictionary.cpp, line 256]
Event: 18.621 Thread 0x00007fcd9cca6d70 Implicit null exception at 0x00007fcdc92d7580 to 0x00007fcdc92d7788
Event: 18.684 Thread 0x00007fcd5000d060 Exception <a 'sun/nio/fs/UnixException'{0x0000000704df71e8}> (0x0000000704df71e8) 
thrown [./src/hotspot/share/prims/jni.cpp, line 516]
Event: 18.684 Thread 0x00007fcd5000d060 Exception <a 'sun/nio/fs/UnixException'{0x0000000704df8ff0}> (0x0000000704df8ff0) 
thrown [./src/hotspot/share/prims/jni.cpp, line 516]
Event: 18.684 Thread 0x00007fcd5000d060 Exception <a 'sun/nio/fs/UnixException'{0x0000000704dfb968}> (0x0000000704dfb968) 
thrown [./src/hotspot/share/prims/jni.cpp, line 516]
Event: 18.684 Thread 0x00007fcd5000d060 Exception <a 'sun/nio/fs/UnixException'{0x0000000704dfcfa0}> (0x0000000704dfcfa0) 
thrown [./src/hotspot/share/prims/jni.cpp, line 516]

VM Operations (20 events):
Event: 20.387 Executing VM operation: G1CollectForAllocation done
Event: 20.387 Executing VM operation: G1CollectForAllocation
Event: 20.408 Executing VM operation: G1CollectForAllocation done
Event: 20.686 Executing VM operation: G1CollectForAllocation
Event: 20.687 Executing VM operation: G1CollectForAllocation done
Event: 20.696 Executing VM operation: G1CollectForAllocation
Event: 20.719 Executing VM operation: G1CollectForAllocation done
Event: 21.016 Executing VM operation: G1PauseRemark
Event: 21.025 Executing VM operation: G1PauseRemark done
Event: 21.328 Executing VM operation: G1PauseCleanup
Event: 21.329 Executing VM operation: G1PauseCleanup done
Event: 21.717 Executing VM operation: G1CollectForAllocation
Event: 21.810 Executing VM operation: G1CollectForAllocation done
Event: 22.484 Executing VM operation: G1CollectForAllocation
Event: 22.588 Executing VM operation: G1CollectForAllocation done
Event: 23.222 Executing VM operation: G1CollectForAllocation
Event: 23.585 Executing VM operation: G1CollectForAllocation done
Event: 23.796 Executing VM operation: G1CollectForAllocation
Event: 24.003 Executing VM operation: G1CollectForAllocation done
Event: 24.194 Executing VM operation: G1CollectForAllocation

Memory protections (20 events):
Event: 3.992 Protecting memory [0x00007fcda9afc000,0x00007fcda9b00000] with protection modes 0
Event: 4.009 Protecting memory [0x00007fcda99fb000,0x00007fcda99ff000] with protection modes 0
Event: 4.204 Protecting memory [0x00007fcda97f9000,0x00007fcda97fd000] with protection modes 0
Event: 5.528 Protecting memory [0x00007fcda96f8000,0x00007fcda96fc000] with protection modes 0
Event: 6.287 Protecting memory [0x00007fcda95f7000,0x00007fcda95fb000] with protection modes 0
Event: 6.500 Protecting memory [0x00007fcda94f6000,0x00007fcda94fa000] with protection modes 0
Event: 7.026 Protecting memory [0x00007fcda93f5000,0x00007fcda93f9000] with protection modes 0
Event: 7.623 Protecting memory [0x00007fcda92f4000,0x00007fcda92f8000] with protection modes 0
Event: 9.405 Protecting memory [0x00007fcda91f3000,0x00007fcda91f7000] with protection modes 0
Event: 9.422 Protecting memory [0x00007fcda90f2000,0x00007fcda90f6000] with protection modes 0
Event: 9.496 Protecting memory [0x00007fcda8ff1000,0x00007fcda8ff5000] with protection modes 0
Event: 10.011 Protecting memory [0x00007fcda8ef0000,0x00007fcda8ef4000] with protection modes 0
Event: 10.501 Protecting memory [0x00007fcda8def000,0x00007fcda8df3000] with protection modes 0
Event: 14.882 Protecting memory [0x00007fcda8cee000,0x00007fcda8cf2000] with protection modes 0
Event: 15.481 Protecting memory [0x00007fcdb921b000,0x00007fcdb921f000] with protection modes 0
Event: 16.997 Protecting memory [0x00007fcda8bed000,0x00007fcda8bf1000] with protection modes 0
Event: 17.083 Protecting memory [0x00007fcda8bed000,0x00007fcda8bf1000] with protection modes 0
Event: 18.611 Protecting memory [0x00007fcda8aec000,0x00007fcda8af0000] with protection modes 0
Event: 18.621 Protecting memory [0x00007fcda89eb000,0x00007fcda89ef000] with protection modes 0
Event: 18.630 Protecting memory [0x00007fcda88ea000,0x00007fcda88ee000] with protection modes 0

Nmethod flushes (20 events):
Event: 12.324 Thread 0x00007fcdd80f4dd0 flushing  nmethod 0x00007fcdc201c590
Event: 12.324 Thread 0x00007fcdd80f4dd0 flushing  nmethod 0x00007fcdc201ce10
Event: 12.324 Thread 0x00007fcdd80f4dd0 flushing  nmethod 0x00007fcdc201e910
Event: 12.324 Thread 0x00007fcdd80f4dd0 flushing  nmethod 0x00007fcdc201ec90
Event: 12.324 Thread 0x00007fcdd80f4dd0 flushing  nmethod 0x00007fcdc201f090
Event: 12.324 Thread 0x00007fcdd80f4dd0 flushing  nmethod 0x00007fcdc201fa90
Event: 12.324 Thread 0x00007fcdd80f4dd0 flushing  nmethod 0x00007fcdc2026e90
Event: 12.324 Thread 0x00007fcdd80f4dd0 flushing  nmethod 0x00007fcdc2041f90
Event: 12.324 Thread 0x00007fcdd80f4dd0 flushing  nmethod 0x00007fcdc204c510
Event: 12.324 Thread 0x00007fcdd80f4dd0 flushing  nmethod 0x00007fcdc2051710
Event: 12.324 Thread 0x00007fcdd80f4dd0 flushing  nmethod 0x00007fcdc2051f90
Event: 12.324 Thread 0x00007fcdd80f4dd0 flushing  nmethod 0x00007fcdc2053710
Event: 12.324 Thread 0x00007fcdd80f4dd0 flushing  nmethod 0x00007fcdc2055c90
Event: 12.324 Thread 0x00007fcdd80f4dd0 flushing  nmethod 0x00007fcdc2056310
Event: 12.324 Thread 0x00007fcdd80f4dd0 flushing  nmethod 0x00007fcdc2056b10
Event: 18.581 Thread 0x00007fcdd80f4dd0 flushing  nmethod 0x00007fcdc1fb3310
Event: 18.581 Thread 0x00007fcdd80f4dd0 flushing  nmethod 0x00007fcdc1fd9210
Event: 18.581 Thread 0x00007fcdd80f4dd0 flushing  nmethod 0x00007fcdc1fe9e10
Event: 18.581 Thread 0x00007fcdd80f4dd0 flushing  nmethod 0x00007fcdc1fea210
Event: 18.582 Thread 0x00007fcdd80f4dd0 flushing  nmethod 0x00007fcdc2020310

Events (20 events):
Event: 4.008 Thread 0x00007fcd5000d060 Thread added: 0x00007fcd9c929290
Event: 4.204 Thread 0x00007fcd5000d060 Thread added: 0x00007fcd9c9911a0
Event: 5.528 Thread 0x00007fcd5000d060 Thread added: 0x00007fcd9c53bd60
Event: 6.287 Thread 0x00007fcd5000d060 Thread added: 0x00007fcd9c36a090
Event: 6.494 Thread 0x00007fcd5000d060 Thread added: 0x00007fcd9c7f4090
Event: 7.015 Thread 0x00007fcd5000d060 Thread added: 0x00007fcd9c316a70
Event: 7.617 Thread 0x00007fcd5000d060 Thread added: 0x00007fcd9cbc6b00
Event: 9.404 Thread 0x00007fcd5000d060 Thread added: 0x00007fcd9cefbca0
Event: 9.409 Thread 0x00007fcd9cefbca0 Thread added: 0x00007fcdac0097d0
Event: 9.485 Thread 0x00007fcdac0097d0 Thread added: 0x00007fcdb4025350
Event: 10.002 Thread 0x00007fcdac0097d0 Thread added: 0x00007fcdb40b9bd0
Event: 10.491 Thread 0x00007fcd5000d060 Thread added: 0x00007fcd9ce5d6e0
Event: 14.827 Thread 0x00007fcd5000d060 Thread added: 0x00007fcd9d16ac10
Event: 15.425 Thread 0x00007fcd5000d060 Thread added: 0x00007fcd9d349930
Event: 16.994 Thread 0x00007fcd5000d060 Thread added: 0x00007fcd9d56b2a0
Event: 16.998 Thread 0x00007fcd9d56b2a0 Thread exited: 0x00007fcd9d56b2a0
Event: 17.081 Thread 0x00007fcd5000d060 Thread added: 0x00007fcd9d569c10
Event: 18.603 Thread 0x00007fcd5000d060 Thread added: 0x00007fcd9cc3d580
Event: 18.621 Thread 0x00007fcd5000d060 Thread added: 0x00007fcd9cca6d70
Event: 18.630 Thread 0x00007fcd5000d060 Thread added: 0x00007fcd9cca8050


Dynamic libraries:
700000000-727800000 rw-p 00000000 00:00 0 
76f200000-7ffc00000 ---p 00000000 00:00 0 
7ffc00000-7ffd00000 rw-p 00000000 00:00 0 
7ffd00000-7ffd75000 rw-p 00c7a000 00:25 13842                            /usr/lib/jvm/java-17-openjdk-amd64/lib/server/classes.jsa
7ffd75000-7ffe00000 rw-p 00000000 00:00 0 
7ffe00000-7ffe78000 rw-p 00c02000 00:25 13842                            /usr/lib/jvm/java-17-openjdk-amd64/lib/server/classes.jsa
7ffe78000-800000000 rw-p 00000000 00:00 0 
55de22195000-55de22196000 r--p 00000000 00:25 13485                      /usr/lib/jvm/java-17-openjdk-amd64/bin/java
55de22196000-55de22197000 r-xp 00001000 00:25 13485                      /usr/lib/jvm/java-17-openjdk-amd64/bin/java
55de22197000-55de22198000 r--p 00002000 00:25 13485                      /usr/lib/jvm/java-17-openjdk-amd64/bin/java
55de22198000-55de22199000 r--p 00002000 00:25 13485                      /usr/lib/jvm/java-17-openjdk-amd64/bin/java
55de22199000-55de2219a000 rw-p 00003000 00:25 13485                      /usr/lib/jvm/java-17-openjdk-amd64/bin/java
55de2354c000-55de23593000 rw-p 00000000 00:00 0                          [heap]
7fcd34000000-7fcd34a81000 rw-p 00000000 00:00 0 
7fcd34a81000-7fcd38000000 ---p 00000000 00:00 0 
7fcd38000000-7fcd38021000 rw-p 00000000 00:00 0 
7fcd38021000-7fcd3c000000 ---p 00000000 00:00 0 
7fcd3c000000-7fcd3c021000 rw-p 00000000 00:00 0 
7fcd3c021000-7fcd40000000 ---p 00000000 00:00 0 
7fcd40000000-7fcd41683000 rw-p 00000000 00:00 0 
7fcd41683000-7fcd44000000 ---p 00000000 00:00 0 
7fcd44000000-7fcd44021000 rw-p 00000000 00:00 0 
7fcd44021000-7fcd48000000 ---p 00000000 00:00 0 
7fcd48000000-7fcd48054000 rw-p 00000000 00:00 0 
7fcd48054000-7fcd4c000000 ---p 00000000 00:00 0 
7fcd4c000000-7fcd4c294000 rw-p 00000000 00:00 0 
7fcd4c294000-7fcd50000000 ---p 00000000 00:00 0 
7fcd50000000-7fcd50224000 rw-p 00000000 00:00 0 
7fcd50224000-7fcd54000000 ---p 00000000 00:00 0 
7fcd54000000-7fcd542f1000 rw-p 00000000 00:00 0 
7fcd542f1000-7fcd58000000 ---p 00000000 00:00 0 
7fcd5b000000-7fcd5b455000 rw-p 00001000 00:25 13842                      /usr/lib/jvm/java-17-openjdk-amd64/lib/server/classes.jsa
7fcd5b455000-7fcd5bbca000 rw-p 00456000 00:25 13842                      /usr/lib/jvm/java-17-openjdk-amd64/lib/server/classes.jsa
7fcd5bbca000-7fcd5c000000 ---p 00000000 00:00 0 
7fcd5c000000-7fcd5c040000 rw-p 00000000 00:00 0 
7fcd5c040000-7fcd5c080000 rw-p 00000000 00:00 0 
7fcd5c080000-7fcd5c140000 rw-p 00000000 00:00 0 
7fcd5c140000-7fcd5c3e0000 rw-p 00000000 00:00 0 
7fcd5c3e0000-7fcd5c480000 rw-p 00000000 00:00 0 
7fcd5c480000-7fcd5c860000 rw-p 00000000 00:00 0 
7fcd5c860000-7fcd5c8a0000 rw-p 00000000 00:00 0 
7fcd5c8a0000-7fcd5c8c0000 rw-p 00000000 00:00 0 
7fcd5c8c0000-7fcd5c930000 rw-p 00000000 00:00 0 
7fcd5c930000-7fcd9c000000 ---p 00000000 00:00 0 
7fcd9c000000-7fcd9d6f2000 rw-p 00000000 00:00 0 
7fcd9d6f2000-7fcda0000000 ---p 00000000 00:00 0 
7fcda0000000-7fcda0400000 rw-p 00000000 00:00 0 
7fcda0400000-7fcda0900000 rw-p 00000000 00:00 0 
7fcda0900000-7fcda0a00000 rw-p 00000000 00:00 0 
7fcda0a00000-7fcda1500000 rw-p 00000000 00:00 0 
7fcda1500000-7fcda1600000 rw-p 00000000 00:00 0 
7fcda1600000-7fcda1700000 rw-p 00000000 00:00 0 
7fcda1700000-7fcda1800000 rw-p 00000000 00:00 0 
7fcda1800000-7fcda1980000 rw-p 00000000 00:00 0 
7fcda1980000-7fcda1a00000 rw-p 00000000 00:00 0 
7fcda1a00000-7fcda1f00000 rw-p 00000000 00:00 0 
7fcda1f00000-7fcda2000000 rw-p 00000000 00:00 0 
7fcda2000000-7fcda3080000 rw-p 00000000 00:00 0 
7fcda3080000-7fcda3100000 rw-p 00000000 00:00 0 
7fcda3100000-7fcda3300000 rw-p 00000000 00:00 0 
7fcda3300000-7fcda3340000 rw-p 00000000 00:00 0 
7fcda3340000-7fcda3380000 rw-p 00000000 00:00 0 
7fcda3380000-7fcda3480000 rw-p 00000000 00:00 0 
7fcda3480000-7fcda34f0000 rw-p 00000000 00:00 0 
7fcda34f0000-7fcda3500000 ---p 00000000 00:00 0 
7fcda3500000-7fcda3790000 rw-p 00000000 00:00 0 
7fcda3790000-7fcda4000000 ---p 00000000 00:00 0 
7fcda4000000-7fcda4039000 rw-p 00000000 00:00 0 
7fcda4039000-7fcda8000000 ---p 00000000 00:00 0 
7fcda865c000-7fcda88e9000 rw-p 00000000 00:00 0 
7fcda88e9000-7fcda88ea000 ---p 00000000 00:00 0 
7fcda88ea000-7fcda88ee000 ---p 00000000 00:00 0 
7fcda88ee000-7fcda89ea000 rw-p 00000000 00:00 0 
7fcda89ea000-7fcda89eb000 ---p 00000000 00:00 0 
7fcda89eb000-7fcda89ef000 ---p 00000000 00:00 0 
7fcda89ef000-7fcda8aeb000 rw-p 00000000 00:00 0 
7fcda8aeb000-7fcda8aec000 ---p 00000000 00:00 0 
7fcda8aec000-7fcda8af0000 ---p 00000000 00:00 0 
7fcda8af0000-7fcda8bec000 rw-p 00000000 00:00 0 
7fcda8bec000-7fcda8bed000 ---p 00000000 00:00 0 
7fcda8bed000-7fcda8bf1000 ---p 00000000 00:00 0 
7fcda8bf1000-7fcda8ced000 rw-p 00000000 00:00 0 
7fcda8ced000-7fcda8cee000 ---p 00000000 00:00 0 
7fcda8cee000-7fcda8cf2000 ---p 00000000 00:00 0 
7fcda8cf2000-7fcda8dee000 rw-p 00000000 00:00 0 
7fcda8dee000-7fcda8def000 ---p 00000000 00:00 0 
7fcda8def000-7fcda8df3000 ---p 00000000 00:00 0 
7fcda8df3000-7fcda8eef000 rw-p 00000000 00:00 0 
7fcda8eef000-7fcda8ef0000 ---p 00000000 00:00 0 
7fcda8ef0000-7fcda8ef4000 ---p 00000000 00:00 0 
7fcda8ef4000-7fcda8ff0000 rw-p 00000000 00:00 0 
7fcda8ff0000-7fcda8ff1000 ---p 00000000 00:00 0 
7fcda8ff1000-7fcda8ff5000 ---p 00000000 00:00 0 
7fcda8ff5000-7fcda90f1000 rw-p 00000000 00:00 0 
7fcda90f1000-7fcda90f2000 ---p 00000000 00:00 0 
7fcda90f2000-7fcda90f6000 ---p 00000000 00:00 0 
7fcda90f6000-7fcda91f2000 rw-p 00000000 00:00 0 
7fcda91f2000-7fcda91f3000 ---p 00000000 00:00 0 
7fcda91f3000-7fcda91f7000 ---p 00000000 00:00 0 
7fcda91f7000-7fcda92f3000 rw-p 00000000 00:00 0 
7fcda92f3000-7fcda92f4000 ---p 00000000 00:00 0 
7fcda92f4000-7fcda92f8000 ---p 00000000 00:00 0 
7fcda92f8000-7fcda93f4000 rw-p 00000000 00:00 0 
7fcda93f4000-7fcda93f5000 ---p 00000000 00:00 0 
7fcda93f5000-7fcda93f9000 ---p 00000000 00:00 0 
7fcda93f9000-7fcda94f5000 rw-p 00000000 00:00 0 
7fcda94f5000-7fcda94f6000 ---p 00000000 00:00 0 
7fcda94f6000-7fcda94fa000 ---p 00000000 00:00 0 
7fcda94fa000-7fcda95f6000 rw-p 00000000 00:00 0 
7fcda95f6000-7fcda95f7000 ---p 00000000 00:00 0 
7fcda95f7000-7fcda95fb000 ---p 00000000 00:00 0 
7fcda95fb000-7fcda96f7000 rw-p 00000000 00:00 0 
7fcda96f7000-7fcda96f8000 ---p 00000000 00:00 0 
7fcda96f8000-7fcda96fc000 ---p 00000000 00:00 0 
7fcda96fc000-7fcda97f8000 rw-p 00000000 00:00 0 
7fcda97f8000-7fcda97f9000 ---p 00000000 00:00 0 
7fcda97f9000-7fcda97fd000 ---p 00000000 00:00 0 
7fcda97fd000-7fcda98f9000 rw-p 00000000 00:00 0 
7fcda98f9000-7fcda98fa000 ---p 00000000 00:00 0 
7fcda98fa000-7fcda99fa000 rw-p 00000000 00:00 0 
7fcda99fa000-7fcda99fb000 ---p 00000000 00:00 0 
7fcda99fb000-7fcda99ff000 ---p 00000000 00:00 0 
7fcda99ff000-7fcda9afb000 rw-p 00000000 00:00 0 
7fcda9afb000-7fcda9afc000 ---p 00000000 00:00 0 
7fcda9afc000-7fcda9b00000 ---p 00000000 00:00 0 
7fcda9b00000-7fcda9bfc000 rw-p 00000000 00:00 0 
7fcda9bfc000-7fcda9bfd000 ---p 00000000 00:00 0 
7fcda9bfd000-7fcda9c01000 ---p 00000000 00:00 0 
7fcda9c01000-7fcda9cfd000 rw-p 00000000 00:00 0 
7fcda9cfd000-7fcda9cfe000 ---p 00000000 00:00 0 
7fcda9cfe000-7fcda9d02000 ---p 00000000 00:00 0 
7fcda9d02000-7fcda9dfe000 rw-p 00000000 00:00 0 
7fcda9dfe000-7fcda9dff000 ---p 00000000 00:00 0 
7fcda9dff000-7fcda9e03000 ---p 00000000 00:00 0 
7fcda9e03000-7fcda9eff000 rw-p 00000000 00:00 0 
7fcda9eff000-7fcda9f00000 ---p 00000000 00:00 0 
7fcda9f00000-7fcda9f04000 ---p 00000000 00:00 0 
7fcda9f04000-7fcdac000000 rw-p 00000000 00:00 0 
7fcdac000000-7fcdac032000 rw-p 00000000 00:00 0 
7fcdac032000-7fcdb0000000 ---p 00000000 00:00 0 
7fcdb0000000-7fcdb0021000 rw-p 00000000 00:00 0 
7fcdb0021000-7fcdb4000000 ---p 00000000 00:00 0 
7fcdb4000000-7fcdb4128000 rw-p 00000000 00:00 0 
7fcdb4128000-7fcdb8000000 ---p 00000000 00:00 0 
7fcdb80f5000-7fcdb80f6000 ---p 00000000 00:00 0 
7fcdb80f6000-7fcdb80fa000 ---p 00000000 00:00 0 
7fcdb80fa000-7fcdb81f6000 rw-p 00000000 00:00 0 
7fcdb81f6000-7fcdb81f7000 ---p 00000000 00:00 0 
7fcdb81f7000-7fcdb81fb000 ---p 00000000 00:00 0 
7fcdb81fb000-7fcdb82f7000 rw-p 00000000 00:00 0 
7fcdb82f7000-7fcdb82f8000 ---p 00000000 00:00 0 
7fcdb82f8000-7fcdb82fc000 ---p 00000000 00:00 0 
7fcdb82fc000-7fcdb83f8000 rw-p 00000000 00:00 0 
7fcdb83f8000-7fcdb83f9000 ---p 00000000 00:00 0 
7fcdb83f9000-7fcdb83fd000 ---p 00000000 00:00 0 
7fcdb83fd000-7fcdb84f9000 rw-p 00000000 00:00 0 
7fcdb84f9000-7fcdb84fa000 ---p 00000000 00:00 0 
7fcdb84fa000-7fcdb84fe000 ---p 00000000 00:00 0 
7fcdb84fe000-7fcdb85fa000 rw-p 00000000 00:00 0 
7fcdb85fa000-7fcdb85fb000 ---p 00000000 00:00 0 
7fcdb85fb000-7fcdb85ff000 ---p 00000000 00:00 0 
7fcdb85ff000-7fcdb86fb000 rw-p 00000000 00:00 0 
7fcdb86fb000-7fcdb86fc000 ---p 00000000 00:00 0 
7fcdb86fc000-7fcdb8700000 ---p 00000000 00:00 0 
7fcdb8700000-7fcdb87fc000 rw-p 00000000 00:00 0 
7fcdb87fc000-7fcdb87fd000 ---p 00000000 00:00 0 
7fcdb87fd000-7fcdb8801000 ---p 00000000 00:00 0 
7fcdb8801000-7fcdb88fd000 rw-p 00000000 00:00 0 
7fcdb88fd000-7fcdb88fe000 ---p 00000000 00:00 0 
7fcdb88fe000-7fcdb8902000 ---p 00000000 00:00 0 
7fcdb8902000-7fcdb89fe000 rw-p 00000000 00:00 0 
7fcdb89fe000-7fcdb89ff000 ---p 00000000 00:00 0 
7fcdb89ff000-7fcdb8a03000 ---p 00000000 00:00 0 
7fcdb8a03000-7fcdb8aff000 rw-p 00000000 00:00 0 
7fcdb8aff000-7fcdb8b00000 ---p 00000000 00:00 0 
7fcdb8b00000-7fcdb8b04000 ---p 00000000 00:00 0 
7fcdb8b04000-7fcdb8c00000 rw-p 00000000 00:00 0 
7fcdb8c00000-7fcdb8c53000 r-xp 00000000 fe:00 132238                     /root/.gradle/native/e376f236ea51e6404a007f0833ffe2c6e607c4080706a723a18a27aeea778392/linux-amd64/libnative-platform-file-events.so
7fcdb8c53000-7fcdb8e52000 ---p 00053000 fe:00 132238                     /root/.gradle/native/e376f236ea51e6404a007f0833ffe2c6e607c4080706a723a18a27aeea778392/linux-amd64/libnative-platform-file-events.so
7fcdb8e52000-7fcdb8e53000 r--p 00052000 fe:00 132238                     /root/.gradle/native/e376f236ea51e6404a007f0833ffe2c6e607c4080706a723a18a27aeea778392/linux-amd64/libnative-platform-file-events.so
7fcdb8e53000-7fcdb8e55000 rw-p 00053000 fe:00 132238                     /root/.gradle/native/e376f236ea51e6404a007f0833ffe2c6e607c4080706a723a18a27aeea778392/linux-amd64/libnative-platform-file-events.so
7fcdb8eff000-7fcdb8f00000 ---p 00000000 00:00 0 
7fcdb8f00000-7fcdb8f04000 ---p 00000000 00:00 0 
7fcdb8f04000-7fcdb9000000 rw-p 00000000 00:00 0 
7fcdb9000000-7fcdb9005000 r-xp 00000000 fe:00 132218                     /root/.gradle/native/68d5fa5c4cc2d200863cafc0d521ce42e7d3e7ee720ec0a83991735586a16f82/linux-amd64/libnative-platform.so
7fcdb9005000-7fcdb9205000 ---p 00005000 fe:00 132218                     /root/.gradle/native/68d5fa5c4cc2d200863cafc0d521ce42e7d3e7ee720ec0a83991735586a16f82/linux-amd64/libnative-platform.so
7fcdb9205000-7fcdb9206000 r--p 00005000 fe:00 132218                     /root/.gradle/native/68d5fa5c4cc2d200863cafc0d521ce42e7d3e7ee720ec0a83991735586a16f82/linux-amd64/libnative-platform.so
7fcdb9206000-7fcdb9207000 rw-p 00006000 fe:00 132218                     /root/.gradle/native/68d5fa5c4cc2d200863cafc0d521ce42e7d3e7ee720ec0a83991735586a16f82/linux-amd64/libnative-platform.so
7fcdb921a000-7fcdb921b000 ---p 00000000 00:00 0 
7fcdb921b000-7fcdb921f000 ---p 00000000 00:00 0 
7fcdb921f000-7fcdb923d000 rw-p 00000000 00:00 0 
7fcdb923d000-7fcdb923e000 r--p 00000000 00:25 13802                      /usr/lib/jvm/java-17-openjdk-amd64/lib/libextnet.so
7fcdb923e000-7fcdb923f000 r-xp 00001000 00:25 13802                      /usr/lib/jvm/java-17-openjdk-amd64/lib/libextnet.so
7fcdb923f000-7fcdb9240000 r--p 00002000 00:25 13802                      /usr/lib/jvm/java-17-openjdk-amd64/lib/libextnet.so
7fcdb9240000-7fcdb9241000 r--p 00002000 00:25 13802                      /usr/lib/jvm/java-17-openjdk-amd64/lib/libextnet.so
7fcdb9241000-7fcdb9242000 rw-p 00003000 00:25 13802                      /usr/lib/jvm/java-17-openjdk-amd64/lib/libextnet.so
7fcdb9242000-7fcdb9244000 r--p 00000000 00:25 13821                      /usr/lib/jvm/java-17-openjdk-amd64/lib/libmanagement_ext.so
7fcdb9244000-7fcdb9247000 r-xp 00002000 00:25 13821                      /usr/lib/jvm/java-17-openjdk-amd64/lib/libmanagement_ext.so
7fcdb9247000-7fcdb9248000 r--p 00005000 00:25 13821                      /usr/lib/jvm/java-17-openjdk-amd64/lib/libmanagement_ext.so
7fcdb9248000-7fcdb9249000 r--p 00006000 00:25 13821                      /usr/lib/jvm/java-17-openjdk-amd64/lib/libmanagement_ext.so
7fcdb9249000-7fcdb924a000 rw-p 00007000 00:25 13821                      /usr/lib/jvm/java-17-openjdk-amd64/lib/libmanagement_ext.so
7fcdb924a000-7fcdb924b000 ---p 00000000 00:00 0 
7fcdb924b000-7fcdb934b000 rw-p 00000000 00:00 0 
7fcdb934b000-7fcdb934c000 ---p 00000000 00:00 0 
7fcdb934c000-7fcdb944c000 rw-p 00000000 00:00 0 
7fcdb944c000-7fcdb944d000 ---p 00000000 00:00 0 
7fcdb944d000-7fcdb9451000 ---p 00000000 00:00 0 
7fcdb9451000-7fcdb9f2d000 rw-p 00000000 00:00 0 
7fcdb9f2d000-7fcdbd53d000 ---p 00000000 00:00 0 
7fcdbd53d000-7fcdbdf2d000 rw-p 00000000 00:00 0 
7fcdbdf2d000-7fcdc153d000 ---p 00000000 00:00 0 
7fcdc153d000-7fcdc154d000 rw-p 00000000 00:00 0 
7fcdc154d000-7fcdc23fd000 rwxp 00000000 00:00 0 
7fcdc23fd000-7fcdc8a85000 ---p 00000000 00:00 0 
7fcdc8a85000-7fcdc8cf5000 rwxp 00000000 00:00 0 
7fcdc8cf5000-7fcdc9014000 ---p 00000000 00:00 0 
7fcdc9014000-7fcdc93b4000 rwxp 00000000 00:00 0 
7fcdc93b4000-7fcdd054d000 ---p 00000000 00:00 0 
7fcdd054d000-7fcdd8000000 r--s 00000000 00:25 13833                      /usr/lib/jvm/java-17-openjdk-amd64/lib/modules
7fcdd8000000-7fcdd9113000 rw-p 00000000 00:00 0 
7fcdd9113000-7fcddc000000 ---p 00000000 00:00 0 
7fcddc003000-7fcddc004000 r--p 00000000 00:25 18147                      /usr/lib/x86_64-linux-gnu/libpthread.so.0
7fcddc004000-7fcddc005000 r-xp 00001000 00:25 18147                      /usr/lib/x86_64-linux-gnu/libpthread.so.0
7fcddc005000-7fcddc006000 r--p 00002000 00:25 18147                      /usr/lib/x86_64-linux-gnu/libpthread.so.0
7fcddc006000-7fcddc007000 r--p 00002000 00:25 18147                      /usr/lib/x86_64-linux-gnu/libpthread.so.0
7fcddc007000-7fcddc008000 rw-p 00003000 00:25 18147                      /usr/lib/x86_64-linux-gnu/libpthread.so.0
7fcddc008000-7fcddc00c000 r--p 00000000 00:25 13831                      /usr/lib/jvm/java-17-openjdk-amd64/lib/libverify.so
7fcddc00c000-7fcddc013000 r-xp 00004000 00:25 13831                      /usr/lib/jvm/java-17-openjdk-amd64/lib/libverify.so
7fcddc013000-7fcddc015000 r--p 0000b000 00:25 13831                      /usr/lib/jvm/java-17-openjdk-amd64/lib/libverify.so
7fcddc015000-7fcddc017000 r--p 0000c000 00:25 13831                      /usr/lib/jvm/java-17-openjdk-amd64/lib/libverify.so
7fcddc017000-7fcddc018000 rw-p 0000e000 00:25 13831                      /usr/lib/jvm/java-17-openjdk-amd64/lib/libverify.so
7fcddc018000-7fcddc01c000 r--p 00000000 00:25 13823                      /usr/lib/jvm/java-17-openjdk-amd64/lib/libnet.so
7fcddc01c000-7fcddc02a000 r-xp 00004000 00:25 13823                      /usr/lib/jvm/java-17-openjdk-amd64/lib/libnet.so
7fcddc02a000-7fcddc02e000 r--p 00012000 00:25 13823                      /usr/lib/jvm/java-17-openjdk-amd64/lib/libnet.so
7fcddc02e000-7fcddc02f000 r--p 00015000 00:25 13823                      /usr/lib/jvm/java-17-openjdk-amd64/lib/libnet.so
7fcddc02f000-7fcddc030000 rw-p 00016000 00:25 13823                      /usr/lib/jvm/java-17-openjdk-amd64/lib/libnet.so
7fcddc030000-7fcddc031000 ---p 00000000 00:00 0 
7fcddc031000-7fcddc035000 ---p 00000000 00:00 0 
7fcddc035000-7fcddc131000 rw-p 00000000 00:00 0 
7fcddc131000-7fcddc132000 ---p 00000000 00:00 0 
7fcddc132000-7fcddc136000 ---p 00000000 00:00 0 
7fcddc136000-7fcddc232000 rw-p 00000000 00:00 0 
7fcddc232000-7fcddc233000 ---p 00000000 00:00 0 
7fcddc233000-7fcddc237000 ---p 00000000 00:00 0 
7fcddc237000-7fcddc333000 rw-p 00000000 00:00 0 
7fcddc333000-7fcddc334000 ---p 00000000 00:00 0 
7fcddc334000-7fcddc338000 ---p 00000000 00:00 0 
7fcddc338000-7fcddc434000 rw-p 00000000 00:00 0 
7fcddc434000-7fcddc435000 ---p 00000000 00:00 0 
7fcddc435000-7fcddc439000 ---p 00000000 00:00 0 
7fcddc439000-7fcddc535000 rw-p 00000000 00:00 0 
7fcddc535000-7fcddc536000 ---p 00000000 00:00 0 
7fcddc536000-7fcddc53a000 ---p 00000000 00:00 0 
7fcddc53a000-7fcddc636000 rw-p 00000000 00:00 0 
7fcddc636000-7fcddc637000 ---p 00000000 00:00 0 
7fcddc637000-7fcddc63b000 ---p 00000000 00:00 0 
7fcddc63b000-7fcddc737000 rw-p 00000000 00:00 0 
7fcddc737000-7fcddc78e000 r--p 00000000 00:25 13882                      /usr/lib/locale/C.utf8/LC_CTYPE
7fcddc78e000-7fcddc78f000 ---p 00000000 00:00 0 
7fcddc78f000-7fcddc793000 ---p 00000000 00:00 0 
7fcddc793000-7fcddc88f000 rw-p 00000000 00:00 0 
7fcddc88f000-7fcddc890000 ---p 00000000 00:00 0 
7fcddc890000-7fcddc894000 ---p 00000000 00:00 0 
7fcddc894000-7fcddc990000 rw-p 00000000 00:00 0 
7fcddc990000-7fcddc991000 ---p 00000000 00:00 0 
7fcddc991000-7fcddca91000 rw-p 00000000 00:00 0 
7fcddca91000-7fcddca96000 r--p 00000000 00:25 13817                      /usr/lib/jvm/java-17-openjdk-amd64/lib/libjsvml.so
7fcddca96000-7fcddcad7000 r-xp 00005000 00:25 13817                      /usr/lib/jvm/java-17-openjdk-amd64/lib/libjsvml.so
7fcddcad7000-7fcddcb60000 r--p 00046000 00:25 13817                      /usr/lib/jvm/java-17-openjdk-amd64/lib/libjsvml.so
7fcddcb60000-7fcddcb61000 r--p 000ce000 00:25 13817                      /usr/lib/jvm/java-17-openjdk-amd64/lib/libjsvml.so
7fcddcb61000-7fcddcb62000 rw-p 000cf000 00:25 13817                      /usr/lib/jvm/java-17-openjdk-amd64/lib/libjsvml.so
7fcddcb62000-7fcddcc7f000 rw-p 00000000 00:00 0 
7fcddcc83000-7fcddcc85000 r--p 00000000 00:25 13819                      /usr/lib/jvm/java-17-openjdk-amd64/lib/libmanagement.so
7fcddcc85000-7fcddcc86000 r-xp 00002000 00:25 13819                      /usr/lib/jvm/java-17-openjdk-amd64/lib/libmanagement.so
7fcddcc86000-7fcddcc87000 r--p 00003000 00:25 13819                      /usr/lib/jvm/java-17-openjdk-amd64/lib/libmanagement.so
7fcddcc87000-7fcddcc88000 r--p 00003000 00:25 13819                      /usr/lib/jvm/java-17-openjdk-amd64/lib/libmanagement.so
7fcddcc88000-7fcddcc89000 rw-p 00004000 00:25 13819                      /usr/lib/jvm/java-17-openjdk-amd64/lib/libmanagement.so
7fcddcc89000-7fcddcc8f000 r--p 00000000 00:25 13824                      /usr/lib/jvm/java-17-openjdk-amd64/lib/libnio.so
7fcddcc8f000-7fcddcc98000 r-xp 00006000 00:25 13824                      /usr/lib/jvm/java-17-openjdk-amd64/lib/libnio.so
7fcddcc98000-7fcddcc9c000 r--p 0000f000 00:25 13824                      /usr/lib/jvm/java-17-openjdk-amd64/lib/libnio.so
7fcddcc9c000-7fcddcc9d000 r--p 00013000 00:25 13824                      /usr/lib/jvm/java-17-openjdk-amd64/lib/libnio.so
7fcddcc9d000-7fcddcc9e000 rw-p 00014000 00:25 13824                      /usr/lib/jvm/java-17-openjdk-amd64/lib/libnio.so
7fcddcc9e000-7fcddcca0000 r--p 00000000 00:25 13832                      /usr/lib/jvm/java-17-openjdk-amd64/lib/libzip.so
7fcddcca0000-7fcddcca4000 r-xp 00002000 00:25 13832                      /usr/lib/jvm/java-17-openjdk-amd64/lib/libzip.so
7fcddcca4000-7fcddcca6000 r--p 00006000 00:25 13832                      /usr/lib/jvm/java-17-openjdk-amd64/lib/libzip.so
7fcddcca6000-7fcddcca7000 r--p 00007000 00:25 13832                      /usr/lib/jvm/java-17-openjdk-amd64/lib/libzip.so
7fcddcca7000-7fcddcca8000 rw-p 00008000 00:25 13832                      /usr/lib/jvm/java-17-openjdk-amd64/lib/libzip.so
7fcddcca8000-7fcddcca9000 r--p 00000000 00:25 13888                      /usr/lib/locale/C.utf8/LC_NUMERIC
7fcddcca9000-7fcddccaa000 r--p 00000000 00:25 13891                      /usr/lib/locale/C.utf8/LC_TIME
7fcddccaa000-7fcddccab000 r--p 00000000 00:25 13881                      /usr/lib/locale/C.utf8/LC_COLLATE
7fcddccab000-7fcddccac000 r--p 00000000 00:25 13886                      /usr/lib/locale/C.utf8/LC_MONETARY
7fcddccac000-7fcddccad000 r--p 00000000 00:25 13885                      /usr/lib/locale/C.utf8/LC_MESSAGES/SYS_LC_MESSAGES
7fcddccad000-7fcddccae000 r--p 00000000 00:25 13889                      /usr/lib/locale/C.utf8/LC_PAPER
7fcddccae000-7fcddccaf000 r--p 00000000 00:25 13887                      /usr/lib/locale/C.utf8/LC_NAME
7fcddccaf000-7fcddccb6000 r--s 00000000 00:25 17572                      /usr/lib/x86_64-linux-gnu/gconv/gconv-modules.cache
7fcddccb6000-7fcddccb7000 ---p 00000000 00:00 0 
7fcddccb7000-7fcddcdb7000 rw-p 00000000 00:00 0 
7fcddcdb7000-7fcddcdb8000 ---p 00000000 00:00 0 
7fcddcdb8000-7fcddd0ba000 rw-p 00000000 00:00 0 
7fcddd0ba000-7fcddd0bb000 ---p 00000000 00:00 0 
7fcddd0bb000-7fcddd1bb000 rw-p 00000000 00:00 0 
7fcddd1bb000-7fcddd1bc000 ---p 00000000 00:00 0 
7fcddd1bc000-7fcddd2bc000 rw-p 00000000 00:00 0 
7fcddd2bc000-7fcddd2bd000 ---p 00000000 00:00 0 
7fcddd2bd000-7fcddd53e000 rw-p 00000000 00:00 0 
7fcddd53e000-7fcdddc00000 ---p 00000000 00:00 0 
7fcdddc00000-7fcdddd3e000 rw-p 00000000 00:00 0 
7fcdddd3e000-7fcdde400000 ---p 00000000 00:00 0 
7fcdde400000-7fcdde53e000 rw-p 00000000 00:00 0 
7fcdde53e000-7fcddec00000 ---p 00000000 00:00 0 
7fcddec00000-7fcddee0c000 rw-p 00000000 00:00 0 
7fcddee0c000-7fcddeeef000 ---p 00000000 00:00 0 
7fcddeeef000-7fcddef0d000 rw-p 00000000 00:00 0 
7fcddef0d000-7fcddefda000 ---p 00000000 00:00 0 
7fcddefda000-7fcddefdf000 rw-p 00000000 00:00 0 
7fcddefdf000-7fcddefe6000 ---p 00000000 00:00 0 
7fcddefe6000-7fcddefee000 rw-s 00000000 fe:00 133206                     /tmp/hsperfdata_root/2184
7fcddefee000-7fcddeffa000 r--p 00000000 00:25 13809                      /usr/lib/jvm/java-17-openjdk-amd64/lib/libjava.so
7fcddeffa000-7fcddf00b000 r-xp 0000c000 00:25 13809                      /usr/lib/jvm/java-17-openjdk-amd64/lib/libjava.so
7fcddf00b000-7fcddf011000 r--p 0001d000 00:25 13809                      /usr/lib/jvm/java-17-openjdk-amd64/lib/libjava.so
7fcddf011000-7fcddf012000 r--p 00022000 00:25 13809                      /usr/lib/jvm/java-17-openjdk-amd64/lib/libjava.so
7fcddf012000-7fcddf013000 rw-p 00023000 00:25 13809                      /usr/lib/jvm/java-17-openjdk-amd64/lib/libjava.so
7fcddf013000-7fcddf014000 rw-p 00000000 00:00 0 
7fcddf014000-7fcddf015000 r--p 00000000 00:25 13804                      /usr/lib/jvm/java-17-openjdk-amd64/lib/libinstrument.so
7fcddf015000-7fcddf01b000 r-xp 00001000 00:25 13804                      /usr/lib/jvm/java-17-openjdk-amd64/lib/libinstrument.so
7fcddf01b000-7fcddf01e000 r--p 00007000 00:25 13804                      /usr/lib/jvm/java-17-openjdk-amd64/lib/libinstrument.so
7fcddf01e000-7fcddf01f000 r--p 00009000 00:25 13804                      /usr/lib/jvm/java-17-openjdk-amd64/lib/libinstrument.so
7fcddf01f000-7fcddf020000 rw-p 0000a000 00:25 13804                      /usr/lib/jvm/java-17-openjdk-amd64/lib/libinstrument.so
7fcddf020000-7fcddf022000 r--p 00000000 00:25 13813                      /usr/lib/jvm/java-17-openjdk-amd64/lib/libjimage.so
7fcddf022000-7fcddf025000 r-xp 00002000 00:25 13813                      /usr/lib/jvm/java-17-openjdk-amd64/lib/libjimage.so
7fcddf025000-7fcddf026000 r--p 00005000 00:25 13813                      /usr/lib/jvm/java-17-openjdk-amd64/lib/libjimage.so
7fcddf026000-7fcddf027000 r--p 00006000 00:25 13813                      /usr/lib/jvm/java-17-openjdk-amd64/lib/libjimage.so
7fcddf027000-7fcddf028000 rw-p 00007000 00:25 13813                      /usr/lib/jvm/java-17-openjdk-amd64/lib/libjimage.so
7fcddf028000-7fcddf02c000 ---p 00000000 00:00 0 
7fcddf02c000-7fcddf128000 rw-p 00000000 00:00 0 
7fcddf128000-7fcddf12b000 r--p 00000000 00:25 17958                      /usr/lib/x86_64-linux-gnu/libgcc_s.so.1
7fcddf12b000-7fcddf142000 r-xp 00003000 00:25 17958                      /usr/lib/x86_64-linux-gnu/libgcc_s.so.1
7fcddf142000-7fcddf146000 r--p 0001a000 00:25 17958                      /usr/lib/x86_64-linux-gnu/libgcc_s.so.1
7fcddf146000-7fcddf147000 r--p 0001d000 00:25 17958                      /usr/lib/x86_64-linux-gnu/libgcc_s.so.1
7fcddf147000-7fcddf148000 rw-p 0001e000 00:25 17958                      /usr/lib/x86_64-linux-gnu/libgcc_s.so.1
7fcddf148000-7fcddf158000 r--p 00000000 00:25 18057                      /usr/lib/x86_64-linux-gnu/libm.so.6
7fcddf158000-7fcddf1cc000 r-xp 00010000 00:25 18057                      /usr/lib/x86_64-linux-gnu/libm.so.6
7fcddf1cc000-7fcddf226000 r--p 00084000 00:25 18057                      /usr/lib/x86_64-linux-gnu/libm.so.6
7fcddf226000-7fcddf227000 r--p 000dd000 00:25 18057                      /usr/lib/x86_64-linux-gnu/libm.so.6
7fcddf227000-7fcddf228000 rw-p 000de000 00:25 18057                      /usr/lib/x86_64-linux-gnu/libm.so.6
7fcddf228000-7fcddf2c1000 r--p 00000000 00:25 18224                      /usr/lib/x86_64-linux-gnu/libstdc++.so.6.0.30
7fcddf2c1000-7fcddf3c2000 r-xp 00099000 00:25 18224                      /usr/lib/x86_64-linux-gnu/libstdc++.so.6.0.30
7fcddf3c2000-7fcddf431000 r--p 0019a000 00:25 18224                      /usr/lib/x86_64-linux-gnu/libstdc++.so.6.0.30
7fcddf431000-7fcddf43c000 r--p 00209000 00:25 18224                      /usr/lib/x86_64-linux-gnu/libstdc++.so.6.0.30
7fcddf43c000-7fcddf43f000 rw-p 00214000 00:25 18224                      /usr/lib/x86_64-linux-gnu/libstdc++.so.6.0.30
7fcddf43f000-7fcddf442000 rw-p 00000000 00:00 0 
7fcddf442000-7fcddf693000 r--p 00000000 00:25 13845                      /usr/lib/jvm/java-17-openjdk-amd64/lib/server/libjvm.so
7fcddf693000-7fcde03e5000 r-xp 00251000 00:25 13845                      /usr/lib/jvm/java-17-openjdk-amd64/lib/server/libjvm.so
7fcde03e5000-7fcde0666000 r--p 00fa3000 00:25 13845                      /usr/lib/jvm/java-17-openjdk-amd64/lib/server/libjvm.so
7fcde0666000-7fcde071e000 r--p 01224000 00:25 13845                      /usr/lib/jvm/java-17-openjdk-amd64/lib/server/libjvm.so
7fcde071e000-7fcde0753000 rw-p 012dc000 00:25 13845                      /usr/lib/jvm/java-17-openjdk-amd64/lib/server/libjvm.so
7fcde0753000-7fcde07af000 rw-p 00000000 00:00 0 
7fcde07af000-7fcde07d5000 r--p 00000000 00:25 17847                      /usr/lib/x86_64-linux-gnu/libc.so.6
7fcde07d5000-7fcde092b000 r-xp 00026000 00:25 17847                      /usr/lib/x86_64-linux-gnu/libc.so.6
7fcde092b000-7fcde097e000 r--p 0017c000 00:25 17847                      /usr/lib/x86_64-linux-gnu/libc.so.6
7fcde097e000-7fcde0982000 r--p 001cf000 00:25 17847                      /usr/lib/x86_64-linux-gnu/libc.so.6
7fcde0982000-7fcde0984000 rw-p 001d3000 00:25 17847                      /usr/lib/x86_64-linux-gnu/libc.so.6
7fcde0984000-7fcde0991000 rw-p 00000000 00:00 0 
7fcde0991000-7fcde0993000 r--p 00000000 00:25 13814                      /usr/lib/jvm/java-17-openjdk-amd64/lib/libjli.so
7fcde0993000-7fcde099c000 r-xp 00002000 00:25 13814                      /usr/lib/jvm/java-17-openjdk-amd64/lib/libjli.so
7fcde099c000-7fcde099f000 r--p 0000b000 00:25 13814                      /usr/lib/jvm/java-17-openjdk-amd64/lib/libjli.so
7fcde099f000-7fcde09a0000 r--p 0000d000 00:25 13814                      /usr/lib/jvm/java-17-openjdk-amd64/lib/libjli.so
7fcde09a0000-7fcde09a1000 rw-p 0000e000 00:25 13814                      /usr/lib/jvm/java-17-openjdk-amd64/lib/libjli.so
7fcde09a1000-7fcde09a4000 r--p 00000000 00:25 1006                       /usr/lib/x86_64-linux-gnu/libz.so.1.2.13
7fcde09a4000-7fcde09b7000 r-xp 00003000 00:25 1006                       /usr/lib/x86_64-linux-gnu/libz.so.1.2.13
7fcde09b7000-7fcde09be000 r--p 00016000 00:25 1006                       /usr/lib/x86_64-linux-gnu/libz.so.1.2.13
7fcde09be000-7fcde09bf000 r--p 0001c000 00:25 1006                       /usr/lib/x86_64-linux-gnu/libz.so.1.2.13
7fcde09bf000-7fcde09c0000 rw-p 0001d000 00:25 1006                       /usr/lib/x86_64-linux-gnu/libz.so.1.2.13
7fcde09c0000-7fcde09c1000 r--p 00000000 00:25 13880                      /usr/lib/locale/C.utf8/LC_ADDRESS
7fcde09c1000-7fcde09c2000 r--p 00000000 00:25 13890                      /usr/lib/locale/C.utf8/LC_TELEPHONE
7fcde09c2000-7fcde09c3000 r--p 00000000 00:25 13884                      /usr/lib/locale/C.utf8/LC_MEASUREMENT
7fcde09c3000-7fcde09c4000 r--p 00000000 00:25 13883                      /usr/lib/locale/C.utf8/LC_IDENTIFICATION
7fcde09c4000-7fcde09c5000 ---p 00000000 00:00 0 
7fcde09c5000-7fcde09c6000 r--p 00000000 00:00 0 
7fcde09c6000-7fcde09c7000 ---p 00000000 00:00 0 
7fcde09c7000-7fcde09c9000 rw-p 00000000 00:00 0 
7fcde09c9000-7fcde09ca000 r--p 00000000 00:25 17633                      /usr/lib/x86_64-linux-gnu/ld-linux-x86-64.so.2
7fcde09ca000-7fcde09f0000 r-xp 00001000 00:25 17633                      /usr/lib/x86_64-linux-gnu/ld-linux-x86-64.so.2
7fcde09f0000-7fcde09fa000 r--p 00027000 00:25 17633                      /usr/lib/x86_64-linux-gnu/ld-linux-x86-64.so.2
7fcde09fa000-7fcde09fc000 r--p 00031000 00:25 17633                      /usr/lib/x86_64-linux-gnu/ld-linux-x86-64.so.2
7fcde09fc000-7fcde09fe000 rw-p 00033000 00:25 17633                      /usr/lib/x86_64-linux-gnu/ld-linux-x86-64.so.2
7fffa8a33000-7fffa8a54000 rw-p 00000000 00:00 0                          [stack]
7fffa8a88000-7fffa8a8b000 r--p 00000000 00:00 0                          [vvar]
7fffa8a8b000-7fffa8a8d000 r-xp 00000000 00:00 0                          [vdso]
ffffffffff600000-ffffffffff601000 r-xp 00000000 00:00 0                  [vsyscall]


VM Arguments:
jvm_args: --add-opens=java.base/java.util=ALL-UNNAMED --add-opens=java.base/java.lang=ALL-UNNAMED --add-opens=java.base/java.lang.invoke=ALL-UNNAMED --add-opens=java.prefs/java.util.prefs=ALL-UNNAMED --add-opens=java.base/java.nio.charset=ALL-UNNAMED --add-opens=java.base/java.net=ALL-UNNAMED --add-opens=java.base/java.util.concurrent.atomic=ALL-UNNAMED -Xmx4G -Dfile.encoding=UTF-8 -Duser.country -Duser.language=en -Duser.variant -javaagent:/root/.gradle/wrapper/dists/gradle-8.2-bin/bbg7u40eoinfdyxsxr3z4i7ta/gradle-8.2/lib/agents/gradle-instrumentation-agent-8.2.jar 
java_command: org.gradle.launcher.daemon.bootstrap.GradleDaemon 8.2
java_class_path (initial): /root/.gradle/wrapper/dists/gradle-8.2-bin/bbg7u40eoinfdyxsxr3z4i7ta/gradle-8.2/lib/gradle-launcher-8.2.jar
Launcher Type: SUN_STANDARD

[Global flags]
     intx CICompilerCount                          = 2                                         {product} {ergonomic}
     uint ConcGCThreads                            = 1                                         {product} {ergonomic}
     uint G1ConcRefinementThreads                  = 2                                         {product} {ergonomic}
   size_t G1HeapRegionSize                         = 2097152                                   {product} {ergonomic}
    uintx GCDrainStackTargetSize                   = 64                                        {product} {ergonomic}
   size_t InitialHeapSize                          = 33554432                                  {product} {ergonomic}
   size_t MarkStackSize                            = 4194304                                   {product} {ergonomic}
   size_t MaxHeapSize                              = 4294967296                                {product} {command line}
   size_t MaxNewSize                               = 2575302656                                {product} {ergonomic}
   size_t MinHeapDeltaBytes                        = 2097152                                   {product} {ergonomic}
   size_t MinHeapSize                              = 8388608                                   {product} {ergonomic}
    uintx NonNMethodCodeHeapSize                   = 5826188                                {pd product} {ergonomic}
    uintx NonProfiledCodeHeapSize                  = 122916026                              {pd product} {ergonomic}
    uintx ProfiledCodeHeapSize                     = 122916026                              {pd product} {ergonomic}
    uintx ReservedCodeCacheSize                    = 251658240                              {pd product} {ergonomic}
     bool SegmentedCodeCache                       = true                                      {product} {ergonomic}
   size_t SoftMaxHeapSize                          = 4294967296                             {manageable} {ergonomic}
     bool UseCompressedClassPointers               = true                           {product lp64_product} {ergonomic}
     bool UseCompressedOops                        = true                           {product lp64_product} {ergonomic}
     bool UseG1GC                                  = true                                      {product} {ergonomic}

Logging:
Log output configuration:
 #0: stdout all=warning uptime,level,tags
 #1: stderr all=off uptime,level,tags

Environment Variables:
PATH=/usr/local/sbin:/usr/local/bin:/usr/sbin:/usr/bin:/sbin:/bin
SHELL=/bin/bash
LANG=C.UTF-8
LC_ALL=C.UTF-8
TERM=tmux-256color

Active Locale:
LC_ALL=C.UTF-8
LC_COLLATE=C.UTF-8
LC_CTYPE=C.UTF-8
LC_MESSAGES=C.UTF-8
LC_MONETARY=C.UTF-8
LC_NUMERIC=C.UTF-8
LC_TIME=C.UTF-8

Signal Handlers:
   SIGSEGV: crash_handler in libjvm.so, mask=11100100010111111101111111111110, flags=SA_RESTART|SA_SIGINFO, unblocked
    SIGBUS: crash_handler in libjvm.so, mask=11100100010111111101111111111110, flags=SA_RESTART|SA_SIGINFO, unblocked
    SIGFPE: crash_handler in libjvm.so, mask=11100100010111111101111111111110, flags=SA_RESTART|SA_SIGINFO, unblocked
   SIGPIPE: javaSignalHandler in libjvm.so, mask=11100100010111111101111111111110, flags=SA_RESTART|SA_SIGINFO, unblocked
   SIGXFSZ: javaSignalHandler in libjvm.so, mask=11100100010111111101111111111110, flags=SA_RESTART|SA_SIGINFO, unblocked
    SIGILL: crash_handler in libjvm.so, mask=11100100010111111101111111111110, flags=SA_RESTART|SA_SIGINFO, unblocked
   SIGUSR2: SR_handler in libjvm.so, mask=00100000000000000000000000000000, flags=SA_RESTART|SA_SIGINFO, unblocked
    SIGHUP: UserHandler in libjvm.so, mask=11100100010111111101111111111110, flags=SA_RESTART|SA_SIGINFO, unblocked
    SIGINT: UserHandler in libjvm.so, mask=11100100010111111101111111111110, flags=SA_RESTART|SA_SIGINFO, unblocked
   SIGTERM: UserHandler in libjvm.so, mask=11100100010111111101111111111110, flags=SA_RESTART|SA_SIGINFO, unblocked
   SIGQUIT: UserHandler in libjvm.so, mask=11100100010111111101111111111110, flags=SA_RESTART|SA_SIGINFO, unblocked
   SIGTRAP: crash_handler in libjvm.so, mask=11100100010111111101111111111110, flags=SA_RESTART|SA_SIGINFO, unblocked


Periodic native trim disabled


---------------  S Y S T E M  ---------------

OS:
PRETTY_NAME="Debian GNU/Linux 12 (bookworm)"
NAME="Debian GNU/Linux"
VERSION_ID="12"
VERSION="12 (bookworm)"
VERSION_CODENAME=bookworm
ID=debian
HOME_URL="https://www.debian.org/"
SUPPORT_URL="https://www.debian.org/support"
BUG_REPORT_URL="https://bugs.debian.org/"
uname: Linux 4.19.91-c8dfc93.al7.x86_64 #1 SMP Tue Sep 26 10:25:51 UTC 2023 x86_64
OS uptime: 0 days 0:16 hours
libc: glibc 2.36 NPTL 2.36 
rlimit (soft/hard): STACK 8192k/infinity , CORE 0k/0k , NPROC 100000/100000 , NOFILE 100000/100000 , AS infinity/infinity , CPU infinity/infinity , DATA infinity/infinity , FSIZE infinity/infinity , MEMLOCK 64k/64k
load average: 0.28 0.41 0.28

/proc/meminfo:
MemTotal:        2152516 kB
MemFree:          357532 kB
MemAvailable:     881560 kB
Buffers:            6896 kB
Cached:           563896 kB
SwapCached:            0 kB
Active:          1475504 kB
Inactive:         229712 kB
Active(anon):    1134488 kB
Inactive(anon):       16 kB
Active(file):     341016 kB
Inactive(file):   229696 kB
Unevictable:           0 kB
Mlocked:               0 kB
SwapTotal:             0 kB
SwapFree:              0 kB
Dirty:               456 kB
Writeback:             0 kB
AnonPages:       1134504 kB
Mapped:            62516 kB
Shmem:                36 kB
Slab:              41992 kB
SReclaimable:      30160 kB
SUnreclaim:        11832 kB
KernelStack:        2640 kB
PageTables:         3620 kB
NFS_Unstable:          0 kB
Bounce:                0 kB
WritebackTmp:          0 kB
CommitLimit:     1076256 kB
Committed_AS:    1469096 kB
VmallocTotal:   34359738367 kB
VmallocUsed:           0 kB
VmallocChunk:          0 kB
Percpu:              400 kB
AnonHugePages:    647168 kB
ShmemHugePages:        0 kB
ShmemPmdMapped:        0 kB
HugePages_Total:       0
HugePages_Free:        0
HugePages_Rsvd:        0
HugePages_Surp:        0
Hugepagesize:       2048 kB
Hugetlb:               0 kB
DirectMap4k:        8192 kB
DirectMap2M:     2523136 kB
DirectMap1G:           0 kB

/sys/kernel/mm/transparent_hugepage/enabled: [always] madvise never
/sys/kernel/mm/transparent_hugepage/hpage_pmd_size: 2097152
/sys/kernel/mm/transparent_hugepage/defrag (defrag/compaction efforts parameter): always defer defer+madvise madvise [never]

Process Memory:
Virtual Size: 5792108K (peak: 6963000K)
Resident Set Size: 821728K (peak: 821728K) (anon: 797068K, file: 24660K, shmem: 0K)
Swapped out: 0K
C-Heap outstanding allocations: 71384K, retained: 19227K
glibc malloc tunables: (default)

/proc/sys/kernel/threads-max (system-wide limit on the number of threads): 1129
/proc/sys/vm/max_map_count (maximum number of memory map areas a process may have): 65530
/proc/sys/vm/swappiness (control to define how aggressively the kernel swaps out anonymous memory): 60
/proc/sys/kernel/pid_max (system-wide limit on number of process identifiers): 32768

container (cgroup) information:
container_type: cgroupv1
cpu_cpuset_cpus: 0-1
cpu_memory_nodes: 0
active_processor_count: 2
cpu_quota: no quota
cpu_period: 100000
cpu_shares: 12288
memory_limit_in_bytes: 2097152 k
memory_and_swap_limit_in_bytes: unlimited
memory_soft_limit_in_bytes: unlimited
memory_usage_in_bytes: 1733456 k
memory_max_usage_in_bytes: 1733456 k
kernel_memory_limit_in_bytes: unlimited
kernel_memory_usage_in_bytes: 35704 k
kernel_memory_max_usage_in_bytes: 45328 k
maximum number of tasks: unlimited
current number of tasks: 91

KVM virtualization detected
Steal ticks since vm start: 2244
Steal ticks percentage since vm start:  0.456

CPU: total 2 (initial active 2) (2 cores per cpu, 1 threads per core) family 6 model 85 stepping 7 microcode 0x1, cx8, cmov, fxsr, mmx, 3dnowpref, sse, sse2, sse3, ssse3, sse4.1, sse4.2, popcnt, lzcnt, tsc, tscinvbit, avx, avx2, aes, erms, clmul, bmi1, bmi2, adx, avx512f, avx512dq, avx512cd, avx512bw, avx512vl, fma, vzeroupper, avx512_vnni, clflush, clflushopt, clwb, hv
CPU Model and flags from /proc/cpuinfo:
model name	: Intel(R) Xeon(R) Processor @ 2.50GHz
flags		: fpu vme de pse tsc msr pae mce cx8 apic sep mtrr pge mca cmov pat pse36 clflush mmx fxsr sse sse2 ss ht syscall nx pdpe1gb rdtscp lm constant_tsc rep_good nopl xtopology nonstop_tsc cpuid tsc_known_freq pni pclmulqdq ssse3 fma cx16 pcid sse4_1 sse4_2 x2apic movbe popcnt tsc_deadline_timer aes xsave avx f16c rdrand hypervisor lahf_lm abm 3dnowprefetch cpuid_fault invpcid_single ssbd ibrs ibpb stibp ibrs_enhanced fsgsbase tsc_adjust bmi1 avx2 smep bmi2 erms invpcid mpx avx512f avx512dq rdseed adx smap clflushopt clwb avx512cd avx512bw avx512vl xsaveopt xsavec xgetbv1 xsaves umip avx512_vnni md_clear arch_capabilities

Online cpus: 0-1
Offline cpus: 
BIOS frequency limitation: <Not Available>
Frequency switch latency (ns): <Not Available>
Available cpu frequencies: <Not Available>
Current governor: <Not Available>
Core performance/turbo boost: <Not Available>

Memory: 4k page, physical 2097152k(363696k free), swap 0k(0k free)
Page Sizes: 4k

vm_info: OpenJDK 64-Bit Server VM (17.0.16+8-Debian-1deb12u1) for linux-amd64 JRE (17.0.16+8-Debian-1deb12u1), built on Aug 11 2025 10:28:33 by "buildd" with gcc 12.2.0

END.
