#
# There is insufficient memory for the Java Runtime Environment to continue.
# Native memory allocation (mmap) failed to map 1180696576 bytes. Error detail: committing reserved memory.
# Possible reasons:
#   The system is out of physical RAM or swap space
#   This process is running with CompressedOops enabled, and the Java Heap may be blocking the growth of the native heap
# Possible solutions:
#   Reduce memory load on the system
#   Increase physical memory or swap space
#   Check if swap backing store is full
#   Decrease Java heap size (-Xmx/-Xms)
#   Decrease number of Java threads
#   Decrease Java thread stack sizes (-Xss)
#   Set larger code cache with -XX:ReservedCodeCacheSize=
#   JVM is running with Zero Based Compressed Oops mode in which the Java heap is
#     placed in the first 32GB address space. The Java Heap base address is the
#     maximum limit for the native heap growth. Please use -XX:HeapBaseMinAddress
#     to set the Java Heap base and to place the Java Heap above 32GB virtual address.
# This output file may be truncated or incomplete.
#
#  Out of Memory Error (os_linux.cpp:2832), pid=358, tid=367
#
# JRE version: OpenJDK Runtime Environment (17.0.16+8) (build 17.0.16+8-Debian-1deb12u1)
# Java VM: OpenJDK 64-Bit Server VM (17.0.16+8-Debian-1deb12u1, mixed mode, sharing, tiered, compressed oops, compressed class ptrs, g1 gc, linux-amd64)
# No core dump will be written. Core dumps have been disabled. To enable core dumping, try "ulimit -c unlimited" before starting Java again
#

---------------  S U M M A R Y ------------

Command Line: --add-opens=java.base/java.util=ALL-UNNAMED --add-opens=java.base/java.lang=ALL-UNNAMED --add-opens=java.base/java.lang.invoke=ALL-UNNAMED --add-opens=java.prefs/java.util.prefs=ALL-UNNAMED --add-opens=java.base/java.nio.charset=ALL-UNNAMED --add-opens=java.base/java.net=ALL-UNNAMED --add-opens=java.base/java.util.concurrent.atomic=ALL-UNNAMED -Xmx4G -Dfile.encoding=UTF-8 -Duser.country -Duser.language=en -Duser.variant -javaagent:/root/.gradle/wrapper/dists/gradle-8.2-bin/bbg7u40eoinfdyxsxr3z4i7ta/gradle-8.2/lib/agents/gradle-instrumentation-agent-8.2.jar org.gradle.launcher.daemon.bootstrap.GradleDaemon 8.2

Host: Intel(R) Xeon(R) Processor @ 2.50GHz, 2 cores, 2G, Debian GNU/Linux 12 (bookworm)
Time: Wed Aug 19 11:45:12 2026 UTC elapsed time: 143.104118 seconds (0d 0h 2m 23s)

---------------  T H R E A D  ---------------

Current thread (0x00007f85580e2140):  VMThread "VM Thread" [stack: 0x00007f8538b58000,0x00007f8538c58000] [id=367]

Stack: [0x00007f8538b58000,0x00007f8538c58000],  sp=0x00007f8538c55d70,  free space=1015k
Native frames: (J=compiled Java code, j=interpreted, Vv=VM code, C=native code)
V  [libjvm.so+0xf21441]  VMError::report_and_die(int, char const*, char const*, __va_list_tag*, Thread*, unsigned char*, void*, void*, char const*, int, unsigned long)+0x171
V  [libjvm.so+0xf21fad]  VMError::report_and_die(Thread*, char const*, int, unsigned long, VMErrorType, char const*, __va_list_tag*)+0x2d
V  [libjvm.so+0x602fcc]  report_vm_out_of_memory(char const*, int, unsigned long, VMErrorType, char const*, ...)+0xdc
V  [libjvm.so+0xc29a4b]  os::pd_commit_memory_or_exit(char*, unsigned long, unsigned long, bool, char const*)+0xeb
V  [libjvm.so+0xc2395b]  os::commit_memory_or_exit(char*, unsigned long, unsigned long, bool, char const*)+0x1b
V  [libjvm.so+0x732af6]  G1PageBasedVirtualSpace::commit(unsigned long, unsigned long)+0x66
V  [libjvm.so+0x746a70]  G1RegionsLargerThanCommitSizeMapper::commit_regions(unsigned int, unsigned long, WorkGang*)+0x110
V  [libjvm.so+0x7da028]  HeapRegionManager::commit_regions(unsigned int, unsigned long, WorkGang*)+0x88
V  [libjvm.so+0x7dbe6b]  HeapRegionManager::expand(unsigned int, unsigned int, WorkGang*)+0x2b
V  [libjvm.so+0x7dc087]  HeapRegionManager::expand_by(unsigned int, WorkGang*)+0x77
V  [libjvm.so+0x6eb548]  G1CollectedHeap::expand(unsigned long, WorkGang*, double*)+0xe8
V  [libjvm.so+0x6ef189]  G1CollectedHeap::do_collection_pause_at_safepoint_helper(double)+0x8a9
V  [libjvm.so+0x6ef1ef]  G1CollectedHeap::do_collection_pause_at_safepoint(double)+0x2f
V  [libjvm.so+0x76b0d7]  VM_G1CollectForAllocation::doit()+0x47
V  [libjvm.so+0xf26945]  VM_Operation::evaluate()+0xe5
V  [libjvm.so+0xf28235]  VMThread::evaluate_operation(VM_Operation*)+0x105
V  [libjvm.so+0xf287af]  VMThread::inner_execute(VM_Operation*)+0x28f
V  [libjvm.so+0xf289bf]  VMThread::run()+0xbf
V  [libjvm.so+0xea3585]  Thread::call_run()+0xa5
V  [libjvm.so+0xc2c1f3]  thread_native_entry(Thread*)+0xe3

VM_Operation (0x00007f85292f30b0): G1CollectForAllocation, mode: safepoint, requested by thread 0x00007f84d00093e0


---------------  P R O C E S S  ---------------

Threads class SMR info:
_java_thread_list=0x00007f8530038d40, length=52, elements={
0x00007f855801a760, 0x00007f85580e6200, 0x00007f85580e75e0, 0x00007f85580ee410,
0x00007f85580ef7c0, 0x00007f85580f0bd0, 0x00007f85580f2580, 0x00007f85580f3ab0,
0x00007f85580f4f20, 0x00007f8558128870, 0x00007f8558238430, 0x00007f85590fbc80,
0x00007f8559176f60, 0x00007f85591a0c80, 0x00007f84c8017740, 0x00007f84d0002130,
0x00007f84d0007d90, 0x00007f84d00093e0, 0x00007f851c005340, 0x00007f851c006c20,
0x00007f851c009f60, 0x00007f851c1ecc00, 0x00007f851c207430, 0x00007f851c510a10,
0x00007f851c8017e0, 0x00007f851c811340, 0x00007f851c8216a0, 0x00007f851c84e8d0,
0x00007f851c87ad20, 0x00007f851c8e2a80, 0x00007f851cc541d0, 0x00007f851cc8b090,
0x00007f851cd0a2e0, 0x00007f851ce71090, 0x00007f851cefa030, 0x00007f8530008500,
0x00007f852c009d30, 0x00007f852c0673f0, 0x00007f852c0d31a0, 0x00007f852c1205c0,
0x00007f852c124f10, 0x00007f852c155c60, 0x00007f852c3a3140, 0x00007f851cff39b0,
0x00007f851d18c1d0, 0x00007f851c248390, 0x00007f851c246580, 0x00007f851c2af830,
0x00007f851c2b2aa0, 0x00007f851c29d6b0, 0x00007f851cb54b40, 0x00007f851cbc9ec0
}

Java Threads: ( => current thread )
  0x00007f855801a760 JavaThread "main" [_thread_blocked, id=361, stack(0x00007f855dcdd000,0x00007f855dddd000)]
  0x00007f85580e6200 JavaThread "Reference Handler" daemon [_thread_blocked, id=368, stack(0x00007f8538a57000,0x00007f8538b57000)]
  0x00007f85580e75e0 JavaThread "Finalizer" daemon [_thread_blocked, id=369, stack(0x00007f8538956000,0x00007f8538a56000)]
  0x00007f85580ee410 JavaThread "Signal Dispatcher" daemon [_thread_blocked, id=370, stack(0x00007f8538855000,0x00007f8538955000)]
  0x00007f85580ef7c0 JavaThread "Service Thread" daemon [_thread_blocked, id=371, stack(0x00007f8538754000,0x00007f8538854000)]
  0x00007f85580f0bd0 JavaThread "Monitor Deflation Thread" daemon [_thread_blocked, id=372, stack(0x00007f8538653000,0x00007f8538753000)]
  0x00007f85580f2580 JavaThread "C2 CompilerThread0" daemon [_thread_blocked, id=373, stack(0x00007f8538552000,0x00007f8538652000)]
  0x00007f85580f3ab0 JavaThread "C1 CompilerThread0" daemon [_thread_blocked, id=374, stack(0x00007f8538451000,0x00007f8538551000)]
  0x00007f85580f4f20 JavaThread "Sweeper thread" daemon [_thread_blocked, id=375, stack(0x00007f8538350000,0x00007f8538450000)]
  0x00007f8558128870 JavaThread "Common-Cleaner" daemon [_thread_blocked, id=376, stack(0x00007f853824f000,0x00007f853834f000)]
  0x00007f8558238430 JavaThread "Notification Thread" daemon [_thread_blocked, id=377, stack(0x00007f8538121000,0x00007f8538221000)]
  0x00007f85590fbc80 JavaThread "Daemon health stats" [_thread_blocked, id=383, stack(0x00007f8529b00000,0x00007f8529c00000)]
  0x00007f8559176f60 JavaThread "Incoming local TCP Connector on port 34491" [_thread_in_native, id=384, stack(0x00007f8529700000,0x00007f8529800000)]
  0x00007f85591a0c80 JavaThread "Daemon periodic checks" [_thread_blocked, id=386, stack(0x00007f85295ff000,0x00007f85296ff000)]
  0x00007f84c8017740 JavaThread "Daemon" [_thread_blocked, id=387, stack(0x00007f85294fe000,0x00007f85295fe000)]
  0x00007f84d0002130 JavaThread "Handler for socket connection from /127.0.0.1:34491 to /127.0.0.1:45788" [_thread_in_native, id=388, stack(0x00007f85293fd000,0x00007f85294fd000)]
  0x00007f84d0007d90 JavaThread "Cancel handler" [_thread_blocked, id=389, stack(0x00007f85292fc000,0x00007f85293fc000)]
  0x00007f84d00093e0 JavaThread "Daemon worker" [_thread_blocked, id=390, stack(0x00007f85291fb000,0x00007f85292fb000)]
  0x00007f851c005340 JavaThread "Asynchronous log dispatcher for DefaultDaemonConnection: socket connection from /127.0.0.1:34491 to /127.0.0.1:45788" [_thread_blocked, id=393, stack(0x00007f85290fa000,0x00007f85291fa000)]
  0x00007f851c006c20 JavaThread "Stdin handler" [_thread_blocked, id=394, stack(0x00007f8528ff9000,0x00007f85290f9000)]
  0x00007f851c009f60 JavaThread "Daemon client event forwarder" [_thread_blocked, id=395, stack(0x00007f8528ef8000,0x00007f8528ff8000)]
  0x00007f851c1ecc00 JavaThread "Cache worker for journal cache (/root/.gradle/caches/journal-1)" [_thread_blocked, id=397, stack(0x00007f8528df7000,0x00007f8528ef7000)]
  0x00007f851c207430 JavaThread "File lock request listener" [_thread_in_native, id=398, stack(0x00007f8528cf6000,0x00007f8528df6000)]
  0x00007f851c510a10 JavaThread "Cache worker for file hash cache (/root/.gradle/caches/8.2/fileHashes)" [_thread_blocked, id=400, stack(0x00007f8528bf5000,0x00007f8528cf5000)]
  0x00007f851c8017e0 JavaThread "Cache worker for checksums cache (/workspace/.gradle/8.2/checksums)" [_thread_blocked, id=403, stack(0x00007f8528af4000,0x00007f8528bf4000)]
  0x00007f851c811340 JavaThread "Cache worker for cache directory md-rule (/root/.gradle/caches/8.2/md-rule)" [_thread_blocked, id=404, stack(0x00007f85289f3000,0x00007f8528af3000)]
  0x00007f851c8216a0 JavaThread "Cache worker for file content cache (/root/.gradle/caches/8.2/fileContent)" [_thread_blocked, id=405, stack(0x00007f85288f2000,0x00007f85289f2000)]
  0x00007f851c84e8d0 JavaThread "Cache worker for file hash cache (/workspace/.gradle/8.2/fileHashes)" [_thread_blocked, id=407, stack(0x00007f85287f1000,0x00007f85288f1000)]
  0x00007f851c87ad20 JavaThread "Cache worker for cache directory md-supplier (/root/.gradle/caches/8.2/md-supplier)" [_thread_blocked, id=408, stack(0x00007f85286f0000,0x00007f85287f0000)]
  0x00007f851c8e2a80 JavaThread "Cache worker for execution history cache (/root/.gradle/caches/8.2/executionHistory)" [_thread_blocked, id=409, stack(0x00007f85285ef000,0x00007f85286ef000)]
  0x00007f851cc541d0 JavaThread "jar transforms" [_thread_blocked, id=416, stack(0x00007f85284ee000,0x00007f85285ee000)]
  0x00007f851cc8b090 JavaThread "jar transforms Thread 2" [_thread_blocked, id=418, stack(0x00007f85283ed000,0x00007f85284ed000)]
  0x00007f851cd0a2e0 JavaThread "Cache worker for dependencies-accessors (/workspace/.gradle/8.2/dependencies-accessors)" [_thread_blocked, id=420, stack(0x00007f85282ec000,0x00007f85283ec000)]
  0x00007f851ce71090 JavaThread "Cache worker for Build Output Cleanup Cache (/workspace/buildSrc/.gradle/buildOutputCleanup)" [_thread_blocked, id=422, stack(0x00007f85281eb000,0x00007f85282eb000)]
  0x00007f851cefa030 JavaThread "Memory manager" [_thread_blocked, id=424, stack(0x00007f85280ea000,0x00007f85281ea000)]
  0x00007f8530008500 JavaThread "Execution worker" [_thread_blocked, id=431, stack(0x00007f84dadff000,0x00007f84daeff000)]
  0x00007f852c009d30 JavaThread "Cache worker for execution history cache (/workspace/buildSrc/.gradle/8.2/executionHistory)" [_thread_blocked, id=432, stack(0x00007f84dacfe000,0x00007f84dadfe000)]
  0x00007f852c0673f0 JavaThread "Unconstrained build operations" [_thread_blocked, id=434, stack(0x00007f84dabfd000,0x00007f84dacfd000)]
  0x00007f852c0d31a0 JavaThread "Unconstrained build operations Thread 2" [_thread_blocked, id=447, stack(0x00007f84daafc000,0x00007f84dabfc000)]
  0x00007f852c1205c0 JavaThread "Unconstrained build operations Thread 3" [_thread_blocked, id=450, stack(0x00007f84da9fb000,0x00007f84daafb000)]
  0x00007f852c124f10 JavaThread "Unconstrained build operations Thread 4" [_thread_blocked, id=489, stack(0x00007f84da8fa000,0x00007f84da9fa000)]
  0x00007f852c155c60 JavaThread "Cache worker for Java compile cache (/root/.gradle/caches/8.2/javaCompile)" [_thread_blocked, id=512, stack(0x00007f84da7f9000,0x00007f84da8f9000)]
  0x00007f852c3a3140 JavaThread "Build operations" [_thread_blocked, id=519, stack(0x00007f84da1c2000,0x00007f84da2c2000)]
  0x00007f851cff39b0 JavaThread "Unconstrained build operations Thread 5" [_thread_blocked, id=579, stack(0x00007f84d9fc0000,0x00007f84da0c0000)]
  0x00007f851d18c1d0 JavaThread "Unconstrained build operations Thread 6" [_thread_blocked, id=619, stack(0x00007f84d9ebf000,0x00007f84d9fbf000)]
  0x00007f851c248390 JavaThread "Unconstrained build operations Thread 7" [_thread_blocked, id=628, stack(0x00007f84d9dbe000,0x00007f84d9ebe000)]
  0x00007f851c246580 JavaThread "Unconstrained build operations Thread 8" [_thread_blocked, id=632, stack(0x00007f84d9cbd000,0x00007f84d9dbd000)]
  0x00007f851c2af830 JavaThread "Unconstrained build operations Thread 9" [_thread_blocked, id=639, stack(0x00007f84d9bbc000,0x00007f84d9cbc000)]
  0x00007f851c2b2aa0 JavaThread "Unconstrained build operations Thread 10" [_thread_blocked, id=645, stack(0x00007f84d9abb000,0x00007f84d9bbb000)]
  0x00007f851c29d6b0 JavaThread "Cache worker for Build Output Cleanup Cache (/workspace/.gradle/buildOutputCleanup)" [_thread_blocked, id=670, stack(0x00007f84d99ba000,0x00007f84d9aba000)]
  0x00007f851cb54b40 JavaThread "process reaper" daemon [_thread_blocked, id=674, stack(0x00007f8529ed0000,0x00007f8529ef2000)]
  0x00007f851cbc9ec0 JavaThread "Keep-Alive-Timer" daemon [_thread_blocked, id=681, stack(0x00007f84d98b9000,0x00007f84d99b9000)]

Other Threads:
=>0x00007f85580e2140 VMThread "VM Thread" [stack: 0x00007f8538b58000,0x00007f8538c58000] [id=367]
  0x00007f855801cad0 WatcherThread [stack: 0x00007f8538020000,0x00007f8538120000] [id=378]
  0x00007f8558086000 GCTaskThread "GC Thread#0" [stack: 0x00007f853944d000,0x00007f853954d000] [id=362]
  0x00007f84d4004990 GCTaskThread "GC Thread#1" [stack: 0x00007f8529f00000,0x00007f852a000000] [id=379]
  0x00007f85580975e0 ConcurrentGCThread "G1 Main Marker" [stack: 0x00007f853934c000,0x00007f853944c000] [id=363]
  0x00007f8558098550 ConcurrentGCThread "G1 Conc#0" [stack: 0x00007f853924b000,0x00007f853934b000] [id=364]
  0x00007f85580b4780 ConcurrentGCThread "G1 Refine#0" [stack: 0x00007f8538f48000,0x00007f8539048000] [id=365]
  0x00007f852401d1e0 ConcurrentGCThread "G1 Refine#1" [stack: 0x00007f84da0c1000,0x00007f84da1c1000] [id=530]
  0x00007f85580b5680 ConcurrentGCThread "G1 Service" [stack: 0x00007f8538e47000,0x00007f8538f47000] [id=366]

Threads with active compile tasks:
C2 CompilerThread0   143115 17105 %     4       org.objectweb.asm.ClassReader::readCode @ 92 (5117 bytes)

VM state: at safepoint (normal execution)

VM Mutex/Monitor currently owned by a thread:  ([mutex/lock_event])
[0x00007f8558017550] Threads_lock - owner thread: 0x00007f85580e2140
[0x00007f8558017d00] Heap_lock - owner thread: 0x00007f84d00093e0

Heap address: 0x0000000700000000, size: 4096 MB, Compressed Oops mode: Zero based, Oop shift amount: 3

CDS archive(s) mapped at: [0x00007f84db000000-0x00007f84dbbca000-0x00007f84dbbca000), size 12361728, SharedBaseAddress: 0x00007f84db000000, ArchiveRelocationMode: 1.
Compressed class space mapped at: 0x00007f84dc000000-0x00007f851c000000, reserved size: 1073741824
Narrow klass base: 0x00007f84db000000, Narrow klass shift: 0, Narrow klass range: 0x100000000

GC Precious Log:
 CPUs: 2 total, 2 available
 Memory: 2048M
 Large Page Support: Disabled
 NUMA Support: Disabled
 Compressed Oops: Enabled (Zero based)
 Heap Region Size: 2M
 Heap Min Capacity: 8M
 Heap Initial Capacity: 32M
 Heap Max Capacity: 4G
 Pre-touch: Disabled
 Parallel Workers: 2
 Concurrent Workers: 1
 Concurrent Refinement Workers: 2
 Periodic GC: Disabled

Heap:
 garbage-first heap   total 1114112K, used 436716K [0x0000000700000000, 0x0000000800000000)
  region size 2048K, 16 young (32768K), 16 survivors (32768K)
 Metaspace       used 82093K, committed 82688K, reserved 1179648K
  class space    used 10906K, committed 11136K, reserved 1048576K

Heap Regions: E=young(eden), S=young(survivor), O=old, HS=humongous(starts), HC=humongous(continues), CS=collection set, F=free, OA=open archive, CA=closed archive, TAMS=top-at-mark-start (previous, next)
|   0|0x0000000700000000, 0x0000000700200000, 0x0000000700200000|100%|HS|  |TAMS 0x0000000700200000, 0x0000000700000000| Complete 
|   1|0x0000000700200000, 0x0000000700400000, 0x0000000700400000|100%|HC|  |TAMS 0x0000000700400000, 0x0000000700200000| Complete 
|   2|0x0000000700400000, 0x0000000700600000, 0x0000000700600000|100%| O|  |TAMS 0x0000000700600000, 0x0000000700400000| Untracked 
|   3|0x0000000700600000, 0x0000000700800000, 0x0000000700800000|100%| O|  |TAMS 0x0000000700800000, 0x0000000700600000| Untracked 
|   4|0x0000000700800000, 0x0000000700a00000, 0x0000000700a00000|100%| O|  |TAMS 0x0000000700a00000, 0x0000000700800000| Untracked 
|   5|0x0000000700a00000, 0x0000000700c00000, 0x0000000700c00000|100%| O|  |TAMS 0x0000000700c00000, 0x0000000700a00000| Untracked 
|   6|0x0000000700c00000, 0x0000000700e00000, 0x0000000700e00000|100%| O|  |TAMS 0x0000000700e00000, 0x0000000700c00000| Untracked 
|   7|0x0000000700e00000, 0x0000000701000000, 0x0000000701000000|100%| O|  |TAMS 0x0000000701000000, 0x0000000700e00000| Untracked 
|   8|0x0000000701000000, 0x0000000701200000, 0x0000000701200000|100%| O|  |TAMS 0x0000000701200000, 0x0000000701000000| Untracked 
|   9|0x0000000701200000, 0x0000000701400000, 0x0000000701400000|100%| O|  |TAMS 0x0000000701400000, 0x0000000701200000| Untracked 
|  10|0x0000000701400000, 0x000000070148e000, 0x0000000701600000| 27%| O|  |TAMS 0x0000000701400000, 0x0000000701400000| Untracked 
|  11|0x0000000701600000, 0x0000000701800000, 0x0000000701800000|100%| O|  |TAMS 0x0000000701800000, 0x0000000701600000| Untracked 
|  12|0x0000000701800000, 0x0000000701a00000, 0x0000000701a00000|100%| O|  |TAMS 0x0000000701a00000, 0x0000000701800000| Untracked 
|  13|0x0000000701a00000, 0x0000000701c00000, 0x0000000701c00000|100%| O|  |TAMS 0x0000000701c00000, 0x0000000701a00000| Untracked 
|  14|0x0000000701c00000, 0x0000000701e00000, 0x0000000701e00000|100%| O|  |TAMS 0x0000000701e00000, 0x0000000701c00000| Untracked 
|  15|0x0000000701e00000, 0x0000000702000000, 0x0000000702000000|100%| O|  |TAMS 0x0000000702000000, 0x0000000701e00000| Untracked 
|  16|0x0000000702000000, 0x0000000702200000, 0x0000000702200000|100%| O|  |TAMS 0x0000000702200000, 0x0000000702000000| Untracked 
|  17|0x0000000702200000, 0x0000000702400000, 0x0000000702400000|100%| O|  |TAMS 0x00000007022fdc00, 0x0000000702200000| Untracked 
|  18|0x0000000702400000, 0x0000000702600000, 0x0000000702600000|100%| O|  |TAMS 0x0000000702400000, 0x0000000702400000| Untracked 
|  19|0x0000000702600000, 0x0000000702800000, 0x0000000702800000|100%| O|  |TAMS 0x0000000702600000, 0x0000000702600000| Untracked 
|  20|0x0000000702800000, 0x0000000702a00000, 0x0000000702a00000|100%| O|  |TAMS 0x0000000702800000, 0x0000000702800000| Untracked 
|  21|0x0000000702a00000, 0x0000000702c00000, 0x0000000702c00000|100%| O|  |TAMS 0x0000000702a00000, 0x0000000702a00000| Untracked 
|  22|0x0000000702c00000, 0x0000000702e00000, 0x0000000702e00000|100%| O|  |TAMS 0x0000000702c00000, 0x0000000702c00000| Untracked 
|  23|0x0000000702e00000, 0x0000000703000000, 0x0000000703000000|100%| O|  |TAMS 0x0000000702e00000, 0x0000000702e00000| Untracked 
|  24|0x0000000703000000, 0x0000000703200000, 0x0000000703200000|100%| O|  |TAMS 0x0000000703000000, 0x0000000703000000| Untracked 
|  25|0x0000000703200000, 0x0000000703400000, 0x0000000703400000|100%| O|  |TAMS 0x0000000703200000, 0x0000000703200000| Untracked 
|  26|0x0000000703400000, 0x0000000703600000, 0x0000000703600000|100%| O|  |TAMS 0x0000000703400000, 0x0000000703400000| Untracked 
|  27|0x0000000703600000, 0x0000000703800000, 0x0000000703800000|100%| O|  |TAMS 0x0000000703600000, 0x0000000703600000| Untracked 
|  28|0x0000000703800000, 0x0000000703a00000, 0x0000000703a00000|100%| O|  |TAMS 0x0000000703800000, 0x0000000703800000| Untracked 
|  29|0x0000000703a00000, 0x0000000703c00000, 0x0000000703c00000|100%| O|  |TAMS 0x0000000703a00000, 0x0000000703a00000| Untracked 
|  30|0x0000000703c00000, 0x0000000703e00000, 0x0000000703e00000|100%| O|  |TAMS 0x0000000703c00000, 0x0000000703c00000| Untracked 
|  31|0x0000000703e00000, 0x0000000704000000, 0x0000000704000000|100%| O|  |TAMS 0x0000000703e00000, 0x0000000703e00000| Untracked 
|  32|0x0000000704000000, 0x0000000704200000, 0x0000000704200000|100%| O|  |TAMS 0x0000000704000000, 0x0000000704000000| Untracked 
|  33|0x0000000704200000, 0x0000000704400000, 0x0000000704400000|100%| O|  |TAMS 0x0000000704200000, 0x0000000704200000| Untracked 
|  34|0x0000000704400000, 0x0000000704600000, 0x0000000704600000|100%| O|  |TAMS 0x0000000704400000, 0x0000000704400000| Untracked 
|  35|0x0000000704600000, 0x0000000704800000, 0x0000000704800000|100%| O|  |TAMS 0x0000000704600000, 0x0000000704600000| Untracked 
|  36|0x0000000704800000, 0x0000000704a00000, 0x0000000704a00000|100%| O|  |TAMS 0x0000000704800000, 0x0000000704800000| Untracked 
|  37|0x0000000704a00000, 0x0000000704c00000, 0x0000000704c00000|100%| O|  |TAMS 0x0000000704a00000, 0x0000000704a00000| Untracked 
|  38|0x0000000704c00000, 0x0000000704e00000, 0x0000000704e00000|100%| O|  |TAMS 0x0000000704c00000, 0x0000000704c00000| Untracked 
|  39|0x0000000704e00000, 0x0000000705000000, 0x0000000705000000|100%| O|  |TAMS 0x0000000704e00000, 0x0000000704e00000| Untracked 
|  40|0x0000000705000000, 0x0000000705200000, 0x0000000705200000|100%| O|  |TAMS 0x0000000705000000, 0x0000000705000000| Untracked 
|  41|0x0000000705200000, 0x0000000705400000, 0x0000000705400000|100%| O|  |TAMS 0x0000000705200000, 0x0000000705200000| Untracked 
|  42|0x0000000705400000, 0x0000000705600000, 0x0000000705600000|100%| O|  |TAMS 0x0000000705400000, 0x0000000705400000| Untracked 
|  43|0x0000000705600000, 0x0000000705800000, 0x0000000705800000|100%| O|  |TAMS 0x0000000705600000, 0x0000000705600000| Untracked 
|  44|0x0000000705800000, 0x0000000705a00000, 0x0000000705a00000|100%| O|  |TAMS 0x0000000705800000, 0x0000000705800000| Untracked 
|  45|0x0000000705a00000, 0x0000000705c00000, 0x0000000705c00000|100%| O|  |TAMS 0x0000000705a00000, 0x0000000705a00000| Untracked 
|  46|0x0000000705c00000, 0x0000000705e00000, 0x0000000705e00000|100%| O|  |TAMS 0x0000000705c00000, 0x0000000705c00000| Untracked 
|  47|0x0000000705e00000, 0x0000000706000000, 0x0000000706000000|100%| O|  |TAMS 0x0000000705e00000, 0x0000000705e00000| Untracked 
|  48|0x0000000706000000, 0x0000000706200000, 0x0000000706200000|100%| O|  |TAMS 0x0000000706000000, 0x0000000706000000| Untracked 
|  49|0x0000000706200000, 0x0000000706400000, 0x0000000706400000|100%| O|  |TAMS 0x0000000706200000, 0x0000000706200000| Untracked 
|  50|0x0000000706400000, 0x0000000706600000, 0x0000000706600000|100%| O|  |TAMS 0x0000000706400000, 0x0000000706400000| Untracked 
|  51|0x0000000706600000, 0x0000000706800000, 0x0000000706800000|100%| O|  |TAMS 0x0000000706600000, 0x0000000706600000| Untracked 
|  52|0x0000000706800000, 0x0000000706a00000, 0x0000000706a00000|100%| O|  |TAMS 0x0000000706800000, 0x0000000706800000| Untracked 
|  53|0x0000000706a00000, 0x0000000706c00000, 0x0000000706c00000|100%| O|  |TAMS 0x0000000706a00000, 0x0000000706a00000| Untracked 
|  54|0x0000000706c00000, 0x0000000706e00000, 0x0000000706e00000|100%| O|  |TAMS 0x0000000706c00000, 0x0000000706c00000| Untracked 
|  55|0x0000000706e00000, 0x0000000707000000, 0x0000000707000000|100%| O|  |TAMS 0x0000000706e00000, 0x0000000706e00000| Untracked 
|  56|0x0000000707000000, 0x0000000707200000, 0x0000000707200000|100%| O|  |TAMS 0x0000000707000000, 0x0000000707000000| Untracked 
|  57|0x0000000707200000, 0x0000000707400000, 0x0000000707400000|100%| O|  |TAMS 0x0000000707200000, 0x0000000707200000| Untracked 
|  58|0x0000000707400000, 0x0000000707600000, 0x0000000707600000|100%| O|  |TAMS 0x0000000707400000, 0x0000000707400000| Untracked 
|  59|0x0000000707600000, 0x0000000707800000, 0x0000000707800000|100%| O|  |TAMS 0x0000000707600000, 0x0000000707600000| Untracked 
|  60|0x0000000707800000, 0x0000000707a00000, 0x0000000707a00000|100%| O|  |TAMS 0x0000000707800000, 0x0000000707800000| Untracked 
|  61|0x0000000707a00000, 0x0000000707c00000, 0x0000000707c00000|100%| O|  |TAMS 0x0000000707a00000, 0x0000000707a00000| Untracked 
|  62|0x0000000707c00000, 0x0000000707e00000, 0x0000000707e00000|100%| O|  |TAMS 0x0000000707c00000, 0x0000000707c00000| Untracked 
|  63|0x0000000707e00000, 0x0000000708000000, 0x0000000708000000|100%| O|  |TAMS 0x0000000707e00000, 0x0000000707e00000| Untracked 
|  64|0x0000000708000000, 0x0000000708200000, 0x0000000708200000|100%| O|  |TAMS 0x0000000708000000, 0x0000000708000000| Untracked 
|  65|0x0000000708200000, 0x0000000708400000, 0x0000000708400000|100%| O|  |TAMS 0x0000000708200000, 0x0000000708200000| Untracked 
|  66|0x0000000708400000, 0x0000000708600000, 0x0000000708600000|100%| O|  |TAMS 0x0000000708400000, 0x0000000708400000| Untracked 
|  67|0x0000000708600000, 0x0000000708800000, 0x0000000708800000|100%| O|  |TAMS 0x0000000708600000, 0x0000000708600000| Untracked 
|  68|0x0000000708800000, 0x0000000708a00000, 0x0000000708a00000|100%| O|  |TAMS 0x0000000708800000, 0x0000000708800000| Untracked 
|  69|0x0000000708a00000, 0x0000000708c00000, 0x0000000708c00000|100%| O|  |TAMS 0x0000000708a00000, 0x0000000708a00000| Untracked 
|  70|0x0000000708c00000, 0x0000000708e00000, 0x0000000708e00000|100%| O|  |TAMS 0x0000000708c00000, 0x0000000708c00000| Untracked 
|  71|0x0000000708e00000, 0x0000000709000000, 0x0000000709000000|100%| O|  |TAMS 0x0000000708e00000, 0x0000000708e00000| Untracked 
|  72|0x0000000709000000, 0x0000000709200000, 0x0000000709200000|100%| O|  |TAMS 0x0000000709000000, 0x0000000709000000| Untracked 
|  73|0x0000000709200000, 0x0000000709400000, 0x0000000709400000|100%| O|  |TAMS 0x0000000709200000, 0x0000000709200000| Untracked 
|  74|0x0000000709400000, 0x0000000709600000, 0x0000000709600000|100%| O|  |TAMS 0x0000000709400000, 0x0000000709400000| Untracked 
|  75|0x0000000709600000, 0x0000000709800000, 0x0000000709800000|100%| O|  |TAMS 0x0000000709600000, 0x0000000709600000| Untracked 
|  76|0x0000000709800000, 0x0000000709a00000, 0x0000000709a00000|100%| O|  |TAMS 0x0000000709800000, 0x0000000709800000| Untracked 
|  77|0x0000000709a00000, 0x0000000709c00000, 0x0000000709c00000|100%| O|  |TAMS 0x0000000709a00000, 0x0000000709a00000| Untracked 
|  78|0x0000000709c00000, 0x0000000709e00000, 0x0000000709e00000|100%| O|  |TAMS 0x0000000709c00000, 0x0000000709c00000| Untracked 
|  79|0x0000000709e00000, 0x000000070a000000, 0x000000070a000000|100%| O|  |TAMS 0x0000000709e00000, 0x0000000709e00000| Untracked 
|  80|0x000000070a000000, 0x000000070a200000, 0x000000070a200000|100%| O|  |TAMS 0x000000070a000000, 0x000000070a000000| Untracked 
|  81|0x000000070a200000, 0x000000070a400000, 0x000000070a400000|100%| O|  |TAMS 0x000000070a200000, 0x000000070a200000| Untracked 
|  82|0x000000070a400000, 0x000000070a600000, 0x000000070a600000|100%| O|  |TAMS 0x000000070a400000, 0x000000070a400000| Untracked 
|  83|0x000000070a600000, 0x000000070a800000, 0x000000070a800000|100%| O|  |TAMS 0x000000070a600000, 0x000000070a600000| Untracked 
|  84|0x000000070a800000, 0x000000070aa00000, 0x000000070aa00000|100%| O|  |TAMS 0x000000070a800000, 0x000000070a800000| Untracked 
|  85|0x000000070aa00000, 0x000000070ac00000, 0x000000070ac00000|100%| O|  |TAMS 0x000000070aa00000, 0x000000070aa00000| Untracked 
|  86|0x000000070ac00000, 0x000000070ae00000, 0x000000070ae00000|100%| O|  |TAMS 0x000000070ac00000, 0x000000070ac00000| Untracked 
|  87|0x000000070ae00000, 0x000000070b000000, 0x000000070b000000|100%| O|  |TAMS 0x000000070ae00000, 0x000000070ae00000| Untracked 
|  88|0x000000070b000000, 0x000000070b200000, 0x000000070b200000|100%| O|  |TAMS 0x000000070b000000, 0x000000070b000000| Untracked 
|  89|0x000000070b200000, 0x000000070b400000, 0x000000070b400000|100%| O|  |TAMS 0x000000070b200000, 0x000000070b200000| Untracked 
|  90|0x000000070b400000, 0x000000070b600000, 0x000000070b600000|100%| O|  |TAMS 0x000000070b400000, 0x000000070b400000| Untracked 
|  91|0x000000070b600000, 0x000000070b800000, 0x000000070b800000|100%| O|  |TAMS 0x000000070b600000, 0x000000070b600000| Untracked 
|  92|0x000000070b800000, 0x000000070ba00000, 0x000000070ba00000|100%| O|  |TAMS 0x000000070b800000, 0x000000070b800000| Untracked 
|  93|0x000000070ba00000, 0x000000070bc00000, 0x000000070bc00000|100%| O|  |TAMS 0x000000070ba00000, 0x000000070ba00000| Untracked 
|  94|0x000000070bc00000, 0x000000070be00000, 0x000000070be00000|100%| O|  |TAMS 0x000000070bc00000, 0x000000070bc00000| Untracked 
|  95|0x000000070be00000, 0x000000070c000000, 0x000000070c000000|100%| O|  |TAMS 0x000000070be00000, 0x000000070be00000| Untracked 
|  96|0x000000070c000000, 0x000000070c200000, 0x000000070c200000|100%| O|  |TAMS 0x000000070c000000, 0x000000070c000000| Untracked 
|  97|0x000000070c200000, 0x000000070c400000, 0x000000070c400000|100%| O|  |TAMS 0x000000070c200000, 0x000000070c200000| Untracked 
|  98|0x000000070c400000, 0x000000070c600000, 0x000000070c600000|100%| O|  |TAMS 0x000000070c400000, 0x000000070c400000| Untracked 
|  99|0x000000070c600000, 0x000000070c800000, 0x000000070c800000|100%| O|  |TAMS 0x000000070c600000, 0x000000070c600000| Untracked 
| 100|0x000000070c800000, 0x000000070ca00000, 0x000000070ca00000|100%| O|  |TAMS 0x000000070c800000, 0x000000070c800000| Untracked 
| 101|0x000000070ca00000, 0x000000070cc00000, 0x000000070cc00000|100%| O|  |TAMS 0x000000070ca00000, 0x000000070ca00000| Untracked 
| 102|0x000000070cc00000, 0x000000070ce00000, 0x000000070ce00000|100%| O|  |TAMS 0x000000070cc00000, 0x000000070cc00000| Untracked 
| 103|0x000000070ce00000, 0x000000070d000000, 0x000000070d000000|100%| O|  |TAMS 0x000000070ce00000, 0x000000070ce00000| Untracked 
| 104|0x000000070d000000, 0x000000070d200000, 0x000000070d200000|100%| O|  |TAMS 0x000000070d000000, 0x000000070d000000| Untracked 
| 105|0x000000070d200000, 0x000000070d400000, 0x000000070d400000|100%| O|  |TAMS 0x000000070d200000, 0x000000070d200000| Untracked 
| 106|0x000000070d400000, 0x000000070d600000, 0x000000070d600000|100%| O|  |TAMS 0x000000070d400000, 0x000000070d400000| Untracked 
| 107|0x000000070d600000, 0x000000070d800000, 0x000000070d800000|100%| O|  |TAMS 0x000000070d600000, 0x000000070d600000| Untracked 
| 108|0x000000070d800000, 0x000000070da00000, 0x000000070da00000|100%| O|  |TAMS 0x000000070d800000, 0x000000070d800000| Untracked 
| 109|0x000000070da00000, 0x000000070dc00000, 0x000000070dc00000|100%| O|  |TAMS 0x000000070da00000, 0x000000070da00000| Untracked 
| 110|0x000000070dc00000, 0x000000070de00000, 0x000000070de00000|100%| O|  |TAMS 0x000000070dc00000, 0x000000070dc00000| Untracked 
| 111|0x000000070de00000, 0x000000070e000000, 0x000000070e000000|100%| O|  |TAMS 0x000000070de00000, 0x000000070de00000| Untracked 
| 112|0x000000070e000000, 0x000000070e200000, 0x000000070e200000|100%| O|  |TAMS 0x000000070e000000, 0x000000070e000000| Untracked 
| 113|0x000000070e200000, 0x000000070e400000, 0x000000070e400000|100%| O|  |TAMS 0x000000070e200000, 0x000000070e200000| Untracked 
| 114|0x000000070e400000, 0x000000070e600000, 0x000000070e600000|100%| O|  |TAMS 0x000000070e400000, 0x000000070e400000| Untracked 
| 115|0x000000070e600000, 0x000000070e800000, 0x000000070e800000|100%| O|  |TAMS 0x000000070e600000, 0x000000070e600000| Untracked 
| 116|0x000000070e800000, 0x000000070ea00000, 0x000000070ea00000|100%| O|  |TAMS 0x000000070e800000, 0x000000070e800000| Untracked 
| 117|0x000000070ea00000, 0x000000070ec00000, 0x000000070ec00000|100%| O|  |TAMS 0x000000070ea00000, 0x000000070ea00000| Untracked 
| 118|0x000000070ec00000, 0x000000070ee00000, 0x000000070ee00000|100%| O|  |TAMS 0x000000070ec00000, 0x000000070ec00000| Untracked 
| 119|0x000000070ee00000, 0x000000070f000000, 0x000000070f000000|100%|HS|  |TAMS 0x000000070ee00000, 0x000000070ee00000| Complete 
| 120|0x000000070f000000, 0x000000070f200000, 0x000000070f200000|100%| O|  |TAMS 0x000000070f000000, 0x000000070f000000| Untracked 
| 121|0x000000070f200000, 0x000000070f400000, 0x000000070f400000|100%| O|  |TAMS 0x000000070f200000, 0x000000070f200000| Untracked 
| 122|0x000000070f400000, 0x000000070f600000, 0x000000070f600000|100%| O|  |TAMS 0x000000070f400000, 0x000000070f400000| Untracked 
| 123|0x000000070f600000, 0x000000070f800000, 0x000000070f800000|100%| O|  |TAMS 0x000000070f600000, 0x000000070f600000| Untracked 
| 124|0x000000070f800000, 0x000000070fa00000, 0x000000070fa00000|100%| O|  |TAMS 0x000000070f800000, 0x000000070f800000| Untracked 
| 125|0x000000070fa00000, 0x000000070fc00000, 0x000000070fc00000|100%| O|  |TAMS 0x000000070fa00000, 0x000000070fa00000| Untracked 
| 126|0x000000070fc00000, 0x000000070fe00000, 0x000000070fe00000|100%| O|  |TAMS 0x000000070fc00000, 0x000000070fc00000| Untracked 
| 127|0x000000070fe00000, 0x0000000710000000, 0x0000000710000000|100%| O|  |TAMS 0x000000070fe00000, 0x000000070fe00000| Untracked 
| 128|0x0000000710000000, 0x0000000710200000, 0x0000000710200000|100%| O|  |TAMS 0x0000000710000000, 0x0000000710000000| Untracked 
| 129|0x0000000710200000, 0x0000000710400000, 0x0000000710400000|100%| O|  |TAMS 0x0000000710200000, 0x0000000710200000| Untracked 
| 130|0x0000000710400000, 0x0000000710600000, 0x0000000710600000|100%| O|  |TAMS 0x0000000710400000, 0x0000000710400000| Untracked 
| 131|0x0000000710600000, 0x0000000710800000, 0x0000000710800000|100%| O|  |TAMS 0x0000000710600000, 0x0000000710600000| Untracked 
| 132|0x0000000710800000, 0x0000000710a00000, 0x0000000710a00000|100%| O|  |TAMS 0x0000000710800000, 0x0000000710800000| Untracked 
| 133|0x0000000710a00000, 0x0000000710c00000, 0x0000000710c00000|100%| O|  |TAMS 0x0000000710a00000, 0x0000000710a00000| Untracked 
| 134|0x0000000710c00000, 0x0000000710e00000, 0x0000000710e00000|100%| O|  |TAMS 0x0000000710c00000, 0x0000000710c00000| Untracked 
| 135|0x0000000710e00000, 0x0000000711000000, 0x0000000711000000|100%| O|  |TAMS 0x0000000710e00000, 0x0000000710e00000| Untracked 
| 136|0x0000000711000000, 0x0000000711200000, 0x0000000711200000|100%| O|  |TAMS 0x0000000711000000, 0x0000000711000000| Untracked 
| 137|0x0000000711200000, 0x0000000711400000, 0x0000000711400000|100%| O|  |TAMS 0x0000000711200000, 0x0000000711200000| Untracked 
| 138|0x0000000711400000, 0x0000000711600000, 0x0000000711600000|100%| O|  |TAMS 0x0000000711400000, 0x0000000711400000| Untracked 
| 139|0x0000000711600000, 0x0000000711800000, 0x0000000711800000|100%| O|  |TAMS 0x0000000711600000, 0x0000000711600000| Untracked 
| 140|0x0000000711800000, 0x0000000711a00000, 0x0000000711a00000|100%| O|  |TAMS 0x0000000711800000, 0x0000000711800000| Untracked 
| 141|0x0000000711a00000, 0x0000000711c00000, 0x0000000711c00000|100%| O|  |TAMS 0x0000000711a00000, 0x0000000711a00000| Untracked 
| 142|0x0000000711c00000, 0x0000000711e00000, 0x0000000711e00000|100%| O|  |TAMS 0x0000000711c00000, 0x0000000711c00000| Untracked 
| 143|0x0000000711e00000, 0x0000000712000000, 0x0000000712000000|100%| O|  |TAMS 0x0000000711e00000, 0x0000000711e00000| Untracked 
| 144|0x0000000712000000, 0x0000000712200000, 0x0000000712200000|100%| O|  |TAMS 0x0000000712000000, 0x0000000712000000| Untracked 
| 145|0x0000000712200000, 0x0000000712400000, 0x0000000712400000|100%| O|  |TAMS 0x0000000712200000, 0x0000000712200000| Untracked 
| 146|0x0000000712400000, 0x0000000712600000, 0x0000000712600000|100%| O|  |TAMS 0x0000000712400000, 0x0000000712400000| Untracked 
| 147|0x0000000712600000, 0x0000000712800000, 0x0000000712800000|100%| O|  |TAMS 0x0000000712600000, 0x0000000712600000| Untracked 
| 148|0x0000000712800000, 0x0000000712a00000, 0x0000000712a00000|100%| O|  |TAMS 0x0000000712800000, 0x0000000712800000| Untracked 
| 149|0x0000000712a00000, 0x0000000712c00000, 0x0000000712c00000|100%| O|  |TAMS 0x0000000712a00000, 0x0000000712a00000| Untracked 
| 150|0x0000000712c00000, 0x0000000712e00000, 0x0000000712e00000|100%| O|  |TAMS 0x0000000712c00000, 0x0000000712c00000| Untracked 
| 151|0x0000000712e00000, 0x0000000713000000, 0x0000000713000000|100%| O|  |TAMS 0x0000000712e00000, 0x0000000712e00000| Untracked 
| 152|0x0000000713000000, 0x0000000713200000, 0x0000000713200000|100%| O|  |TAMS 0x0000000713000000, 0x0000000713000000| Untracked 
| 153|0x0000000713200000, 0x0000000713400000, 0x0000000713400000|100%| O|  |TAMS 0x0000000713200000, 0x0000000713200000| Untracked 
| 154|0x0000000713400000, 0x0000000713600000, 0x0000000713600000|100%| O|  |TAMS 0x0000000713400000, 0x0000000713400000| Untracked 
| 155|0x0000000713600000, 0x0000000713800000, 0x0000000713800000|100%| O|  |TAMS 0x0000000713600000, 0x0000000713600000| Untracked 
| 156|0x0000000713800000, 0x0000000713a00000, 0x0000000713a00000|100%| O|  |TAMS 0x0000000713800000, 0x0000000713800000| Untracked 
| 157|0x0000000713a00000, 0x0000000713c00000, 0x0000000713c00000|100%| O|  |TAMS 0x0000000713a00000, 0x0000000713a00000| Untracked 
| 158|0x0000000713c00000, 0x0000000713e00000, 0x0000000713e00000|100%| O|  |TAMS 0x0000000713c00000, 0x0000000713c00000| Untracked 
| 159|0x0000000713e00000, 0x0000000714000000, 0x0000000714000000|100%| O|  |TAMS 0x0000000713e00000, 0x0000000713e00000| Untracked 
| 160|0x0000000714000000, 0x0000000714200000, 0x0000000714200000|100%| O|  |TAMS 0x0000000714000000, 0x0000000714000000| Untracked 
| 161|0x0000000714200000, 0x0000000714400000, 0x0000000714400000|100%| O|  |TAMS 0x0000000714200000, 0x0000000714200000| Untracked 
| 162|0x0000000714400000, 0x0000000714600000, 0x0000000714600000|100%| O|  |TAMS 0x0000000714400000, 0x0000000714400000| Untracked 
| 163|0x0000000714600000, 0x0000000714800000, 0x0000000714800000|100%| O|  |TAMS 0x0000000714600000, 0x0000000714600000| Untracked 
| 164|0x0000000714800000, 0x0000000714a00000, 0x0000000714a00000|100%| O|  |TAMS 0x0000000714800000, 0x0000000714800000| Untracked 
| 165|0x0000000714a00000, 0x0000000714c00000, 0x0000000714c00000|100%| O|  |TAMS 0x0000000714a00000, 0x0000000714a00000| Untracked 
| 166|0x0000000714c00000, 0x0000000714e00000, 0x0000000714e00000|100%| O|  |TAMS 0x0000000714c00000, 0x0000000714c00000| Untracked 
| 167|0x0000000714e00000, 0x0000000715000000, 0x0000000715000000|100%| O|  |TAMS 0x0000000714e00000, 0x0000000714e00000| Untracked 
| 168|0x0000000715000000, 0x0000000715200000, 0x0000000715200000|100%| O|  |TAMS 0x0000000715000000, 0x0000000715000000| Untracked 
| 169|0x0000000715200000, 0x0000000715400000, 0x0000000715400000|100%| O|  |TAMS 0x0000000715200000, 0x0000000715200000| Untracked 
| 170|0x0000000715400000, 0x0000000715600000, 0x0000000715600000|100%| O|  |TAMS 0x0000000715400000, 0x0000000715400000| Untracked 
| 171|0x0000000715600000, 0x0000000715800000, 0x0000000715800000|100%| O|  |TAMS 0x0000000715600000, 0x0000000715600000| Untracked 
| 172|0x0000000715800000, 0x0000000715a00000, 0x0000000715a00000|100%| O|  |TAMS 0x0000000715800000, 0x0000000715800000| Untracked 
| 173|0x0000000715a00000, 0x0000000715c00000, 0x0000000715c00000|100%| O|  |TAMS 0x0000000715a00000, 0x0000000715a00000| Untracked 
| 174|0x0000000715c00000, 0x0000000715e00000, 0x0000000715e00000|100%| O|  |TAMS 0x0000000715c00000, 0x0000000715c00000| Untracked 
| 175|0x0000000715e00000, 0x0000000716000000, 0x0000000716000000|100%| O|  |TAMS 0x0000000715e00000, 0x0000000715e00000| Untracked 
| 176|0x0000000716000000, 0x0000000716200000, 0x0000000716200000|100%| O|  |TAMS 0x0000000716000000, 0x0000000716000000| Untracked 
| 177|0x0000000716200000, 0x0000000716400000, 0x0000000716400000|100%| O|  |TAMS 0x0000000716200000, 0x0000000716200000| Untracked 
| 178|0x0000000716400000, 0x0000000716600000, 0x0000000716600000|100%| O|  |TAMS 0x0000000716400000, 0x0000000716400000| Untracked 
| 179|0x0000000716600000, 0x0000000716800000, 0x0000000716800000|100%| O|  |TAMS 0x0000000716600000, 0x0000000716600000| Untracked 
| 180|0x0000000716800000, 0x0000000716a00000, 0x0000000716a00000|100%| O|  |TAMS 0x0000000716800000, 0x0000000716800000| Untracked 
| 181|0x0000000716a00000, 0x0000000716c00000, 0x0000000716c00000|100%| O|  |TAMS 0x0000000716a00000, 0x0000000716a00000| Untracked 
| 182|0x0000000716c00000, 0x0000000716e00000, 0x0000000716e00000|100%| O|  |TAMS 0x0000000716c00000, 0x0000000716c00000| Untracked 
| 183|0x0000000716e00000, 0x0000000717000000, 0x0000000717000000|100%| O|  |TAMS 0x0000000716e00000, 0x0000000716e00000| Untracked 
| 184|0x0000000717000000, 0x0000000717200000, 0x0000000717200000|100%| O|  |TAMS 0x0000000717000000, 0x0000000717000000| Untracked 
| 185|0x0000000717200000, 0x0000000717400000, 0x0000000717400000|100%| O|  |TAMS 0x0000000717200000, 0x0000000717200000| Untracked 
| 186|0x0000000717400000, 0x0000000717600000, 0x0000000717600000|100%| O|  |TAMS 0x0000000717400000, 0x0000000717400000| Untracked 
| 187|0x0000000717600000, 0x0000000717800000, 0x0000000717800000|100%| O|  |TAMS 0x0000000717600000, 0x0000000717600000| Untracked 
| 188|0x0000000717800000, 0x0000000717a00000, 0x0000000717a00000|100%| O|  |TAMS 0x0000000717800000, 0x0000000717800000| Untracked 
| 189|0x0000000717a00000, 0x0000000717c00000, 0x0000000717c00000|100%| O|  |TAMS 0x0000000717a00000, 0x0000000717a00000| Untracked 
| 190|0x0000000717c00000, 0x0000000717e00000, 0x0000000717e00000|100%| O|  |TAMS 0x0000000717c00000, 0x0000000717c00000| Untracked 
| 191|0x0000000717e00000, 0x0000000718000000, 0x0000000718000000|100%| O|  |TAMS 0x0000000717e00000, 0x0000000717e00000| Untracked 
| 192|0x0000000718000000, 0x0000000718200000, 0x0000000718200000|100%| O|  |TAMS 0x0000000718000000, 0x0000000718000000| Untracked 
| 193|0x0000000718200000, 0x0000000718400000, 0x0000000718400000|100%| O|  |TAMS 0x0000000718200000, 0x0000000718200000| Untracked 
| 194|0x0000000718400000, 0x0000000718600000, 0x0000000718600000|100%| O|  |TAMS 0x0000000718400000, 0x0000000718400000| Untracked 
| 195|0x0000000718600000, 0x0000000718800000, 0x0000000718800000|100%| O|  |TAMS 0x0000000718600000, 0x0000000718600000| Untracked 
| 196|0x0000000718800000, 0x0000000718a00000, 0x0000000718a00000|100%| O|  |TAMS 0x0000000718800000, 0x0000000718800000| Untracked 
| 197|0x0000000718a00000, 0x0000000718a00000, 0x0000000718c00000|  0%| F|  |TAMS 0x0000000718a00000, 0x0000000718a00000| Untracked 
| 198|0x0000000718c00000, 0x0000000718c00000, 0x0000000718e00000|  0%| F|  |TAMS 0x0000000718c00000, 0x0000000718c00000| Untracked 
| 199|0x0000000718e00000, 0x0000000718e00000, 0x0000000719000000|  0%| F|  |TAMS 0x0000000718e00000, 0x0000000718e00000| Untracked 
| 200|0x0000000719000000, 0x0000000719000000, 0x0000000719200000|  0%| F|  |TAMS 0x0000000719000000, 0x0000000719000000| Untracked 
| 201|0x0000000719200000, 0x0000000719200000, 0x0000000719400000|  0%| F|  |TAMS 0x0000000719200000, 0x0000000719200000| Untracked 
| 202|0x0000000719400000, 0x0000000719400000, 0x0000000719600000|  0%| F|  |TAMS 0x0000000719400000, 0x0000000719400000| Untracked 
| 203|0x0000000719600000, 0x0000000719600000, 0x0000000719800000|  0%| F|  |TAMS 0x0000000719600000, 0x0000000719600000| Untracked 
| 204|0x0000000719800000, 0x0000000719800000, 0x0000000719a00000|  0%| F|  |TAMS 0x0000000719800000, 0x0000000719800000| Untracked 
| 205|0x0000000719a00000, 0x0000000719a00000, 0x0000000719c00000|  0%| F|  |TAMS 0x0000000719a00000, 0x0000000719a00000| Untracked 
| 206|0x0000000719c00000, 0x0000000719c00000, 0x0000000719e00000|  0%| F|  |TAMS 0x0000000719c00000, 0x0000000719c00000| Untracked 
| 207|0x0000000719e00000, 0x0000000719e00000, 0x000000071a000000|  0%| F|  |TAMS 0x0000000719e00000, 0x0000000719e00000| Untracked 
| 208|0x000000071a000000, 0x000000071a000000, 0x000000071a200000|  0%| F|  |TAMS 0x000000071a000000, 0x000000071a000000| Untracked 
| 209|0x000000071a200000, 0x000000071a200000, 0x000000071a400000|  0%| F|  |TAMS 0x000000071a200000, 0x000000071a200000| Untracked 
| 210|0x000000071a400000, 0x000000071a400000, 0x000000071a600000|  0%| F|  |TAMS 0x000000071a400000, 0x000000071a400000| Untracked 
| 211|0x000000071a600000, 0x000000071a600000, 0x000000071a800000|  0%| F|  |TAMS 0x000000071a600000, 0x000000071a600000| Untracked 
| 212|0x000000071a800000, 0x000000071a800000, 0x000000071aa00000|  0%| F|  |TAMS 0x000000071a800000, 0x000000071a800000| Untracked 
| 213|0x000000071aa00000, 0x000000071aa00000, 0x000000071ac00000|  0%| F|  |TAMS 0x000000071aa00000, 0x000000071aa00000| Untracked 
| 214|0x000000071ac00000, 0x000000071ac00000, 0x000000071ae00000|  0%| F|  |TAMS 0x000000071ac00000, 0x000000071ac00000| Untracked 
| 215|0x000000071ae00000, 0x000000071ae00000, 0x000000071b000000|  0%| F|  |TAMS 0x000000071ae00000, 0x000000071ae00000| Untracked 
| 216|0x000000071b000000, 0x000000071b000000, 0x000000071b200000|  0%| F|  |TAMS 0x000000071b000000, 0x000000071b000000| Untracked 
| 217|0x000000071b200000, 0x000000071b200000, 0x000000071b400000|  0%| F|  |TAMS 0x000000071b200000, 0x000000071b200000| Untracked 
| 218|0x000000071b400000, 0x000000071b400000, 0x000000071b600000|  0%| F|  |TAMS 0x000000071b400000, 0x000000071b400000| Untracked 
| 219|0x000000071b600000, 0x000000071b600000, 0x000000071b800000|  0%| F|  |TAMS 0x000000071b600000, 0x000000071b600000| Untracked 
| 220|0x000000071b800000, 0x000000071b800000, 0x000000071ba00000|  0%| F|  |TAMS 0x000000071b800000, 0x000000071b800000| Untracked 
| 221|0x000000071ba00000, 0x000000071ba00000, 0x000000071bc00000|  0%| F|  |TAMS 0x000000071ba00000, 0x000000071ba00000| Untracked 
| 222|0x000000071bc00000, 0x000000071bc00000, 0x000000071be00000|  0%| F|  |TAMS 0x000000071bc00000, 0x000000071bc00000| Untracked 
| 223|0x000000071be00000, 0x000000071be00000, 0x000000071c000000|  0%| F|  |TAMS 0x000000071be00000, 0x000000071be00000| Untracked 
| 224|0x000000071c000000, 0x000000071c000000, 0x000000071c200000|  0%| F|  |TAMS 0x000000071c000000, 0x000000071c000000| Untracked 
| 225|0x000000071c200000, 0x000000071c200000, 0x000000071c400000|  0%| F|  |TAMS 0x000000071c200000, 0x000000071c200000| Untracked 
| 226|0x000000071c400000, 0x000000071c400000, 0x000000071c600000|  0%| F|  |TAMS 0x000000071c400000, 0x000000071c400000| Untracked 
| 227|0x000000071c600000, 0x000000071c600000, 0x000000071c800000|  0%| F|  |TAMS 0x000000071c600000, 0x000000071c600000| Untracked 
| 228|0x000000071c800000, 0x000000071c800000, 0x000000071ca00000|  0%| F|  |TAMS 0x000000071c800000, 0x000000071c800000| Untracked 
| 229|0x000000071ca00000, 0x000000071ca00000, 0x000000071cc00000|  0%| F|  |TAMS 0x000000071ca00000, 0x000000071ca00000| Untracked 
| 230|0x000000071cc00000, 0x000000071cc00000, 0x000000071ce00000|  0%| F|  |TAMS 0x000000071cc00000, 0x000000071cc00000| Untracked 
| 231|0x000000071ce00000, 0x000000071ce00000, 0x000000071d000000|  0%| F|  |TAMS 0x000000071ce00000, 0x000000071ce00000| Untracked 
| 232|0x000000071d000000, 0x000000071d000000, 0x000000071d200000|  0%| F|  |TAMS 0x000000071d000000, 0x000000071d000000| Untracked 
| 233|0x000000071d200000, 0x000000071d200000, 0x000000071d400000|  0%| F|  |TAMS 0x000000071d200000, 0x000000071d200000| Untracked 
| 234|0x000000071d400000, 0x000000071d400000, 0x000000071d600000|  0%| F|  |TAMS 0x000000071d400000, 0x000000071d400000| Untracked 
| 235|0x000000071d600000, 0x000000071d600000, 0x000000071d800000|  0%| F|  |TAMS 0x000000071d600000, 0x000000071d600000| Untracked 
| 236|0x000000071d800000, 0x000000071d800000, 0x000000071da00000|  0%| F|  |TAMS 0x000000071d800000, 0x000000071d800000| Untracked 
| 237|0x000000071da00000, 0x000000071da00000, 0x000000071dc00000|  0%| F|  |TAMS 0x000000071da00000, 0x000000071da00000| Untracked 
| 238|0x000000071dc00000, 0x000000071dc00000, 0x000000071de00000|  0%| F|  |TAMS 0x000000071dc00000, 0x000000071dc00000| Untracked 
| 239|0x000000071de00000, 0x000000071de00000, 0x000000071e000000|  0%| F|  |TAMS 0x000000071de00000, 0x000000071de00000| Untracked 
| 240|0x000000071e000000, 0x000000071e000000, 0x000000071e200000|  0%| F|  |TAMS 0x000000071e000000, 0x000000071e000000| Untracked 
| 241|0x000000071e200000, 0x000000071e200000, 0x000000071e400000|  0%| F|  |TAMS 0x000000071e200000, 0x000000071e200000| Untracked 
| 242|0x000000071e400000, 0x000000071e400000, 0x000000071e600000|  0%| F|  |TAMS 0x000000071e400000, 0x000000071e400000| Untracked 
| 243|0x000000071e600000, 0x000000071e600000, 0x000000071e800000|  0%| F|  |TAMS 0x000000071e600000, 0x000000071e600000| Untracked 
| 244|0x000000071e800000, 0x000000071e800000, 0x000000071ea00000|  0%| F|  |TAMS 0x000000071e800000, 0x000000071e800000| Untracked 
| 245|0x000000071ea00000, 0x000000071ea00000, 0x000000071ec00000|  0%| F|  |TAMS 0x000000071ea00000, 0x000000071ea00000| Untracked 
| 246|0x000000071ec00000, 0x000000071ec00000, 0x000000071ee00000|  0%| F|  |TAMS 0x000000071ec00000, 0x000000071ec00000| Untracked 
| 247|0x000000071ee00000, 0x000000071ee00000, 0x000000071f000000|  0%| F|  |TAMS 0x000000071ee00000, 0x000000071ee00000| Untracked 
| 248|0x000000071f000000, 0x000000071f000000, 0x000000071f200000|  0%| F|  |TAMS 0x000000071f000000, 0x000000071f000000| Untracked 
| 249|0x000000071f200000, 0x000000071f200000, 0x000000071f400000|  0%| F|  |TAMS 0x000000071f200000, 0x000000071f200000| Untracked 
| 250|0x000000071f400000, 0x000000071f400000, 0x000000071f600000|  0%| F|  |TAMS 0x000000071f400000, 0x000000071f400000| Untracked 
| 251|0x000000071f600000, 0x000000071f600000, 0x000000071f800000|  0%| F|  |TAMS 0x000000071f600000, 0x000000071f600000| Untracked 
| 252|0x000000071f800000, 0x000000071f800000, 0x000000071fa00000|  0%| F|  |TAMS 0x000000071f800000, 0x000000071f800000| Untracked 
| 253|0x000000071fa00000, 0x000000071fa00000, 0x000000071fc00000|  0%| F|  |TAMS 0x000000071fa00000, 0x000000071fa00000| Untracked 
| 254|0x000000071fc00000, 0x000000071fc00000, 0x000000071fe00000|  0%| F|  |TAMS 0x000000071fc00000, 0x000000071fc00000| Untracked 
| 255|0x000000071fe00000, 0x000000071fe00000, 0x0000000720000000|  0%| F|  |TAMS 0x000000071fe00000, 0x000000071fe00000| Untracked 
| 256|0x0000000720000000, 0x0000000720000000, 0x0000000720200000|  0%| F|  |TAMS 0x0000000720000000, 0x0000000720000000| Untracked 
| 257|0x0000000720200000, 0x0000000720200000, 0x0000000720400000|  0%| F|  |TAMS 0x0000000720200000, 0x0000000720200000| Untracked 
| 258|0x0000000720400000, 0x0000000720400000, 0x0000000720600000|  0%| F|  |TAMS 0x0000000720400000, 0x0000000720400000| Untracked 
| 259|0x0000000720600000, 0x0000000720600000, 0x0000000720800000|  0%| F|  |TAMS 0x0000000720600000, 0x0000000720600000| Untracked 
| 260|0x0000000720800000, 0x0000000720800000, 0x0000000720a00000|  0%| F|  |TAMS 0x0000000720800000, 0x0000000720800000| Untracked 
| 261|0x0000000720a00000, 0x0000000720a00000, 0x0000000720c00000|  0%| F|  |TAMS 0x0000000720a00000, 0x0000000720a00000| Untracked 
| 262|0x0000000720c00000, 0x0000000720c00000, 0x0000000720e00000|  0%| F|  |TAMS 0x0000000720c00000, 0x0000000720c00000| Untracked 
| 263|0x0000000720e00000, 0x0000000720e00000, 0x0000000721000000|  0%| F|  |TAMS 0x0000000720e00000, 0x0000000720e00000| Untracked 
| 264|0x0000000721000000, 0x0000000721000000, 0x0000000721200000|  0%| F|  |TAMS 0x0000000721000000, 0x0000000721000000| Untracked 
| 265|0x0000000721200000, 0x0000000721200000, 0x0000000721400000|  0%| F|  |TAMS 0x0000000721200000, 0x0000000721200000| Untracked 
| 266|0x0000000721400000, 0x0000000721400000, 0x0000000721600000|  0%| F|  |TAMS 0x0000000721400000, 0x0000000721400000| Untracked 
| 267|0x0000000721600000, 0x0000000721600000, 0x0000000721800000|  0%| F|  |TAMS 0x0000000721600000, 0x0000000721600000| Untracked 
| 268|0x0000000721800000, 0x0000000721800000, 0x0000000721a00000|  0%| F|  |TAMS 0x0000000721800000, 0x0000000721800000| Untracked 
| 269|0x0000000721a00000, 0x0000000721a00000, 0x0000000721c00000|  0%| F|  |TAMS 0x0000000721a00000, 0x0000000721a00000| Untracked 
| 270|0x0000000721c00000, 0x0000000721c00000, 0x0000000721e00000|  0%| F|  |TAMS 0x0000000721c00000, 0x0000000721c00000| Untracked 
| 271|0x0000000721e00000, 0x0000000721e00000, 0x0000000722000000|  0%| F|  |TAMS 0x0000000721e00000, 0x0000000721e00000| Untracked 
| 272|0x0000000722000000, 0x0000000722000000, 0x0000000722200000|  0%| F|  |TAMS 0x0000000722000000, 0x0000000722000000| Untracked 
| 273|0x0000000722200000, 0x0000000722200000, 0x0000000722400000|  0%| F|  |TAMS 0x0000000722200000, 0x0000000722200000| Untracked 
| 274|0x0000000722400000, 0x0000000722400000, 0x0000000722600000|  0%| F|  |TAMS 0x0000000722400000, 0x0000000722400000| Untracked 
| 275|0x0000000722600000, 0x0000000722600000, 0x0000000722800000|  0%| F|  |TAMS 0x0000000722600000, 0x0000000722600000| Untracked 
| 276|0x0000000722800000, 0x0000000722800000, 0x0000000722a00000|  0%| F|  |TAMS 0x0000000722800000, 0x0000000722800000| Untracked 
| 277|0x0000000722a00000, 0x0000000722a00000, 0x0000000722c00000|  0%| F|  |TAMS 0x0000000722a00000, 0x0000000722a00000| Untracked 
| 278|0x0000000722c00000, 0x0000000722c00000, 0x0000000722e00000|  0%| F|  |TAMS 0x0000000722c00000, 0x0000000722c00000| Untracked 
| 279|0x0000000722e00000, 0x0000000722e00000, 0x0000000723000000|  0%| F|  |TAMS 0x0000000722e00000, 0x0000000722e00000| Untracked 
| 280|0x0000000723000000, 0x0000000723000000, 0x0000000723200000|  0%| F|  |TAMS 0x0000000723000000, 0x0000000723000000| Untracked 
| 281|0x0000000723200000, 0x0000000723200000, 0x0000000723400000|  0%| F|  |TAMS 0x0000000723200000, 0x0000000723200000| Untracked 
| 282|0x0000000723400000, 0x0000000723400000, 0x0000000723600000|  0%| F|  |TAMS 0x0000000723400000, 0x0000000723400000| Untracked 
| 283|0x0000000723600000, 0x0000000723600000, 0x0000000723800000|  0%| F|  |TAMS 0x0000000723600000, 0x0000000723600000| Untracked 
| 284|0x0000000723800000, 0x0000000723800000, 0x0000000723a00000|  0%| F|  |TAMS 0x0000000723800000, 0x0000000723800000| Untracked 
| 285|0x0000000723a00000, 0x0000000723a00000, 0x0000000723c00000|  0%| F|  |TAMS 0x0000000723a00000, 0x0000000723a00000| Untracked 
| 286|0x0000000723c00000, 0x0000000723c00000, 0x0000000723e00000|  0%| F|  |TAMS 0x0000000723c00000, 0x0000000723c00000| Untracked 
| 287|0x0000000723e00000, 0x0000000723e00000, 0x0000000724000000|  0%| F|  |TAMS 0x0000000723e00000, 0x0000000723e00000| Untracked 
| 288|0x0000000724000000, 0x0000000724000000, 0x0000000724200000|  0%| F|  |TAMS 0x0000000724000000, 0x0000000724000000| Untracked 
| 289|0x0000000724200000, 0x0000000724200000, 0x0000000724400000|  0%| F|  |TAMS 0x0000000724200000, 0x0000000724200000| Untracked 
| 290|0x0000000724400000, 0x0000000724400000, 0x0000000724600000|  0%| F|  |TAMS 0x0000000724400000, 0x0000000724400000| Untracked 
| 291|0x0000000724600000, 0x0000000724600000, 0x0000000724800000|  0%| F|  |TAMS 0x0000000724600000, 0x0000000724600000| Untracked 
| 292|0x0000000724800000, 0x0000000724800000, 0x0000000724a00000|  0%| F|  |TAMS 0x0000000724800000, 0x0000000724800000| Untracked 
| 293|0x0000000724a00000, 0x0000000724a00000, 0x0000000724c00000|  0%| F|  |TAMS 0x0000000724a00000, 0x0000000724a00000| Untracked 
| 294|0x0000000724c00000, 0x0000000724c00000, 0x0000000724e00000|  0%| F|  |TAMS 0x0000000724c00000, 0x0000000724c00000| Untracked 
| 295|0x0000000724e00000, 0x0000000724e00000, 0x0000000725000000|  0%| F|  |TAMS 0x0000000724e00000, 0x0000000724e00000| Untracked 
| 296|0x0000000725000000, 0x0000000725000000, 0x0000000725200000|  0%| F|  |TAMS 0x0000000725000000, 0x0000000725000000| Untracked 
| 297|0x0000000725200000, 0x0000000725200000, 0x0000000725400000|  0%| F|  |TAMS 0x0000000725200000, 0x0000000725200000| Untracked 
| 298|0x0000000725400000, 0x0000000725400000, 0x0000000725600000|  0%| F|  |TAMS 0x0000000725400000, 0x0000000725400000| Untracked 
| 299|0x0000000725600000, 0x0000000725600000, 0x0000000725800000|  0%| F|  |TAMS 0x0000000725600000, 0x0000000725600000| Untracked 
| 300|0x0000000725800000, 0x0000000725800000, 0x0000000725a00000|  0%| F|  |TAMS 0x0000000725800000, 0x0000000725800000| Untracked 
| 301|0x0000000725a00000, 0x0000000725a00000, 0x0000000725c00000|  0%| F|  |TAMS 0x0000000725a00000, 0x0000000725a00000| Untracked 
| 302|0x0000000725c00000, 0x0000000725c00000, 0x0000000725e00000|  0%| F|  |TAMS 0x0000000725c00000, 0x0000000725c00000| Untracked 
| 303|0x0000000725e00000, 0x0000000725e00000, 0x0000000726000000|  0%| F|  |TAMS 0x0000000725e00000, 0x0000000725e00000| Untracked 
| 304|0x0000000726000000, 0x0000000726000000, 0x0000000726200000|  0%| F|  |TAMS 0x0000000726000000, 0x0000000726000000| Untracked 
| 305|0x0000000726200000, 0x0000000726200000, 0x0000000726400000|  0%| F|  |TAMS 0x0000000726200000, 0x0000000726200000| Untracked 
| 306|0x0000000726400000, 0x0000000726400000, 0x0000000726600000|  0%| F|  |TAMS 0x0000000726400000, 0x0000000726400000| Untracked 
| 307|0x0000000726600000, 0x0000000726600000, 0x0000000726800000|  0%| F|  |TAMS 0x0000000726600000, 0x0000000726600000| Untracked 
| 308|0x0000000726800000, 0x0000000726800000, 0x0000000726a00000|  0%| F|  |TAMS 0x0000000726800000, 0x0000000726800000| Untracked 
| 309|0x0000000726a00000, 0x0000000726a00000, 0x0000000726c00000|  0%| F|  |TAMS 0x0000000726a00000, 0x0000000726a00000| Untracked 
| 310|0x0000000726c00000, 0x0000000726c00000, 0x0000000726e00000|  0%| F|  |TAMS 0x0000000726c00000, 0x0000000726c00000| Untracked 
| 311|0x0000000726e00000, 0x0000000726e00000, 0x0000000727000000|  0%| F|  |TAMS 0x0000000726e00000, 0x0000000726e00000| Untracked 
| 312|0x0000000727000000, 0x0000000727000000, 0x0000000727200000|  0%| F|  |TAMS 0x0000000727000000, 0x0000000727000000| Untracked 
| 313|0x0000000727200000, 0x0000000727200000, 0x0000000727400000|  0%| F|  |TAMS 0x0000000727200000, 0x0000000727200000| Untracked 
| 314|0x0000000727400000, 0x0000000727400000, 0x0000000727600000|  0%| F|  |TAMS 0x0000000727400000, 0x0000000727400000| Untracked 
| 315|0x0000000727600000, 0x0000000727600000, 0x0000000727800000|  0%| F|  |TAMS 0x0000000727600000, 0x0000000727600000| Untracked 
| 316|0x0000000727800000, 0x0000000727800000, 0x0000000727a00000|  0%| F|  |TAMS 0x0000000727800000, 0x0000000727800000| Untracked 
| 317|0x0000000727a00000, 0x0000000727a00000, 0x0000000727c00000|  0%| F|  |TAMS 0x0000000727a00000, 0x0000000727a00000| Untracked 
| 318|0x0000000727c00000, 0x0000000727c00000, 0x0000000727e00000|  0%| F|  |TAMS 0x0000000727c00000, 0x0000000727c00000| Untracked 
| 319|0x0000000727e00000, 0x0000000727e00000, 0x0000000728000000|  0%| F|  |TAMS 0x0000000727e00000, 0x0000000727e00000| Untracked 
| 320|0x0000000728000000, 0x0000000728000000, 0x0000000728200000|  0%| F|  |TAMS 0x0000000728000000, 0x0000000728000000| Untracked 
| 321|0x0000000728200000, 0x0000000728200000, 0x0000000728400000|  0%| F|  |TAMS 0x0000000728200000, 0x0000000728200000| Untracked 
| 322|0x0000000728400000, 0x0000000728400000, 0x0000000728600000|  0%| F|  |TAMS 0x0000000728400000, 0x0000000728400000| Untracked 
| 323|0x0000000728600000, 0x0000000728600000, 0x0000000728800000|  0%| F|  |TAMS 0x0000000728600000, 0x0000000728600000| Untracked 
| 324|0x0000000728800000, 0x0000000728800000, 0x0000000728a00000|  0%| F|  |TAMS 0x0000000728800000, 0x0000000728800000| Untracked 
| 325|0x0000000728a00000, 0x0000000728a00000, 0x0000000728c00000|  0%| F|  |TAMS 0x0000000728a00000, 0x0000000728a00000| Untracked 
| 326|0x0000000728c00000, 0x0000000728c00000, 0x0000000728e00000|  0%| F|  |TAMS 0x0000000728c00000, 0x0000000728c00000| Untracked 
| 327|0x0000000728e00000, 0x0000000728e00000, 0x0000000729000000|  0%| F|  |TAMS 0x0000000728e00000, 0x0000000728e00000| Untracked 
| 328|0x0000000729000000, 0x0000000729000000, 0x0000000729200000|  0%| F|  |TAMS 0x0000000729000000, 0x0000000729000000| Untracked 
| 329|0x0000000729200000, 0x0000000729200000, 0x0000000729400000|  0%| F|  |TAMS 0x0000000729200000, 0x0000000729200000| Untracked 
| 330|0x0000000729400000, 0x0000000729400000, 0x0000000729600000|  0%| F|  |TAMS 0x0000000729400000, 0x0000000729400000| Untracked 
| 331|0x0000000729600000, 0x0000000729600000, 0x0000000729800000|  0%| F|  |TAMS 0x0000000729600000, 0x0000000729600000| Untracked 
| 332|0x0000000729800000, 0x0000000729800000, 0x0000000729a00000|  0%| F|  |TAMS 0x0000000729800000, 0x0000000729800000| Untracked 
| 333|0x0000000729a00000, 0x0000000729a00000, 0x0000000729c00000|  0%| F|  |TAMS 0x0000000729a00000, 0x0000000729a00000| Untracked 
| 334|0x0000000729c00000, 0x0000000729c00000, 0x0000000729e00000|  0%| F|  |TAMS 0x0000000729c00000, 0x0000000729c00000| Untracked 
| 335|0x0000000729e00000, 0x0000000729e00000, 0x000000072a000000|  0%| F|  |TAMS 0x0000000729e00000, 0x0000000729e00000| Untracked 
| 336|0x000000072a000000, 0x000000072a000000, 0x000000072a200000|  0%| F|  |TAMS 0x000000072a000000, 0x000000072a000000| Untracked 
| 337|0x000000072a200000, 0x000000072a200000, 0x000000072a400000|  0%| F|  |TAMS 0x000000072a200000, 0x000000072a200000| Untracked 
| 338|0x000000072a400000, 0x000000072a400000, 0x000000072a600000|  0%| F|  |TAMS 0x000000072a400000, 0x000000072a400000| Untracked 
| 339|0x000000072a600000, 0x000000072a600000, 0x000000072a800000|  0%| F|  |TAMS 0x000000072a600000, 0x000000072a600000| Untracked 
| 340|0x000000072a800000, 0x000000072a800000, 0x000000072aa00000|  0%| F|  |TAMS 0x000000072a800000, 0x000000072a800000| Untracked 
| 341|0x000000072aa00000, 0x000000072aa00000, 0x000000072ac00000|  0%| F|  |TAMS 0x000000072aa00000, 0x000000072aa00000| Untracked 
| 342|0x000000072ac00000, 0x000000072ac00000, 0x000000072ae00000|  0%| F|  |TAMS 0x000000072ac00000, 0x000000072ac00000| Untracked 
| 343|0x000000072ae00000, 0x000000072ae00000, 0x000000072b000000|  0%| F|  |TAMS 0x000000072ae00000, 0x000000072ae00000| Untracked 
| 344|0x000000072b000000, 0x000000072b000000, 0x000000072b200000|  0%| F|  |TAMS 0x000000072b000000, 0x000000072b000000| Untracked 
| 345|0x000000072b200000, 0x000000072b200000, 0x000000072b400000|  0%| F|  |TAMS 0x000000072b200000, 0x000000072b200000| Untracked 
| 346|0x000000072b400000, 0x000000072b400000, 0x000000072b600000|  0%| F|  |TAMS 0x000000072b400000, 0x000000072b400000| Untracked 
| 347|0x000000072b600000, 0x000000072b600000, 0x000000072b800000|  0%| F|  |TAMS 0x000000072b600000, 0x000000072b600000| Untracked 
| 348|0x000000072b800000, 0x000000072b800000, 0x000000072ba00000|  0%| F|  |TAMS 0x000000072b800000, 0x000000072b800000| Untracked 
| 349|0x000000072ba00000, 0x000000072ba00000, 0x000000072bc00000|  0%| F|  |TAMS 0x000000072ba00000, 0x000000072ba00000| Untracked 
| 350|0x000000072bc00000, 0x000000072bc00000, 0x000000072be00000|  0%| F|  |TAMS 0x000000072bc00000, 0x000000072bc00000| Untracked 
| 351|0x000000072be00000, 0x000000072be00000, 0x000000072c000000|  0%| F|  |TAMS 0x000000072be00000, 0x000000072be00000| Untracked 
| 352|0x000000072c000000, 0x000000072c000000, 0x000000072c200000|  0%| F|  |TAMS 0x000000072c000000, 0x000000072c000000| Untracked 
| 353|0x000000072c200000, 0x000000072c200000, 0x000000072c400000|  0%| F|  |TAMS 0x000000072c200000, 0x000000072c200000| Untracked 
| 354|0x000000072c400000, 0x000000072c400000, 0x000000072c600000|  0%| F|  |TAMS 0x000000072c400000, 0x000000072c400000| Untracked 
| 355|0x000000072c600000, 0x000000072c600000, 0x000000072c800000|  0%| F|  |TAMS 0x000000072c600000, 0x000000072c600000| Untracked 
| 356|0x000000072c800000, 0x000000072c800000, 0x000000072ca00000|  0%| F|  |TAMS 0x000000072c800000, 0x000000072c800000| Untracked 
| 357|0x000000072ca00000, 0x000000072ca00000, 0x000000072cc00000|  0%| F|  |TAMS 0x000000072ca00000, 0x000000072ca00000| Untracked 
| 358|0x000000072cc00000, 0x000000072cc00000, 0x000000072ce00000|  0%| F|  |TAMS 0x000000072cc00000, 0x000000072cc00000| Untracked 
| 359|0x000000072ce00000, 0x000000072ce00000, 0x000000072d000000|  0%| F|  |TAMS 0x000000072ce00000, 0x000000072ce00000| Untracked 
| 360|0x000000072d000000, 0x000000072d000000, 0x000000072d200000|  0%| F|  |TAMS 0x000000072d000000, 0x000000072d000000| Untracked 
| 361|0x000000072d200000, 0x000000072d200000, 0x000000072d400000|  0%| F|  |TAMS 0x000000072d200000, 0x000000072d200000| Untracked 
| 362|0x000000072d400000, 0x000000072d400000, 0x000000072d600000|  0%| F|  |TAMS 0x000000072d400000, 0x000000072d400000| Untracked 
| 363|0x000000072d600000, 0x000000072d600000, 0x000000072d800000|  0%| F|  |TAMS 0x000000072d600000, 0x000000072d600000| Untracked 
| 364|0x000000072d800000, 0x000000072d800000, 0x000000072da00000|  0%| F|  |TAMS 0x000000072d800000, 0x000000072d800000| Untracked 
| 365|0x000000072da00000, 0x000000072da00000, 0x000000072dc00000|  0%| F|  |TAMS 0x000000072da00000, 0x000000072da00000| Untracked 
| 366|0x000000072dc00000, 0x000000072dc00000, 0x000000072de00000|  0%| F|  |TAMS 0x000000072dc00000, 0x000000072dc00000| Untracked 
| 367|0x000000072de00000, 0x000000072de00000, 0x000000072e000000|  0%| F|  |TAMS 0x000000072de00000, 0x000000072de00000| Untracked 
| 368|0x000000072e000000, 0x000000072e000000, 0x000000072e200000|  0%| F|  |TAMS 0x000000072e000000, 0x000000072e000000| Untracked 
| 369|0x000000072e200000, 0x000000072e200000, 0x000000072e400000|  0%| F|  |TAMS 0x000000072e200000, 0x000000072e200000| Untracked 
| 370|0x000000072e400000, 0x000000072e400000, 0x000000072e600000|  0%| F|  |TAMS 0x000000072e400000, 0x000000072e400000| Untracked 
| 371|0x000000072e600000, 0x000000072e600000, 0x000000072e800000|  0%| F|  |TAMS 0x000000072e600000, 0x000000072e600000| Untracked 
| 372|0x000000072e800000, 0x000000072e800000, 0x000000072ea00000|  0%| F|  |TAMS 0x000000072e800000, 0x000000072e800000| Untracked 
| 373|0x000000072ea00000, 0x000000072ea00000, 0x000000072ec00000|  0%| F|  |TAMS 0x000000072ea00000, 0x000000072ea00000| Untracked 
| 374|0x000000072ec00000, 0x000000072ec00000, 0x000000072ee00000|  0%| F|  |TAMS 0x000000072ec00000, 0x000000072ec00000| Untracked 
| 375|0x000000072ee00000, 0x000000072ee00000, 0x000000072f000000|  0%| F|  |TAMS 0x000000072ee00000, 0x000000072ee00000| Untracked 
| 376|0x000000072f000000, 0x000000072f000000, 0x000000072f200000|  0%| F|  |TAMS 0x000000072f000000, 0x000000072f000000| Untracked 
| 377|0x000000072f200000, 0x000000072f200000, 0x000000072f400000|  0%| F|  |TAMS 0x000000072f200000, 0x000000072f200000| Untracked 
| 378|0x000000072f400000, 0x000000072f400000, 0x000000072f600000|  0%| F|  |TAMS 0x000000072f400000, 0x000000072f400000| Untracked 
| 379|0x000000072f600000, 0x000000072f600000, 0x000000072f800000|  0%| F|  |TAMS 0x000000072f600000, 0x000000072f600000| Untracked 
| 380|0x000000072f800000, 0x000000072f800000, 0x000000072fa00000|  0%| F|  |TAMS 0x000000072f800000, 0x000000072f800000| Untracked 
| 381|0x000000072fa00000, 0x000000072fa00000, 0x000000072fc00000|  0%| F|  |TAMS 0x000000072fa00000, 0x000000072fa00000| Untracked 
| 382|0x000000072fc00000, 0x000000072fc00000, 0x000000072fe00000|  0%| F|  |TAMS 0x000000072fc00000, 0x000000072fc00000| Untracked 
| 383|0x000000072fe00000, 0x000000072fe00000, 0x0000000730000000|  0%| F|  |TAMS 0x000000072fe00000, 0x000000072fe00000| Untracked 
| 384|0x0000000730000000, 0x0000000730000000, 0x0000000730200000|  0%| F|  |TAMS 0x0000000730000000, 0x0000000730000000| Untracked 
| 385|0x0000000730200000, 0x0000000730200000, 0x0000000730400000|  0%| F|  |TAMS 0x0000000730200000, 0x0000000730200000| Untracked 
| 386|0x0000000730400000, 0x0000000730400000, 0x0000000730600000|  0%| F|  |TAMS 0x0000000730400000, 0x0000000730400000| Untracked 
| 387|0x0000000730600000, 0x0000000730600000, 0x0000000730800000|  0%| F|  |TAMS 0x0000000730600000, 0x0000000730600000| Untracked 
| 388|0x0000000730800000, 0x0000000730800000, 0x0000000730a00000|  0%| F|  |TAMS 0x0000000730800000, 0x0000000730800000| Untracked 
| 389|0x0000000730a00000, 0x0000000730a00000, 0x0000000730c00000|  0%| F|  |TAMS 0x0000000730a00000, 0x0000000730a00000| Untracked 
| 390|0x0000000730c00000, 0x0000000730c00000, 0x0000000730e00000|  0%| F|  |TAMS 0x0000000730c00000, 0x0000000730c00000| Untracked 
| 391|0x0000000730e00000, 0x0000000730e00000, 0x0000000731000000|  0%| F|  |TAMS 0x0000000730e00000, 0x0000000730e00000| Untracked 
| 392|0x0000000731000000, 0x0000000731000000, 0x0000000731200000|  0%| F|  |TAMS 0x0000000731000000, 0x0000000731000000| Untracked 
| 393|0x0000000731200000, 0x0000000731200000, 0x0000000731400000|  0%| F|  |TAMS 0x0000000731200000, 0x0000000731200000| Untracked 
| 394|0x0000000731400000, 0x0000000731400000, 0x0000000731600000|  0%| F|  |TAMS 0x0000000731400000, 0x0000000731400000| Untracked 
| 395|0x0000000731600000, 0x0000000731600000, 0x0000000731800000|  0%| F|  |TAMS 0x0000000731600000, 0x0000000731600000| Untracked 
| 396|0x0000000731800000, 0x0000000731800000, 0x0000000731a00000|  0%| F|  |TAMS 0x0000000731800000, 0x0000000731800000| Untracked 
| 397|0x0000000731a00000, 0x0000000731a00000, 0x0000000731c00000|  0%| F|  |TAMS 0x0000000731a00000, 0x0000000731a00000| Untracked 
| 398|0x0000000731c00000, 0x0000000731c00000, 0x0000000731e00000|  0%| F|  |TAMS 0x0000000731c00000, 0x0000000731c00000| Untracked 
| 399|0x0000000731e00000, 0x0000000731e00000, 0x0000000732000000|  0%| F|  |TAMS 0x0000000731e00000, 0x0000000731e00000| Untracked 
| 400|0x0000000732000000, 0x0000000732000000, 0x0000000732200000|  0%| F|  |TAMS 0x0000000732000000, 0x0000000732000000| Untracked 
| 401|0x0000000732200000, 0x0000000732200000, 0x0000000732400000|  0%| F|  |TAMS 0x0000000732200000, 0x0000000732200000| Untracked 
| 402|0x0000000732400000, 0x0000000732400000, 0x0000000732600000|  0%| F|  |TAMS 0x0000000732400000, 0x0000000732400000| Untracked 
| 403|0x0000000732600000, 0x0000000732800000, 0x0000000732800000|100%| S|CS|TAMS 0x0000000732600000, 0x0000000732600000| Complete 
| 404|0x0000000732800000, 0x0000000732a00000, 0x0000000732a00000|100%| S|CS|TAMS 0x0000000732800000, 0x0000000732800000| Complete 
| 405|0x0000000732a00000, 0x0000000732c00000, 0x0000000732c00000|100%| S|CS|TAMS 0x0000000732a00000, 0x0000000732a00000| Complete 
| 406|0x0000000732c00000, 0x0000000732e00000, 0x0000000732e00000|100%| S|CS|TAMS 0x0000000732c00000, 0x0000000732c00000| Complete 
| 407|0x0000000732e00000, 0x0000000733000000, 0x0000000733000000|100%| S|CS|TAMS 0x0000000732e00000, 0x0000000732e00000| Complete 
| 408|0x0000000733000000, 0x0000000733200000, 0x0000000733200000|100%| S|CS|TAMS 0x0000000733000000, 0x0000000733000000| Complete 
| 409|0x0000000733200000, 0x0000000733400000, 0x0000000733400000|100%| S|CS|TAMS 0x0000000733200000, 0x0000000733200000| Complete 
| 410|0x0000000733400000, 0x0000000733600000, 0x0000000733600000|100%| S|CS|TAMS 0x0000000733400000, 0x0000000733400000| Complete 
| 411|0x0000000733600000, 0x0000000733800000, 0x0000000733800000|100%| S|CS|TAMS 0x0000000733600000, 0x0000000733600000| Complete 
| 412|0x0000000733800000, 0x0000000733a00000, 0x0000000733a00000|100%| S|CS|TAMS 0x0000000733800000, 0x0000000733800000| Complete 
| 413|0x0000000733a00000, 0x0000000733c00000, 0x0000000733c00000|100%| S|CS|TAMS 0x0000000733a00000, 0x0000000733a00000| Complete 
| 414|0x0000000733c00000, 0x0000000733e00000, 0x0000000733e00000|100%| S|CS|TAMS 0x0000000733c00000, 0x0000000733c00000| Complete 
| 415|0x0000000733e00000, 0x0000000734000000, 0x0000000734000000|100%| S|CS|TAMS 0x0000000733e00000, 0x0000000733e00000| Complete 
| 416|0x0000000734000000, 0x0000000734200000, 0x0000000734200000|100%| S|CS|TAMS 0x0000000734000000, 0x0000000734000000| Complete 
| 417|0x0000000734200000, 0x0000000734400000, 0x0000000734400000|100%| S|CS|TAMS 0x0000000734200000, 0x0000000734200000| Complete 
| 418|0x0000000734400000, 0x0000000734600000, 0x0000000734600000|100%| S|CS|TAMS 0x0000000734400000, 0x0000000734400000| Complete 
| 419|0x0000000734600000, 0x0000000734600000, 0x0000000734800000|  0%| F|  |TAMS 0x0000000734600000, 0x0000000734600000| Untracked 
| 420|0x0000000734800000, 0x0000000734800000, 0x0000000734a00000|  0%| F|  |TAMS 0x0000000734800000, 0x0000000734800000| Untracked 
| 421|0x0000000734a00000, 0x0000000734a00000, 0x0000000734c00000|  0%| F|  |TAMS 0x0000000734a00000, 0x0000000734a00000| Untracked 
| 422|0x0000000734c00000, 0x0000000734c00000, 0x0000000734e00000|  0%| F|  |TAMS 0x0000000734c00000, 0x0000000734c00000| Untracked 
| 423|0x0000000734e00000, 0x0000000734e00000, 0x0000000735000000|  0%| F|  |TAMS 0x0000000734e00000, 0x0000000734e00000| Untracked 
| 424|0x0000000735000000, 0x0000000735000000, 0x0000000735200000|  0%| F|  |TAMS 0x0000000735000000, 0x0000000735000000| Untracked 
| 425|0x0000000735200000, 0x0000000735200000, 0x0000000735400000|  0%| F|  |TAMS 0x0000000735200000, 0x0000000735200000| Untracked 
| 426|0x0000000735400000, 0x0000000735400000, 0x0000000735600000|  0%| F|  |TAMS 0x0000000735400000, 0x0000000735400000| Untracked 
| 427|0x0000000735600000, 0x0000000735600000, 0x0000000735800000|  0%| F|  |TAMS 0x0000000735600000, 0x0000000735600000| Untracked 
| 428|0x0000000735800000, 0x0000000735800000, 0x0000000735a00000|  0%| F|  |TAMS 0x0000000735800000, 0x0000000735800000| Untracked 
| 429|0x0000000735a00000, 0x0000000735a00000, 0x0000000735c00000|  0%| F|  |TAMS 0x0000000735a00000, 0x0000000735a00000| Untracked 
| 430|0x0000000735c00000, 0x0000000735c00000, 0x0000000735e00000|  0%| F|  |TAMS 0x0000000735c00000, 0x0000000735c00000| Untracked 
| 431|0x0000000735e00000, 0x0000000735e00000, 0x0000000736000000|  0%| F|  |TAMS 0x0000000735e00000, 0x0000000735e00000| Untracked 
| 432|0x0000000736000000, 0x0000000736000000, 0x0000000736200000|  0%| F|  |TAMS 0x0000000736000000, 0x0000000736000000| Untracked 
| 433|0x0000000736200000, 0x0000000736200000, 0x0000000736400000|  0%| F|  |TAMS 0x0000000736200000, 0x0000000736200000| Untracked 
| 434|0x0000000736400000, 0x0000000736400000, 0x0000000736600000|  0%| F|  |TAMS 0x0000000736400000, 0x0000000736400000| Untracked 
| 435|0x0000000736600000, 0x0000000736600000, 0x0000000736800000|  0%| F|  |TAMS 0x0000000736600000, 0x0000000736600000| Untracked 
| 436|0x0000000736800000, 0x0000000736800000, 0x0000000736a00000|  0%| F|  |TAMS 0x0000000736800000, 0x0000000736800000| Untracked 
| 437|0x0000000736a00000, 0x0000000736a00000, 0x0000000736c00000|  0%| F|  |TAMS 0x0000000736a00000, 0x0000000736a00000| Untracked 
| 438|0x0000000736c00000, 0x0000000736c00000, 0x0000000736e00000|  0%| F|  |TAMS 0x0000000736c00000, 0x0000000736c00000| Untracked 
| 439|0x0000000736e00000, 0x0000000736e00000, 0x0000000737000000|  0%| F|  |TAMS 0x0000000736e00000, 0x0000000736e00000| Untracked 
| 440|0x0000000737000000, 0x0000000737000000, 0x0000000737200000|  0%| F|  |TAMS 0x0000000737000000, 0x0000000737000000| Untracked 
| 441|0x0000000737200000, 0x0000000737200000, 0x0000000737400000|  0%| F|  |TAMS 0x0000000737200000, 0x0000000737200000| Untracked 
| 442|0x0000000737400000, 0x0000000737400000, 0x0000000737600000|  0%| F|  |TAMS 0x0000000737400000, 0x0000000737400000| Untracked 
| 443|0x0000000737600000, 0x0000000737600000, 0x0000000737800000|  0%| F|  |TAMS 0x0000000737600000, 0x0000000737600000| Untracked 
| 444|0x0000000737800000, 0x0000000737800000, 0x0000000737a00000|  0%| F|  |TAMS 0x0000000737800000, 0x0000000737800000| Untracked 
| 445|0x0000000737a00000, 0x0000000737a00000, 0x0000000737c00000|  0%| F|  |TAMS 0x0000000737a00000, 0x0000000737a00000| Untracked 
| 446|0x0000000737c00000, 0x0000000737c00000, 0x0000000737e00000|  0%| F|  |TAMS 0x0000000737c00000, 0x0000000737c00000| Untracked 
| 447|0x0000000737e00000, 0x0000000737e00000, 0x0000000738000000|  0%| F|  |TAMS 0x0000000737e00000, 0x0000000737e00000| Untracked 
| 448|0x0000000738000000, 0x0000000738000000, 0x0000000738200000|  0%| F|  |TAMS 0x0000000738000000, 0x0000000738000000| Untracked 
| 449|0x0000000738200000, 0x0000000738200000, 0x0000000738400000|  0%| F|  |TAMS 0x0000000738200000, 0x0000000738200000| Untracked 
| 450|0x0000000738400000, 0x0000000738400000, 0x0000000738600000|  0%| F|  |TAMS 0x0000000738400000, 0x0000000738400000| Untracked 
| 451|0x0000000738600000, 0x0000000738600000, 0x0000000738800000|  0%| F|  |TAMS 0x0000000738600000, 0x0000000738600000| Untracked 
| 452|0x0000000738800000, 0x0000000738800000, 0x0000000738a00000|  0%| F|  |TAMS 0x0000000738800000, 0x0000000738800000| Untracked 
| 453|0x0000000738a00000, 0x0000000738a00000, 0x0000000738c00000|  0%| F|  |TAMS 0x0000000738a00000, 0x0000000738a00000| Untracked 
| 454|0x0000000738c00000, 0x0000000738c00000, 0x0000000738e00000|  0%| F|  |TAMS 0x0000000738c00000, 0x0000000738c00000| Untracked 
| 455|0x0000000738e00000, 0x0000000738e00000, 0x0000000739000000|  0%| F|  |TAMS 0x0000000738e00000, 0x0000000738e00000| Untracked 
| 456|0x0000000739000000, 0x0000000739000000, 0x0000000739200000|  0%| F|  |TAMS 0x0000000739000000, 0x0000000739000000| Untracked 
| 457|0x0000000739200000, 0x0000000739200000, 0x0000000739400000|  0%| F|  |TAMS 0x0000000739200000, 0x0000000739200000| Untracked 
| 458|0x0000000739400000, 0x0000000739400000, 0x0000000739600000|  0%| F|  |TAMS 0x0000000739400000, 0x0000000739400000| Untracked 
| 459|0x0000000739600000, 0x0000000739600000, 0x0000000739800000|  0%| F|  |TAMS 0x0000000739600000, 0x0000000739600000| Untracked 
| 460|0x0000000739800000, 0x0000000739800000, 0x0000000739a00000|  0%| F|  |TAMS 0x0000000739800000, 0x0000000739800000| Untracked 
| 461|0x0000000739a00000, 0x0000000739a00000, 0x0000000739c00000|  0%| F|  |TAMS 0x0000000739a00000, 0x0000000739a00000| Untracked 
| 462|0x0000000739c00000, 0x0000000739c00000, 0x0000000739e00000|  0%| F|  |TAMS 0x0000000739c00000, 0x0000000739c00000| Untracked 
| 463|0x0000000739e00000, 0x0000000739e00000, 0x000000073a000000|  0%| F|  |TAMS 0x0000000739e00000, 0x0000000739e00000| Untracked 
| 464|0x000000073a000000, 0x000000073a000000, 0x000000073a200000|  0%| F|  |TAMS 0x000000073a000000, 0x000000073a000000| Untracked 
| 465|0x000000073a200000, 0x000000073a200000, 0x000000073a400000|  0%| F|  |TAMS 0x000000073a200000, 0x000000073a200000| Untracked 
| 466|0x000000073a400000, 0x000000073a400000, 0x000000073a600000|  0%| F|  |TAMS 0x000000073a400000, 0x000000073a400000| Untracked 
| 467|0x000000073a600000, 0x000000073a600000, 0x000000073a800000|  0%| F|  |TAMS 0x000000073a600000, 0x000000073a600000| Untracked 
| 468|0x000000073a800000, 0x000000073a800000, 0x000000073aa00000|  0%| F|  |TAMS 0x000000073a800000, 0x000000073a800000| Untracked 
| 469|0x000000073aa00000, 0x000000073aa00000, 0x000000073ac00000|  0%| F|  |TAMS 0x000000073aa00000, 0x000000073aa00000| Untracked 
| 470|0x000000073ac00000, 0x000000073ac00000, 0x000000073ae00000|  0%| F|  |TAMS 0x000000073ac00000, 0x000000073ac00000| Untracked 
| 471|0x000000073ae00000, 0x000000073ae00000, 0x000000073b000000|  0%| F|  |TAMS 0x000000073ae00000, 0x000000073ae00000| Untracked 
| 472|0x000000073b000000, 0x000000073b000000, 0x000000073b200000|  0%| F|  |TAMS 0x000000073b000000, 0x000000073b000000| Untracked 
| 473|0x000000073b200000, 0x000000073b200000, 0x000000073b400000|  0%| F|  |TAMS 0x000000073b200000, 0x000000073b200000| Untracked 
| 474|0x000000073b400000, 0x000000073b400000, 0x000000073b600000|  0%| F|  |TAMS 0x000000073b400000, 0x000000073b400000| Untracked 
| 475|0x000000073b600000, 0x000000073b600000, 0x000000073b800000|  0%| F|  |TAMS 0x000000073b600000, 0x000000073b600000| Untracked 
| 476|0x000000073b800000, 0x000000073b800000, 0x000000073ba00000|  0%| F|  |TAMS 0x000000073b800000, 0x000000073b800000| Untracked 
| 477|0x000000073ba00000, 0x000000073ba00000, 0x000000073bc00000|  0%| F|  |TAMS 0x000000073ba00000, 0x000000073ba00000| Untracked 
| 478|0x000000073bc00000, 0x000000073bc00000, 0x000000073be00000|  0%| F|  |TAMS 0x000000073bc00000, 0x000000073bc00000| Untracked 
| 479|0x000000073be00000, 0x000000073be00000, 0x000000073c000000|  0%| F|  |TAMS 0x000000073be00000, 0x000000073be00000| Untracked 
| 480|0x000000073c000000, 0x000000073c000000, 0x000000073c200000|  0%| F|  |TAMS 0x000000073c000000, 0x000000073c000000| Untracked 
| 481|0x000000073c200000, 0x000000073c200000, 0x000000073c400000|  0%| F|  |TAMS 0x000000073c200000, 0x000000073c200000| Untracked 
| 482|0x000000073c400000, 0x000000073c400000, 0x000000073c600000|  0%| F|  |TAMS 0x000000073c400000, 0x000000073c400000| Untracked 
| 483|0x000000073c600000, 0x000000073c600000, 0x000000073c800000|  0%| F|  |TAMS 0x000000073c600000, 0x000000073c600000| Untracked 
| 484|0x000000073c800000, 0x000000073c800000, 0x000000073ca00000|  0%| F|  |TAMS 0x000000073c800000, 0x000000073c800000| Untracked 
| 485|0x000000073ca00000, 0x000000073ca00000, 0x000000073cc00000|  0%| F|  |TAMS 0x000000073ca00000, 0x000000073ca00000| Untracked 
| 486|0x000000073cc00000, 0x000000073cc00000, 0x000000073ce00000|  0%| F|  |TAMS 0x000000073cc00000, 0x000000073cc00000| Untracked 
| 487|0x000000073ce00000, 0x000000073ce00000, 0x000000073d000000|  0%| F|  |TAMS 0x000000073ce00000, 0x000000073ce00000| Untracked 
| 488|0x000000073d000000, 0x000000073d000000, 0x000000073d200000|  0%| F|  |TAMS 0x000000073d000000, 0x000000073d000000| Untracked 
| 489|0x000000073d200000, 0x000000073d200000, 0x000000073d400000|  0%| F|  |TAMS 0x000000073d200000, 0x000000073d200000| Untracked 
| 490|0x000000073d400000, 0x000000073d400000, 0x000000073d600000|  0%| F|  |TAMS 0x000000073d400000, 0x000000073d400000| Untracked 
| 491|0x000000073d600000, 0x000000073d600000, 0x000000073d800000|  0%| F|  |TAMS 0x000000073d600000, 0x000000073d600000| Untracked 
| 492|0x000000073d800000, 0x000000073d800000, 0x000000073da00000|  0%| F|  |TAMS 0x000000073d800000, 0x000000073d800000| Untracked 
| 493|0x000000073da00000, 0x000000073da00000, 0x000000073dc00000|  0%| F|  |TAMS 0x000000073da00000, 0x000000073da00000| Untracked 
| 494|0x000000073dc00000, 0x000000073dc00000, 0x000000073de00000|  0%| F|  |TAMS 0x000000073dc00000, 0x000000073dc00000| Untracked 
| 495|0x000000073de00000, 0x000000073de00000, 0x000000073e000000|  0%| F|  |TAMS 0x000000073de00000, 0x000000073de00000| Untracked 
| 496|0x000000073e000000, 0x000000073e000000, 0x000000073e200000|  0%| F|  |TAMS 0x000000073e000000, 0x000000073e000000| Untracked 
| 497|0x000000073e200000, 0x000000073e200000, 0x000000073e400000|  0%| F|  |TAMS 0x000000073e200000, 0x000000073e200000| Untracked 
| 498|0x000000073e400000, 0x000000073e400000, 0x000000073e600000|  0%| F|  |TAMS 0x000000073e400000, 0x000000073e400000| Untracked 
| 499|0x000000073e600000, 0x000000073e600000, 0x000000073e800000|  0%| F|  |TAMS 0x000000073e600000, 0x000000073e600000| Untracked 
| 500|0x000000073e800000, 0x000000073e800000, 0x000000073ea00000|  0%| F|  |TAMS 0x000000073e800000, 0x000000073e800000| Untracked 
| 501|0x000000073ea00000, 0x000000073ea00000, 0x000000073ec00000|  0%| F|  |TAMS 0x000000073ea00000, 0x000000073ea00000| Untracked 
| 502|0x000000073ec00000, 0x000000073ec00000, 0x000000073ee00000|  0%| F|  |TAMS 0x000000073ec00000, 0x000000073ec00000| Untracked 
| 503|0x000000073ee00000, 0x000000073ee00000, 0x000000073f000000|  0%| F|  |TAMS 0x000000073ee00000, 0x000000073ee00000| Untracked 
| 504|0x000000073f000000, 0x000000073f000000, 0x000000073f200000|  0%| F|  |TAMS 0x000000073f000000, 0x000000073f000000| Untracked 
| 505|0x000000073f200000, 0x000000073f200000, 0x000000073f400000|  0%| F|  |TAMS 0x000000073f200000, 0x000000073f200000| Untracked 
| 506|0x000000073f400000, 0x000000073f400000, 0x000000073f600000|  0%| F|  |TAMS 0x000000073f400000, 0x000000073f400000| Untracked 
| 507|0x000000073f600000, 0x000000073f600000, 0x000000073f800000|  0%| F|  |TAMS 0x000000073f600000, 0x000000073f600000| Untracked 
| 508|0x000000073f800000, 0x000000073f800000, 0x000000073fa00000|  0%| F|  |TAMS 0x000000073f800000, 0x000000073f800000| Untracked 
| 509|0x000000073fa00000, 0x000000073fa00000, 0x000000073fc00000|  0%| F|  |TAMS 0x000000073fa00000, 0x000000073fa00000| Untracked 
| 510|0x000000073fc00000, 0x000000073fc00000, 0x000000073fe00000|  0%| F|  |TAMS 0x000000073fc00000, 0x000000073fc00000| Untracked 
| 511|0x000000073fe00000, 0x000000073fe00000, 0x0000000740000000|  0%| F|  |TAMS 0x000000073fe00000, 0x000000073fe00000| Untracked 
| 512|0x0000000740000000, 0x0000000740000000, 0x0000000740200000|  0%| F|  |TAMS 0x0000000740000000, 0x0000000740000000| Untracked 
| 513|0x0000000740200000, 0x0000000740200000, 0x0000000740400000|  0%| F|  |TAMS 0x0000000740200000, 0x0000000740200000| Untracked 
| 514|0x0000000740400000, 0x0000000740400000, 0x0000000740600000|  0%| F|  |TAMS 0x0000000740400000, 0x0000000740400000| Untracked 
| 515|0x0000000740600000, 0x0000000740600000, 0x0000000740800000|  0%| F|  |TAMS 0x0000000740600000, 0x0000000740600000| Untracked 
| 516|0x0000000740800000, 0x0000000740800000, 0x0000000740a00000|  0%| F|  |TAMS 0x0000000740800000, 0x0000000740800000| Untracked 
| 517|0x0000000740a00000, 0x0000000740a00000, 0x0000000740c00000|  0%| F|  |TAMS 0x0000000740a00000, 0x0000000740a00000| Untracked 
| 518|0x0000000740c00000, 0x0000000740c00000, 0x0000000740e00000|  0%| F|  |TAMS 0x0000000740c00000, 0x0000000740c00000| Untracked 
| 519|0x0000000740e00000, 0x0000000740e00000, 0x0000000741000000|  0%| F|  |TAMS 0x0000000740e00000, 0x0000000740e00000| Untracked 
| 520|0x0000000741000000, 0x0000000741000000, 0x0000000741200000|  0%| F|  |TAMS 0x0000000741000000, 0x0000000741000000| Untracked 
| 521|0x0000000741200000, 0x0000000741200000, 0x0000000741400000|  0%| F|  |TAMS 0x0000000741200000, 0x0000000741200000| Untracked 
| 522|0x0000000741400000, 0x0000000741400000, 0x0000000741600000|  0%| F|  |TAMS 0x0000000741400000, 0x0000000741400000| Untracked 
| 523|0x0000000741600000, 0x0000000741600000, 0x0000000741800000|  0%| F|  |TAMS 0x0000000741600000, 0x0000000741600000| Untracked 
| 524|0x0000000741800000, 0x0000000741800000, 0x0000000741a00000|  0%| F|  |TAMS 0x0000000741800000, 0x0000000741800000| Untracked 
| 525|0x0000000741a00000, 0x0000000741a00000, 0x0000000741c00000|  0%| F|  |TAMS 0x0000000741a00000, 0x0000000741a00000| Untracked 
| 526|0x0000000741c00000, 0x0000000741c00000, 0x0000000741e00000|  0%| F|  |TAMS 0x0000000741c00000, 0x0000000741c00000| Untracked 
| 527|0x0000000741e00000, 0x0000000741e00000, 0x0000000742000000|  0%| F|  |TAMS 0x0000000741e00000, 0x0000000741e00000| Untracked 
| 528|0x0000000742000000, 0x0000000742000000, 0x0000000742200000|  0%| F|  |TAMS 0x0000000742000000, 0x0000000742000000| Untracked 
| 529|0x0000000742200000, 0x0000000742200000, 0x0000000742400000|  0%| F|  |TAMS 0x0000000742200000, 0x0000000742200000| Untracked 
| 530|0x0000000742400000, 0x0000000742400000, 0x0000000742600000|  0%| F|  |TAMS 0x0000000742400000, 0x0000000742400000| Untracked 
| 531|0x0000000742600000, 0x0000000742600000, 0x0000000742800000|  0%| F|  |TAMS 0x0000000742600000, 0x0000000742600000| Untracked 
| 532|0x0000000742800000, 0x0000000742800000, 0x0000000742a00000|  0%| F|  |TAMS 0x0000000742800000, 0x0000000742800000| Untracked 
| 533|0x0000000742a00000, 0x0000000742a00000, 0x0000000742c00000|  0%| F|  |TAMS 0x0000000742a00000, 0x0000000742a00000| Untracked 
| 534|0x0000000742c00000, 0x0000000742c00000, 0x0000000742e00000|  0%| F|  |TAMS 0x0000000742c00000, 0x0000000742c00000| Untracked 
| 535|0x0000000742e00000, 0x0000000742e00000, 0x0000000743000000|  0%| F|  |TAMS 0x0000000742e00000, 0x0000000742e00000| Untracked 
| 536|0x0000000743000000, 0x0000000743000000, 0x0000000743200000|  0%| F|  |TAMS 0x0000000743000000, 0x0000000743000000| Untracked 
| 537|0x0000000743200000, 0x0000000743200000, 0x0000000743400000|  0%| F|  |TAMS 0x0000000743200000, 0x0000000743200000| Untracked 
| 538|0x0000000743400000, 0x0000000743400000, 0x0000000743600000|  0%| F|  |TAMS 0x0000000743400000, 0x0000000743400000| Untracked 
| 539|0x0000000743600000, 0x0000000743600000, 0x0000000743800000|  0%| F|  |TAMS 0x0000000743600000, 0x0000000743600000| Untracked 
| 540|0x0000000743800000, 0x0000000743800000, 0x0000000743a00000|  0%| F|  |TAMS 0x0000000743800000, 0x0000000743800000| Untracked 
| 541|0x0000000743a00000, 0x0000000743a00000, 0x0000000743c00000|  0%| F|  |TAMS 0x0000000743a00000, 0x0000000743a00000| Untracked 
|2046|0x00000007ffc00000, 0x00000007ffd75000, 0x00000007ffe00000| 72%|OA|  |TAMS 0x00000007ffd75000, 0x00000007ffc00000| Untracked 
|2047|0x00000007ffe00000, 0x00000007ffe78000, 0x0000000800000000| 23%|CA|  |TAMS 0x00000007ffe78000, 0x00000007ffe00000| Untracked 

Card table byte_map: [0x00007f855c8b7000,0x00007f855d0b7000] _byte_map_base: 0x00007f85590b7000

Marking Bits (Prev, Next): (CMBitMap*) 0x00007f8558086ad0, (CMBitMap*) 0x00007f8558086a90
 Prev Bits: [0x00007f853954d000, 0x00007f853d54d000)
 Next Bits: [0x00007f853d54d000, 0x00007f854154d000)

Polling page: 0x00007f855f679000

Metaspace:

Usage:
  Non-class:     69.52 MB used.
      Class:     10.65 MB used.
       Both:     80.17 MB used.

Virtual space:
  Non-class space:      128.00 MB reserved,      69.88 MB ( 55%) committed,  2 nodes.
      Class space:        1.00 GB reserved,      10.88 MB (  1%) committed,  1 nodes.
             Both:        1.12 GB reserved,      80.75 MB (  7%) committed. 

Chunk freelists:
   Non-Class:  9.34 MB
       Class:  5.06 MB
        Both:  14.41 MB

MaxMetaspaceSize: unlimited
CompressedClassSpaceSize: 1.00 GB
Initial GC threshold: 21.00 MB
Current GC threshold: 98.88 MB
CDS: on
MetaspaceReclaimPolicy: balanced
 - commit_granule_bytes: 65536.
 - commit_granule_words: 8192.
 - virtual_space_node_default_size: 8388608.
 - enlarge_chunks_in_place: 1.
 - new_chunks_are_fully_committed: 0.
 - uncommit_free_chunks: 1.
 - use_allocation_guard: 0.
 - handle_deallocations: 1.


Internal statistics:

num_allocs_failed_limit: 9.
num_arena_births: 690.
num_arena_deaths: 4.
num_vsnodes_births: 3.
num_vsnodes_deaths: 0.
num_space_committed: 1292.
num_space_uncommitted: 0.
num_chunks_returned_to_freelist: 16.
num_chunks_taken_from_freelist: 3757.
num_chunk_merges: 6.
num_chunk_splits: 2519.
num_chunks_enlarged: 1732.
num_inconsistent_stats: 0.

CodeHeap 'non-profiled nmethods': size=120036Kb used=9279Kb max_used=9412Kb free=110756Kb
 bounds [0x00007f8549014000, 0x00007f8549964000, 0x00007f855054d000]
CodeHeap 'profiled nmethods': size=120032Kb used=21757Kb max_used=21757Kb free=98274Kb
 bounds [0x00007f854154d000, 0x00007f8542a9d000, 0x00007f8548a85000]
CodeHeap 'non-nmethods': size=5692Kb used=2405Kb max_used=2495Kb free=3286Kb
 bounds [0x00007f8548a85000, 0x00007f8548d15000, 0x00007f8549014000]
 total_blobs=13053 nmethods=12120 adapters=845
 compilation: enabled
              stopped_count=0, restarted_count=0
 full_count=0

Compilation events (20 events):
Event: 141.607 Thread 0x00007f85580f3ab0 17116       3       org.objectweb.asm.ClassReader::readRecordComponent (570 bytes)
Event: 141.609 Thread 0x00007f85580f3ab0 nmethod 17116 0x00007f8542a7fd10 code [0x00007f8542a80220, 0x00007f8542a82440]
Event: 141.700 Thread 0x00007f85580f3ab0 17117       2       xyz.wagyourtail.unimined.internal.minecraft.patch.AbstractMinecraftTransformer$merge$1$2::invoke (16 bytes)
Event: 141.700 Thread 0x00007f85580f3ab0 nmethod 17117 0x00007f8541f70e10 code [0x00007f8541f70fc0, 0x00007f8541f71160]
Event: 141.700 Thread 0x00007f85580f3ab0 17118       2       xyz.wagyourtail.unimined.internal.minecraft.patch.AbstractMinecraftTransformer$merge$1$2::invoke (234 bytes)
Event: 141.702 Thread 0x00007f85580f3ab0 nmethod 17118 0x00007f8542a83610 code [0x00007f8542a83a60, 0x00007f8542a84d80]
Event: 141.987 Thread 0x00007f85580f3ab0 17120       2       java.util.concurrent.ConcurrentHashMap$ValueIterator::<init> (12 bytes)
Event: 141.987 Thread 0x00007f85580f3ab0 nmethod 17120 0x00007f8542891790 code [0x00007f8542891940, 0x00007f8542891a60]
Event: 141.991 Thread 0x00007f85580f3ab0 17121       2       java.util.regex.Matcher::end (67 bytes)
Event: 141.992 Thread 0x00007f85580f3ab0 nmethod 17121 0x00007f8542a85890 code [0x00007f8542a85aa0, 0x00007f8542a85ec0]
Event: 142.005 Thread 0x00007f85580f3ab0 17122       3       org.objectweb.asm.tree.MethodNode::visitAnnotation (42 bytes)
Event: 142.006 Thread 0x00007f85580f3ab0 nmethod 17122 0x00007f8542a86110 code [0x00007f8542a86360, 0x00007f8542a86d70]
Event: 142.030 Thread 0x00007f85580f2580 nmethod 17082 0x00007f8549945390 code [0x00007f85499458a0, 0x00007f854994ca48]
Event: 142.030 Thread 0x00007f85580f2580 17105 %     4       org.objectweb.asm.ClassReader::readCode @ 92 (5117 bytes)
Event: 142.290 Thread 0x00007f85580f3ab0 17124       3       xyz.wagyourtail.unimined.internal.minecraft.patch.AbstractMinecraftTransformer$merge$1$2::invoke (16 bytes)
Event: 142.290 Thread 0x00007f85580f3ab0 nmethod 17124 0x00007f8542a87110 code [0x00007f8542a872c0, 0x00007f8542a875e0]
Event: 142.291 Thread 0x00007f85580f3ab0 17125       3       xyz.wagyourtail.unimined.internal.minecraft.patch.AbstractMinecraftTransformer$merge$1$2::invoke (234 bytes)
Event: 142.294 Thread 0x00007f85580f3ab0 nmethod 17125 0x00007f8542a87690 code [0x00007f8542a87d00, 0x00007f8542a8b0c0]
Event: 142.693 Thread 0x00007f85580f3ab0 17130       3       org.objectweb.asm.tree.MethodNode::visitParameterAnnotation (106 bytes)
Event: 142.694 Thread 0x00007f85580f3ab0 nmethod 17130 0x00007f8542a8c190 code [0x00007f8542a8c440, 0x00007f8542a8d450]

GC Heap History (20 events):
Event: 76.302 GC heap after
{Heap after GC invocations=62 (full 0):
 garbage-first heap   total 1114112K, used 116717K [0x0000000700000000, 0x0000000800000000)
  region size 2048K, 9 young (18432K), 9 survivors (18432K)
 Metaspace       used 73325K, committed 73856K, reserved 1114112K
  class space    used 9930K, committed 10176K, reserved 1048576K
}
Event: 79.150 GC heap before
{Heap before GC invocations=62 (full 0):
 garbage-first heap   total 1114112K, used 673773K [0x0000000700000000, 0x0000000800000000)
  region size 2048K, 281 young (575488K), 9 survivors (18432K)
 Metaspace       used 73350K, committed 73920K, reserved 1114112K
  class space    used 9931K, committed 10176K, reserved 1048576K
}
Event: 79.220 GC heap after
{Heap after GC invocations=63 (full 0):
 garbage-first heap   total 1114112K, used 123885K [0x0000000700000000, 0x0000000800000000)
  region size 2048K, 12 young (24576K), 12 survivors (24576K)
 Metaspace       used 73350K, committed 73920K, reserved 1114112K
  class space    used 9931K, committed 10176K, reserved 1048576K
}
Event: 81.243 GC heap before
{Heap before GC invocations=63 (full 0):
 garbage-first heap   total 1114112K, used 697325K [0x0000000700000000, 0x0000000800000000)
  region size 2048K, 292 young (598016K), 12 survivors (24576K)
 Metaspace       used 73350K, committed 73920K, reserved 1114112K
  class space    used 9931K, committed 10176K, reserved 1048576K
}
Event: 81.321 GC heap after
{Heap after GC invocations=64 (full 0):
 garbage-first heap   total 1114112K, used 130029K [0x0000000700000000, 0x0000000800000000)
  region size 2048K, 15 young (30720K), 15 survivors (30720K)
 Metaspace       used 73350K, committed 73920K, reserved 1114112K
  class space    used 9931K, committed 10176K, reserved 1048576K
}
Event: 123.925 GC heap before
{Heap before GC invocations=64 (full 0):
 garbage-first heap   total 1114112K, used 725997K [0x0000000700000000, 0x0000000800000000)
  region size 2048K, 306 young (626688K), 15 survivors (30720K)
 Metaspace       used 75185K, committed 75712K, reserved 1179648K
  class space    used 10095K, committed 10368K, reserved 1048576K
}
Event: 124.197 GC heap after
{Heap after GC invocations=65 (full 0):
 garbage-first heap   total 1114112K, used 143341K [0x0000000700000000, 0x0000000800000000)
  region size 2048K, 22 young (45056K), 22 survivors (45056K)
 Metaspace       used 75185K, committed 75712K, reserved 1179648K
  class space    used 10095K, committed 10368K, reserved 1048576K
}
Event: 125.128 GC heap before
{Heap before GC invocations=65 (full 0):
 garbage-first heap   total 1114112K, used 262125K [0x0000000700000000, 0x0000000800000000)
  region size 2048K, 81 young (165888K), 22 survivors (45056K)
 Metaspace       used 75189K, committed 75712K, reserved 1179648K
  class space    used 10095K, committed 10368K, reserved 1048576K
}
Event: 125.330 GC heap after
{Heap after GC invocations=66 (full 0):
 garbage-first heap   total 1114112K, used 141969K [0x0000000700000000, 0x0000000800000000)
  region size 2048K, 1 young (2048K), 1 survivors (2048K)
 Metaspace       used 75189K, committed 75712K, reserved 1179648K
  class space    used 10095K, committed 10368K, reserved 1048576K
}
Event: 131.831 GC heap before
{Heap before GC invocations=66 (full 0):
 garbage-first heap   total 1114112K, used 807569K [0x0000000700000000, 0x0000000800000000)
  region size 2048K, 326 young (667648K), 1 survivors (2048K)
 Metaspace       used 79782K, committed 80448K, reserved 1179648K
  class space    used 10642K, committed 10944K, reserved 1048576K
}
Event: 131.897 GC heap after
{Heap after GC invocations=67 (full 0):
 garbage-first heap   total 1114112K, used 151171K [0x0000000700000000, 0x0000000800000000)
  region size 2048K, 6 young (12288K), 6 survivors (12288K)
 Metaspace       used 79782K, committed 80448K, reserved 1179648K
  class space    used 10642K, committed 10944K, reserved 1048576K
}
Event: 139.102 GC heap before
{Heap before GC invocations=67 (full 0):
 garbage-first heap   total 1114112K, used 964227K [0x0000000700000000, 0x0000000800000000)
  region size 2048K, 326 young (667648K), 6 survivors (12288K)
 Metaspace       used 82047K, committed 82624K, reserved 1179648K
  class space    used 10902K, committed 11136K, reserved 1048576K
}
Event: 139.396 GC heap after
{Heap after GC invocations=68 (full 0):
 garbage-first heap   total 1114112K, used 261249K [0x0000000700000000, 0x0000000800000000)
  region size 2048K, 41 young (83968K), 41 survivors (83968K)
 Metaspace       used 82047K, committed 82624K, reserved 1179648K
  class space    used 10902K, committed 11136K, reserved 1048576K
}
Event: 139.488 GC heap before
{Heap before GC invocations=68 (full 0):
 garbage-first heap   total 1114112K, used 275585K [0x0000000700000000, 0x0000000800000000)
  region size 2048K, 48 young (98304K), 41 survivors (83968K)
 Metaspace       used 82056K, committed 82624K, reserved 1179648K
  class space    used 10902K, committed 11136K, reserved 1048576K
}
Event: 139.629 GC heap after
{Heap after GC invocations=69 (full 0):
 garbage-first heap   total 1114112K, used 267756K [0x0000000700000000, 0x0000000800000000)
  region size 2048K, 3 young (6144K), 3 survivors (6144K)
 Metaspace       used 82056K, committed 82624K, reserved 1179648K
  class space    used 10902K, committed 11136K, reserved 1048576K
}
Event: 140.812 GC heap before
{Heap before GC invocations=69 (full 0):
 garbage-first heap   total 1114112K, used 478700K [0x0000000700000000, 0x0000000800000000)
  region size 2048K, 106 young (217088K), 3 survivors (6144K)
 Metaspace       used 82059K, committed 82624K, reserved 1179648K
  class space    used 10902K, committed 11136K, reserved 1048576K
}
Event: 141.023 GC heap after
{Heap after GC invocations=70 (full 0):
 garbage-first heap   total 1114112K, used 344556K [0x0000000700000000, 0x0000000800000000)
  region size 2048K, 14 young (28672K), 14 survivors (28672K)
 Metaspace       used 82059K, committed 82624K, reserved 1179648K
  class space    used 10902K, committed 11136K, reserved 1048576K
}
Event: 141.322 GC heap before
{Heap before GC invocations=70 (full 0):
 garbage-first heap   total 1114112K, used 442860K [0x0000000700000000, 0x0000000800000000)
  region size 2048K, 62 young (126976K), 14 survivors (28672K)
 Metaspace       used 82059K, committed 82624K, reserved 1179648K
  class space    used 10902K, committed 11136K, reserved 1048576K
}
Event: 141.410 GC heap after
{Heap after GC invocations=71 (full 0):
 garbage-first heap   total 1114112K, used 348652K [0x0000000700000000, 0x0000000800000000)
  region size 2048K, 2 young (4096K), 2 survivors (4096K)
 Metaspace       used 82059K, committed 82624K, reserved 1179648K
  class space    used 10902K, committed 11136K, reserved 1048576K
}
Event: 142.731 GC heap before
{Heap before GC invocations=71 (full 0):
 garbage-first heap   total 1114112K, used 596460K [0x0000000700000000, 0x0000000800000000)
  region size 2048K, 123 young (251904K), 2 survivors (4096K)
 Metaspace       used 82093K, committed 82688K, reserved 1179648K
  class space    used 10906K, committed 11136K, reserved 1048576K
}

Dll operation events (14 events):
Event: 0.003 Loaded shared library /usr/lib/jvm/java-17-openjdk-amd64/lib/libjava.so
Event: 0.032 Loaded shared library /usr/lib/jvm/java-17-openjdk-amd64/lib/libjsvml.so
Event: 0.113 Loaded shared library /usr/lib/jvm/java-17-openjdk-amd64/lib/libzip.so
Event: 0.115 Loaded shared library /usr/lib/jvm/java-17-openjdk-amd64/lib/libinstrument.so
Event: 0.118 Loaded shared library /usr/lib/jvm/java-17-openjdk-amd64/lib/libnio.so
Event: 0.120 Loaded shared library /usr/lib/jvm/java-17-openjdk-amd64/lib/libzip.so
Event: 0.299 Loaded shared library /usr/lib/jvm/java-17-openjdk-amd64/lib/libjimage.so
Event: 0.398 Loaded shared library /usr/lib/jvm/java-17-openjdk-amd64/lib/libverify.so
Event: 0.688 Loaded shared library /usr/lib/jvm/java-17-openjdk-amd64/lib/libnet.so
Event: 0.690 Loaded shared library /root/.gradle/native/68d5fa5c4cc2d200863cafc0d521ce42e7d3e7ee720ec0a83991735586a16f82/linux-amd64/libnative-platform.so
Event: 0.709 Loaded shared library /root/.gradle/native/e376f236ea51e6404a007f0833ffe2c6e607c4080706a723a18a27aeea778392/linux-amd64/libnative-platform-file-events.so
Event: 1.717 Loaded shared library /usr/lib/jvm/java-17-openjdk-amd64/lib/libmanagement.so
Event: 1.718 Loaded shared library /usr/lib/jvm/java-17-openjdk-amd64/lib/libmanagement_ext.so
Event: 1.997 Loaded shared library /usr/lib/jvm/java-17-openjdk-amd64/lib/libextnet.so

Deoptimization events (20 events):
Event: 142.632 Thread 0x00007f84d00093e0 DEOPT PACKING pc=0x00007f85429cb5b8 sp=0x00007f85292f3350
Event: 142.632 Thread 0x00007f84d00093e0 DEOPT UNPACKING pc=0x00007f8548adf64f sp=0x00007f85292f2830 mode 0
Event: 142.691 Thread 0x00007f84d00093e0 DEOPT PACKING pc=0x00007f85429cb5b8 sp=0x00007f85292f3350
Event: 142.691 Thread 0x00007f84d00093e0 DEOPT UNPACKING pc=0x00007f8548adf64f sp=0x00007f85292f2830 mode 0
Event: 142.697 Thread 0x00007f84d00093e0 DEOPT PACKING pc=0x00007f85429cb5b8 sp=0x00007f85292f3350
Event: 142.697 Thread 0x00007f84d00093e0 DEOPT UNPACKING pc=0x00007f8548adf64f sp=0x00007f85292f2830 mode 0
Event: 142.704 Thread 0x00007f84d00093e0 DEOPT PACKING pc=0x00007f85429cb5b8 sp=0x00007f85292f3350
Event: 142.704 Thread 0x00007f84d00093e0 DEOPT UNPACKING pc=0x00007f8548adf64f sp=0x00007f85292f2830 mode 0
Event: 142.704 Thread 0x00007f84d00093e0 DEOPT PACKING pc=0x00007f85429a752e sp=0x00007f85292f2a90
Event: 142.704 Thread 0x00007f84d00093e0 DEOPT UNPACKING pc=0x00007f8548adf64f sp=0x00007f85292f21f0 mode 0
Event: 142.711 Thread 0x00007f84d00093e0 DEOPT PACKING pc=0x00007f85429cb5b8 sp=0x00007f85292f3350
Event: 142.711 Thread 0x00007f84d00093e0 DEOPT UNPACKING pc=0x00007f8548adf64f sp=0x00007f85292f2830 mode 0
Event: 142.712 Thread 0x00007f84d00093e0 DEOPT PACKING pc=0x00007f85429682ff sp=0x00007f85292f31b0
Event: 142.712 Thread 0x00007f84d00093e0 DEOPT UNPACKING pc=0x00007f8548adf64f sp=0x00007f85292f2680 mode 0
Event: 142.720 Thread 0x00007f84d00093e0 DEOPT PACKING pc=0x00007f85429cb5b8 sp=0x00007f85292f3350
Event: 142.720 Thread 0x00007f84d00093e0 DEOPT UNPACKING pc=0x00007f8548adf64f sp=0x00007f85292f2830 mode 0
Event: 142.727 Thread 0x00007f84d00093e0 DEOPT PACKING pc=0x00007f85429cb5b8 sp=0x00007f85292f3350
Event: 142.727 Thread 0x00007f84d00093e0 DEOPT UNPACKING pc=0x00007f8548adf64f sp=0x00007f85292f2830 mode 0
Event: 142.731 Thread 0x00007f84d00093e0 DEOPT PACKING pc=0x00007f85429a752e sp=0x00007f85292f2a90
Event: 142.731 Thread 0x00007f84d00093e0 DEOPT UNPACKING pc=0x00007f8548adf64f sp=0x00007f85292f21f0 mode 0

Classes loaded (20 events):
Event: 132.224 Loading class sun/net/www/http/HttpCapture
Event: 132.224 Loading class sun/net/www/http/HttpCapture done
Event: 132.225 Loading class sun/net/www/http/HttpCapture$1
Event: 132.225 Loading class sun/net/www/http/HttpCapture$1 done
Event: 132.735 Loading class sun/net/www/protocol/http/HttpURLConnection$10
Event: 132.735 Loading class sun/net/www/protocol/http/HttpURLConnection$10 done
Event: 134.725 Loading class java/io/FilterReader
Event: 134.725 Loading class java/io/FilterReader done
Event: 135.449 Loading class java/util/zip/ZipOutputStream
Event: 135.450 Loading class java/util/zip/ZipOutputStream done
Event: 135.532 Loading class java/util/regex/Pattern$1
Event: 135.533 Loading class java/util/regex/Pattern$1 done
Event: 139.402 Loading class sun/net/www/http/ChunkedInputStream
Event: 139.402 Loading class sun/net/www/http/ChunkedInputStream done
Event: 141.933 Loading class sun/security/ssl/Alert
Event: 141.934 Loading class sun/security/ssl/Alert done
Event: 141.934 Loading class sun/security/ssl/Alert$AlertConsumer
Event: 141.986 Loading class sun/security/ssl/Alert$AlertConsumer done
Event: 141.986 Loading class sun/security/ssl/Alert$Level
Event: 141.986 Loading class sun/security/ssl/Alert$Level done

Classes unloaded (9 events):
Event: 16.318 Thread 0x00007f85580e2140 Unloading class 0x00007f84dc54a800 '_BuildScript_'
Event: 16.318 Thread 0x00007f85580e2140 Unloading class 0x00007f84dc4e17a0 '_BuildScript_$_run_closure1$_closure2$_closure6$_closure7'
Event: 16.318 Thread 0x00007f85580e2140 Unloading class 0x00007f84dc4e13b0 '_BuildScript_$_run_closure1$_closure2$_closure6'
Event: 16.318 Thread 0x00007f85580e2140 Unloading class 0x00007f84dc4e0fc0 '_BuildScript_$_run_closure1$_closure2$_closure5'
Event: 16.318 Thread 0x00007f85580e2140 Unloading class 0x00007f84dc4e0bd0 '_BuildScript_$_run_closure1$_closure2$_closure4'
Event: 16.318 Thread 0x00007f85580e2140 Unloading class 0x00007f84dc4e07e0 '_BuildScript_$_run_closure1$_closure2$_closure3'
Event: 16.318 Thread 0x00007f85580e2140 Unloading class 0x00007f84dc4e03f0 '_BuildScript_$_run_closure1$_closure2'
Event: 16.318 Thread 0x00007f85580e2140 Unloading class 0x00007f84dc4e0000 '_BuildScript_$_run_closure1'
Event: 16.318 Thread 0x00007f85580e2140 Unloading class 0x00007f84dc4d8800 '_BuildScript_'

Classes redefined (0 events):
No events

Internal exceptions (20 events):
Event: 134.723 Thread 0x00007f84d00093e0 Exception <a 'java/lang/ClassNotFoundException'{0x0000000741594458}: org/gradle/api/tasks/AbstractCopyTaskCustomizer> (0x0000000741594458) 
thrown [./src/hotspot/share/classfile/systemDictionary.cpp, line 256]
Event: 134.727 Thread 0x00007f84d00093e0 Exception <a 'java/lang/ClassNotFoundException'{0x00000007412287b8}: org/gradle/api/tasks/bundling/AbstractArchiveTaskCustomizer> (0x00000007412287b8) 
thrown [./src/hotspot/share/classfile/systemDictionary.cpp, line 256]
Event: 134.729 Thread 0x00007f84d00093e0 Exception <a 'java/lang/ClassNotFoundException'{0x0000000741266cc8}: org/gradle/api/tasks/bundling/ZipCustomizer> (0x0000000741266cc8) 
thrown [./src/hotspot/share/classfile/systemDictionary.cpp, line 256]
Event: 134.731 Thread 0x00007f84d00093e0 Exception <a 'java/lang/ClassNotFoundException'{0x0000000741298b18}: org/gradle/jvm/tasks/JarCustomizer> (0x0000000741298b18) 
thrown [./src/hotspot/share/classfile/systemDictionary.cpp, line 256]
Event: 134.732 Thread 0x00007f84d00093e0 Exception <a 'java/lang/ClassNotFoundException'{0x00000007412d1af8}: org/gradle/api/tasks/bundling/JarCustomizer> (0x00000007412d1af8) 
thrown [./src/hotspot/share/classfile/systemDictionary.cpp, line 256]
Event: 134.734 Thread 0x00007f84d00093e0 Exception <a 'java/lang/ClassNotFoundException'{0x0000000741306498}: org/gradle/api/tasks/bundling/Jar_DecoratedCustomizer> (0x0000000741306498) 
thrown [./src/hotspot/share/classfile/systemDictionary.cpp, line 256]
Event: 134.814 Thread 0x00007f84d00093e0 Exception <a 'java/lang/ClassNotFoundException'{0x0000000740e29fc8}: org/gradle/api/tasks/javadoc/Javadoc_DecoratedBeanInfo> (0x0000000740e29fc8) 
thrown [./src/hotspot/share/classfile/systemDictionary.cpp, line 256]
Event: 134.814 Thread 0x00007f84d00093e0 Exception <a 'java/lang/ClassNotFoundException'{0x0000000740e3ffa0}: org/gradle/api/tasks/javadoc/JavadocBeanInfo> (0x0000000740e3ffa0) 
thrown [./src/hotspot/share/classfile/systemDictionary.cpp, line 256]
Event: 134.815 Thread 0x00007f84d00093e0 Exception <a 'java/lang/ClassNotFoundException'{0x0000000740e53858}: org/gradle/api/tasks/SourceTaskBeanInfo> (0x0000000740e53858) 
thrown [./src/hotspot/share/classfile/systemDictionary.cpp, line 256]
Event: 134.815 Thread 0x00007f84d00093e0 Exception <a 'java/lang/ClassNotFoundException'{0x0000000740e67148}: org/gradle/api/tasks/SourceTaskCustomizer> (0x0000000740e67148) 
thrown [./src/hotspot/share/classfile/systemDictionary.cpp, line 256]
Event: 134.818 Thread 0x00007f84d00093e0 Exception <a 'java/lang/ClassNotFoundException'{0x0000000740ea1268}: org/gradle/api/tasks/javadoc/JavadocCustomizer> (0x0000000740ea1268) 
thrown [./src/hotspot/share/classfile/systemDictionary.cpp, line 256]
Event: 134.819 Thread 0x00007f84d00093e0 Exception <a 'java/lang/ClassNotFoundException'{0x0000000740edbed0}: org/gradle/api/tasks/javadoc/Javadoc_DecoratedCustomizer> (0x0000000740edbed0) 
thrown [./src/hotspot/share/classfile/systemDictionary.cpp, line 256]
Event: 134.827 Thread 0x00007f84d00093e0 Exception <a 'java/lang/ClassNotFoundException'{0x0000000740fb0968}: org/gradle/external/javadoc/StandardJavadocDocletOptionsBeanInfo> (0x0000000740fb0968) 
thrown [./src/hotspot/share/classfile/systemDictionary.cpp, line 256]
Event: 134.827 Thread 0x00007f84d00093e0 Exception <a 'java/lang/ClassNotFoundException'{0x0000000740fc6948}: org/gradle/external/javadoc/CoreJavadocOptionsBeanInfo> (0x0000000740fc6948) 
thrown [./src/hotspot/share/classfile/systemDictionary.cpp, line 256]
Event: 134.828 Thread 0x00007f84d00093e0 Exception <a 'java/lang/ClassNotFoundException'{0x0000000740fdcd20}: org/gradle/external/javadoc/CoreJavadocOptionsCustomizer> (0x0000000740fdcd20) 
thrown [./src/hotspot/share/classfile/systemDictionary.cpp, line 256]
Event: 134.829 Thread 0x00007f84d00093e0 Exception <a 'java/lang/ClassNotFoundException'{0x0000000740c376d8}: org/gradle/external/javadoc/StandardJavadocDocletOptionsCustomizer> (0x0000000740c376d8) 
thrown [./src/hotspot/share/classfile/systemDictionary.cpp, line 256]
Event: 134.887 Thread 0x00007f84d00093e0 Exception <a 'sun/nio/fs/UnixException'{0x0000000740d16180}> (0x0000000740d16180) 
thrown [./src/hotspot/share/prims/jni.cpp, line 516]
Event: 134.892 Thread 0x00007f84d00093e0 Exception <a 'sun/nio/fs/UnixException'{0x0000000740d1cdf8}> (0x0000000740d1cdf8) 
thrown [./src/hotspot/share/prims/jni.cpp, line 516]
Event: 135.449 Thread 0x00007f84d00093e0 Exception <a 'sun/nio/fs/UnixException'{0x0000000740b6b220}> (0x0000000740b6b220) 
thrown [./src/hotspot/share/prims/jni.cpp, line 516]
Event: 141.986 Thread 0x00007f851cbc9ec0 Implicit null exception at 0x00007f85493a3bf3 to 0x00007f85493a4314

VM Operations (20 events):
Event: 135.936 Executing VM operation: Cleanup done
Event: 136.936 Executing VM operation: Cleanup
Event: 136.936 Executing VM operation: Cleanup done
Event: 138.623 Executing VM operation: HandshakeAllThreads
Event: 138.624 Executing VM operation: HandshakeAllThreads done
Event: 138.633 Executing VM operation: HandshakeAllThreads
Event: 138.633 Executing VM operation: HandshakeAllThreads done
Event: 138.633 Executing VM operation: Cleanup
Event: 138.633 Executing VM operation: Cleanup done
Event: 138.635 Executing VM operation: HandshakeAllThreads
Event: 138.635 Executing VM operation: HandshakeAllThreads done
Event: 139.102 Executing VM operation: G1CollectForAllocation
Event: 139.396 Executing VM operation: G1CollectForAllocation done
Event: 139.488 Executing VM operation: G1CollectForAllocation
Event: 139.629 Executing VM operation: G1CollectForAllocation done
Event: 140.812 Executing VM operation: G1CollectForAllocation
Event: 141.023 Executing VM operation: G1CollectForAllocation done
Event: 141.322 Executing VM operation: G1CollectForAllocation
Event: 141.410 Executing VM operation: G1CollectForAllocation done
Event: 142.731 Executing VM operation: G1CollectForAllocation

Memory protections (20 events):
Event: 12.734 Protecting memory [0x00007f84dadff000,0x00007f84dae03000] with protection modes 0
Event: 12.815 Protecting memory [0x00007f84dacfe000,0x00007f84dad02000] with protection modes 0
Event: 13.126 Protecting memory [0x00007f84dabfd000,0x00007f84dac01000] with protection modes 0
Event: 19.604 Protecting memory [0x00007f84daafc000,0x00007f84dab00000] with protection modes 0
Event: 20.231 Protecting memory [0x00007f84da9fb000,0x00007f84da9ff000] with protection modes 0
Event: 40.538 Protecting memory [0x00007f84da8fa000,0x00007f84da8fe000] with protection modes 0
Event: 51.933 Protecting memory [0x00007f84da7f9000,0x00007f84da7fd000] with protection modes 0
Event: 55.105 Protecting memory [0x00007f84da1c2000,0x00007f84da1c6000] with protection modes 0
Event: 86.121 Protecting memory [0x00007f84d9fc0000,0x00007f84d9fc4000] with protection modes 0
Event: 105.916 Protecting memory [0x00007f84d9ebf000,0x00007f84d9ec3000] with protection modes 0
Event: 109.849 Protecting memory [0x00007f84d9dbe000,0x00007f84d9dc2000] with protection modes 0
Event: 111.168 Protecting memory [0x00007f84d9cbd000,0x00007f84d9cc1000] with protection modes 0
Event: 114.203 Protecting memory [0x00007f84d9bbc000,0x00007f84d9bc0000] with protection modes 0
Event: 117.466 Protecting memory [0x00007f84d9abb000,0x00007f84d9abf000] with protection modes 0
Event: 130.009 Protecting memory [0x00007f84d99ba000,0x00007f84d99be000] with protection modes 0
Event: 130.795 Protecting memory [0x00007f8529ed0000,0x00007f8529ed4000] with protection modes 0
Event: 131.906 Protecting memory [0x00007f84d98b9000,0x00007f84d98bd000] with protection modes 0
Event: 131.932 Protecting memory [0x00007f84d98b9000,0x00007f84d98bd000] with protection modes 0
Event: 132.113 Protecting memory [0x00007f84d97b8000,0x00007f84d97bc000] with protection modes 0
Event: 132.778 Protecting memory [0x00007f84d97b8000,0x00007f84d97bc000] with protection modes 0

Nmethod flushes (20 events):
Event: 130.824 Thread 0x00007f85580f4f20 flushing  nmethod 0x00007f854281f790
Event: 130.824 Thread 0x00007f85580f4f20 flushing  nmethod 0x00007f8542828390
Event: 130.824 Thread 0x00007f85580f4f20 flushing  nmethod 0x00007f8542836c10
Event: 130.824 Thread 0x00007f85580f4f20 flushing  nmethod 0x00007f854283c890
Event: 130.825 Thread 0x00007f85580f4f20 flushing  nmethod 0x00007f854284d610
Event: 130.825 Thread 0x00007f85580f4f20 flushing  nmethod 0x00007f85428c7210
Event: 138.628 Thread 0x00007f85580f4f20 flushing  nmethod 0x00007f8549805e90
Event: 138.628 Thread 0x00007f85580f4f20 flushing  nmethod 0x00007f8549823c90
Event: 138.628 Thread 0x00007f85580f4f20 flushing  nmethod 0x00007f8549926490
Event: 138.628 Thread 0x00007f85580f4f20 flushing  nmethod 0x00007f8541596890
Event: 138.631 Thread 0x00007f85580f4f20 flushing  nmethod 0x00007f8541849890
Event: 138.631 Thread 0x00007f85580f4f20 flushing  nmethod 0x00007f854188f190
Event: 138.687 Thread 0x00007f85580f4f20 flushing  nmethod 0x00007f8541c70710
Event: 138.687 Thread 0x00007f85580f4f20 flushing  nmethod 0x00007f8541ce2510
Event: 138.687 Thread 0x00007f85580f4f20 flushing  nmethod 0x00007f8541ce2890
Event: 138.687 Thread 0x00007f85580f4f20 flushing  nmethod 0x00007f8541ce3190
Event: 138.687 Thread 0x00007f85580f4f20 flushing  nmethod 0x00007f8541ce4b10
Event: 138.688 Thread 0x00007f85580f4f20 flushing  nmethod 0x00007f8541d33c10
Event: 138.690 Thread 0x00007f85580f4f20 flushing  nmethod 0x00007f8541f70e10
Event: 138.700 Thread 0x00007f85580f4f20 flushing  nmethod 0x00007f8542891790

Events (20 events):
Event: 20.230 Thread 0x00007f8530008500 Thread added: 0x00007f852c1205c0
Event: 40.538 Thread 0x00007f8530008500 Thread added: 0x00007f852c124f10
Event: 51.925 Thread 0x00007f8530008500 Thread added: 0x00007f852c155c60
Event: 55.099 Thread 0x00007f8530008500 Thread added: 0x00007f852c3a3140
Event: 86.120 Thread 0x00007f84d00093e0 Thread added: 0x00007f851cff39b0
Event: 105.915 Thread 0x00007f84d00093e0 Thread added: 0x00007f851d18c1d0
Event: 109.849 Thread 0x00007f84d00093e0 Thread added: 0x00007f851c248390
Event: 111.167 Thread 0x00007f84d00093e0 Thread added: 0x00007f851c246580
Event: 114.203 Thread 0x00007f84d00093e0 Thread added: 0x00007f851c2af830
Event: 117.464 Thread 0x00007f84d00093e0 Thread added: 0x00007f851c2b2aa0
Event: 130.001 Thread 0x00007f84d00093e0 Thread added: 0x00007f851c29d6b0
Event: 130.795 Thread 0x00007f84d00093e0 Thread added: 0x00007f851cb54b40
Event: 131.906 Thread 0x00007f84d00093e0 Thread added: 0x00007f851c29b120
Event: 131.907 Thread 0x00007f851c29b120 Thread exited: 0x00007f851c29b120
Event: 131.932 Thread 0x00007f84d00093e0 Thread added: 0x00007f851cbc9ec0
Event: 132.113 Thread 0x00007f84d00093e0 Thread added: 0x00007f851d46bdd0
Event: 132.114 Thread 0x00007f851d46bdd0 Thread exited: 0x00007f851d46bdd0
Event: 132.778 Thread 0x00007f84d00093e0 Thread added: 0x00007f851d490ee0
Event: 132.778 Thread 0x00007f851d490ee0 Thread exited: 0x00007f851d490ee0
Event: 142.198 Thread 0x00007f851d1a13c0 Thread exited: 0x00007f851d1a13c0


Dynamic libraries:
700000000-743c00000 rw-p 00000000 00:00 0 
78a200000-7ffc00000 ---p 00000000 00:00 0 
7ffc00000-7ffd00000 rw-p 00000000 00:00 0 
7ffd00000-7ffd75000 rw-p 00c7a000 00:25 13842                            /usr/lib/jvm/java-17-openjdk-amd64/lib/server/classes.jsa
7ffd75000-7ffe00000 rw-p 00000000 00:00 0 
7ffe00000-7ffe78000 rw-p 00c02000 00:25 13842                            /usr/lib/jvm/java-17-openjdk-amd64/lib/server/classes.jsa
7ffe78000-800000000 rw-p 00000000 00:00 0 
563214f4e000-563214f4f000 r--p 00000000 00:25 13485                      /usr/lib/jvm/java-17-openjdk-amd64/bin/java
563214f4f000-563214f50000 r-xp 00001000 00:25 13485                      /usr/lib/jvm/java-17-openjdk-amd64/bin/java
563214f50000-563214f51000 r--p 00002000 00:25 13485                      /usr/lib/jvm/java-17-openjdk-amd64/bin/java
563214f51000-563214f52000 r--p 00002000 00:25 13485                      /usr/lib/jvm/java-17-openjdk-amd64/bin/java
563214f52000-563214f53000 rw-p 00003000 00:25 13485                      /usr/lib/jvm/java-17-openjdk-amd64/bin/java
563215d21000-563215d8e000 rw-p 00000000 00:00 0                          [heap]
7f84b0000000-7f84b0400000 rw-p 00000000 00:00 0 
7f84b0400000-7f84b0500000 rw-p 00000000 00:00 0 
7f84b0500000-7f84b0530000 rw-p 00000000 00:00 0 
7f84b0530000-7f84b0600000 ---p 00000000 00:00 0 
7f84b0600000-7f84b06b0000 rw-p 00000000 00:00 0 
7f84b06b0000-7f84b4000000 ---p 00000000 00:00 0 
7f84b4000000-7f84b4d55000 rw-p 00000000 00:00 0 
7f84b4d55000-7f84b8000000 ---p 00000000 00:00 0 
7f84b8000000-7f84b818c000 rw-p 00000000 00:00 0 
7f84b818c000-7f84bc000000 ---p 00000000 00:00 0 
7f84bc000000-7f84bc032000 rw-p 00000000 00:00 0 
7f84bc032000-7f84c0000000 ---p 00000000 00:00 0 
7f84c0000000-7f84c2efb000 rw-p 00000000 00:00 0 
7f84c2efb000-7f84c4000000 ---p 00000000 00:00 0 
7f84c4000000-7f84c4021000 rw-p 00000000 00:00 0 
7f84c4021000-7f84c8000000 ---p 00000000 00:00 0 
7f84c8000000-7f84c8055000 rw-p 00000000 00:00 0 
7f84c8055000-7f84cc000000 ---p 00000000 00:00 0 
7f84cc000000-7f84cc0a4000 rw-p 00000000 00:00 0 
7f84cc0a4000-7f84d0000000 ---p 00000000 00:00 0 
7f84d0000000-7f84d011b000 rw-p 00000000 00:00 0 
7f84d011b000-7f84d4000000 ---p 00000000 00:00 0 
7f84d4000000-7f84d4665000 rw-p 00000000 00:00 0 
7f84d4665000-7f84d8000000 ---p 00000000 00:00 0 
7f84d97b7000-7f84d97b8000 ---p 00000000 00:00 0 
7f84d97b8000-7f84d97bc000 ---p 00000000 00:00 0 
7f84d97bc000-7f84d98b8000 rw-p 00000000 00:00 0 
7f84d98b8000-7f84d98b9000 ---p 00000000 00:00 0 
7f84d98b9000-7f84d98bd000 ---p 00000000 00:00 0 
7f84d98bd000-7f84d99b9000 rw-p 00000000 00:00 0 
7f84d99b9000-7f84d99ba000 ---p 00000000 00:00 0 
7f84d99ba000-7f84d99be000 ---p 00000000 00:00 0 
7f84d99be000-7f84d9aba000 rw-p 00000000 00:00 0 
7f84d9aba000-7f84d9abb000 ---p 00000000 00:00 0 
7f84d9abb000-7f84d9abf000 ---p 00000000 00:00 0 
7f84d9abf000-7f84d9bbb000 rw-p 00000000 00:00 0 
7f84d9bbb000-7f84d9bbc000 ---p 00000000 00:00 0 
7f84d9bbc000-7f84d9bc0000 ---p 00000000 00:00 0 
7f84d9bc0000-7f84d9cbc000 rw-p 00000000 00:00 0 
7f84d9cbc000-7f84d9cbd000 ---p 00000000 00:00 0 
7f84d9cbd000-7f84d9cc1000 ---p 00000000 00:00 0 
7f84d9cc1000-7f84d9dbd000 rw-p 00000000 00:00 0 
7f84d9dbd000-7f84d9dbe000 ---p 00000000 00:00 0 
7f84d9dbe000-7f84d9dc2000 ---p 00000000 00:00 0 
7f84d9dc2000-7f84d9ebe000 rw-p 00000000 00:00 0 
7f84d9ebe000-7f84d9ebf000 ---p 00000000 00:00 0 
7f84d9ebf000-7f84d9ec3000 ---p 00000000 00:00 0 
7f84d9ec3000-7f84d9fbf000 rw-p 00000000 00:00 0 
7f84d9fbf000-7f84d9fc0000 ---p 00000000 00:00 0 
7f84d9fc0000-7f84d9fc4000 ---p 00000000 00:00 0 
7f84d9fc4000-7f84da0c0000 rw-p 00000000 00:00 0 
7f84da0c0000-7f84da0c1000 ---p 00000000 00:00 0 
7f84da0c1000-7f84da1c1000 rw-p 00000000 00:00 0 
7f84da1c1000-7f84da1c2000 ---p 00000000 00:00 0 
7f84da1c2000-7f84da1c6000 ---p 00000000 00:00 0 
7f84da1c6000-7f84da7f8000 rw-p 00000000 00:00 0 
7f84da7f8000-7f84da7f9000 ---p 00000000 00:00 0 
7f84da7f9000-7f84da7fd000 ---p 00000000 00:00 0 
7f84da7fd000-7f84da8f9000 rw-p 00000000 00:00 0 
7f84da8f9000-7f84da8fa000 ---p 00000000 00:00 0 
7f84da8fa000-7f84da8fe000 ---p 00000000 00:00 0 
7f84da8fe000-7f84da9fa000 rw-p 00000000 00:00 0 
7f84da9fa000-7f84da9fb000 ---p 00000000 00:00 0 
7f84da9fb000-7f84da9ff000 ---p 00000000 00:00 0 
7f84da9ff000-7f84daafb000 rw-p 00000000 00:00 0 
7f84daafb000-7f84daafc000 ---p 00000000 00:00 0 
7f84daafc000-7f84dab00000 ---p 00000000 00:00 0 
7f84dab00000-7f84dabfc000 rw-p 00000000 00:00 0 
7f84dabfc000-7f84dabfd000 ---p 00000000 00:00 0 
7f84dabfd000-7f84dac01000 ---p 00000000 00:00 0 
7f84dac01000-7f84dacfd000 rw-p 00000000 00:00 0 
7f84dacfd000-7f84dacfe000 ---p 00000000 00:00 0 
7f84dacfe000-7f84dad02000 ---p 00000000 00:00 0 
7f84dad02000-7f84dadfe000 rw-p 00000000 00:00 0 
7f84dadfe000-7f84dadff000 ---p 00000000 00:00 0 
7f84dadff000-7f84dae03000 ---p 00000000 00:00 0 
7f84dae03000-7f84daeff000 rw-p 00000000 00:00 0 
7f84daeff000-7f84daf00000 ---p 00000000 00:00 0 
7f84daf00000-7f84daf04000 ---p 00000000 00:00 0 
7f84daf04000-7f84db000000 rw-p 00000000 00:00 0 
7f84db000000-7f84db455000 rw-p 00001000 00:25 13842                      /usr/lib/jvm/java-17-openjdk-amd64/lib/server/classes.jsa
7f84db455000-7f84dbbca000 rw-p 00456000 00:25 13842                      /usr/lib/jvm/java-17-openjdk-amd64/lib/server/classes.jsa
7f84dbbca000-7f84dc000000 ---p 00000000 00:00 0 
7f84dc000000-7f84dc040000 rw-p 00000000 00:00 0 
7f84dc040000-7f84dc080000 rw-p 00000000 00:00 0 
7f84dc080000-7f84dc140000 rw-p 00000000 00:00 0 
7f84dc140000-7f84dc3e0000 rw-p 00000000 00:00 0 
7f84dc3e0000-7f84dc700000 rw-p 00000000 00:00 0 
7f84dc700000-7f84dc7c0000 rw-p 00000000 00:00 0 
7f84dc7c0000-7f84dc840000 rw-p 00000000 00:00 0 
7f84dc840000-7f84dc870000 rw-p 00000000 00:00 0 
7f84dc870000-7f84dc880000 ---p 00000000 00:00 0 
7f84dc880000-7f84dca00000 rw-p 00000000 00:00 0 
7f84dca00000-7f84dcaf0000 rw-p 00000000 00:00 0 
7f84dcaf0000-7f851c000000 ---p 00000000 00:00 0 
7f851c000000-7f851daef000 rw-p 00000000 00:00 0 
7f851daef000-7f8520000000 ---p 00000000 00:00 0 
7f8520000000-7f8520400000 rw-p 00000000 00:00 0 
7f8520400000-7f8520800000 rw-p 00000000 00:00 0 
7f8520800000-7f8520900000 rw-p 00000000 00:00 0 
7f8520900000-7f8520a00000 rw-p 00000000 00:00 0 
7f8520a00000-7f8521580000 rw-p 00000000 00:00 0 
7f8521580000-7f8521700000 rw-p 00000000 00:00 0 
7f8521700000-7f8521900000 rw-p 00000000 00:00 0 
7f8521900000-7f8521a00000 rw-p 00000000 00:00 0 
7f8521a00000-7f8522380000 rw-p 00000000 00:00 0 
7f8522380000-7f8522400000 rw-p 00000000 00:00 0 
7f8522400000-7f8522d00000 rw-p 00000000 00:00 0 
7f8522d00000-7f8522d20000 rw-p 00000000 00:00 0 
7f8522d20000-7f8522d40000 rw-p 00000000 00:00 0 
7f8522d40000-7f8522d80000 rw-p 00000000 00:00 0 
7f8522d80000-7f8522f00000 rw-p 00000000 00:00 0 
7f8522f00000-7f8523080000 rw-p 00000000 00:00 0 
7f8523080000-7f8523100000 rw-p 00000000 00:00 0 
7f8523100000-7f8523300000 rw-p 00000000 00:00 0 
7f8523300000-7f8523380000 rw-p 00000000 00:00 0 
7f8523380000-7f8523400000 rw-p 00000000 00:00 0 
7f8523400000-7f8523700000 rw-p 00000000 00:00 0 
7f8523700000-7f8523800000 rw-p 00000000 00:00 0 
7f8523800000-7f8524000000 rw-p 00000000 00:00 0 
7f8524000000-7f852404a000 rw-p 00000000 00:00 0 
7f852404a000-7f8528000000 ---p 00000000 00:00 0 
7f85280e9000-7f85280ea000 ---p 00000000 00:00 0 
7f85280ea000-7f85280ee000 ---p 00000000 00:00 0 
7f85280ee000-7f85281ea000 rw-p 00000000 00:00 0 
7f85281ea000-7f85281eb000 ---p 00000000 00:00 0 
7f85281eb000-7f85281ef000 ---p 00000000 00:00 0 
7f85281ef000-7f85282eb000 rw-p 00000000 00:00 0 
7f85282eb000-7f85282ec000 ---p 00000000 00:00 0 
7f85282ec000-7f85282f0000 ---p 00000000 00:00 0 
7f85282f0000-7f85283ec000 rw-p 00000000 00:00 0 
7f85283ec000-7f85283ed000 ---p 00000000 00:00 0 
7f85283ed000-7f85283f1000 ---p 00000000 00:00 0 
7f85283f1000-7f85284ed000 rw-p 00000000 00:00 0 
7f85284ed000-7f85284ee000 ---p 00000000 00:00 0 
7f85284ee000-7f85284f2000 ---p 00000000 00:00 0 
7f85284f2000-7f85285ee000 rw-p 00000000 00:00 0 
7f85285ee000-7f85285ef000 ---p 00000000 00:00 0 
7f85285ef000-7f85285f3000 ---p 00000000 00:00 0 
7f85285f3000-7f85286ef000 rw-p 00000000 00:00 0 
7f85286ef000-7f85286f0000 ---p 00000000 00:00 0 
7f85286f0000-7f85286f4000 ---p 00000000 00:00 0 
7f85286f4000-7f85287f0000 rw-p 00000000 00:00 0 
7f85287f0000-7f85287f1000 ---p 00000000 00:00 0 
7f85287f1000-7f85287f5000 ---p 00000000 00:00 0 
7f85287f5000-7f85288f1000 rw-p 00000000 00:00 0 
7f85288f1000-7f85288f2000 ---p 00000000 00:00 0 
7f85288f2000-7f85288f6000 ---p 00000000 00:00 0 
7f85288f6000-7f85289f2000 rw-p 00000000 00:00 0 
7f85289f2000-7f85289f3000 ---p 00000000 00:00 0 
7f85289f3000-7f85289f7000 ---p 00000000 00:00 0 
7f85289f7000-7f8528af3000 rw-p 00000000 00:00 0 
7f8528af3000-7f8528af4000 ---p 00000000 00:00 0 
7f8528af4000-7f8528af8000 ---p 00000000 00:00 0 
7f8528af8000-7f8528bf4000 rw-p 00000000 00:00 0 
7f8528bf4000-7f8528bf5000 ---p 00000000 00:00 0 
7f8528bf5000-7f8528bf9000 ---p 00000000 00:00 0 
7f8528bf9000-7f8528cf5000 rw-p 00000000 00:00 0 
7f8528cf5000-7f8528cf6000 ---p 00000000 00:00 0 
7f8528cf6000-7f8528cfa000 ---p 00000000 00:00 0 
7f8528cfa000-7f8528df6000 rw-p 00000000 00:00 0 
7f8528df6000-7f8528df7000 ---p 00000000 00:00 0 
7f8528df7000-7f8528dfb000 ---p 00000000 00:00 0 
7f8528dfb000-7f8528ef7000 rw-p 00000000 00:00 0 
7f8528ef7000-7f8528ef8000 ---p 00000000 00:00 0 
7f8528ef8000-7f8528efc000 ---p 00000000 00:00 0 
7f8528efc000-7f8528ff8000 rw-p 00000000 00:00 0 
7f8528ff8000-7f8528ff9000 ---p 00000000 00:00 0 
7f8528ff9000-7f8528ffd000 ---p 00000000 00:00 0 
7f8528ffd000-7f85290f9000 rw-p 00000000 00:00 0 
7f85290f9000-7f85290fa000 ---p 00000000 00:00 0 
7f85290fa000-7f85290fe000 ---p 00000000 00:00 0 
7f85290fe000-7f85291fa000 rw-p 00000000 00:00 0 
7f85291fa000-7f85291fb000 ---p 00000000 00:00 0 
7f85291fb000-7f85291ff000 ---p 00000000 00:00 0 
7f85291ff000-7f85292fb000 rw-p 00000000 00:00 0 
7f85292fb000-7f85292fc000 ---p 00000000 00:00 0 
7f85292fc000-7f8529300000 ---p 00000000 00:00 0 
7f8529300000-7f85293fc000 rw-p 00000000 00:00 0 
7f85293fc000-7f85293fd000 ---p 00000000 00:00 0 
7f85293fd000-7f8529401000 ---p 00000000 00:00 0 
7f8529401000-7f85294fd000 rw-p 00000000 00:00 0 
7f85294fd000-7f85294fe000 ---p 00000000 00:00 0 
7f85294fe000-7f8529502000 ---p 00000000 00:00 0 
7f8529502000-7f85295fe000 rw-p 00000000 00:00 0 
7f85295fe000-7f85295ff000 ---p 00000000 00:00 0 
7f85295ff000-7f8529603000 ---p 00000000 00:00 0 
7f8529603000-7f85296ff000 rw-p 00000000 00:00 0 
7f85296ff000-7f8529700000 ---p 00000000 00:00 0 
7f8529700000-7f8529704000 ---p 00000000 00:00 0 
7f8529704000-7f8529800000 rw-p 00000000 00:00 0 
7f8529800000-7f8529853000 r-xp 00000000 fe:00 132238                     /root/.gradle/native/e376f236ea51e6404a007f0833ffe2c6e607c4080706a723a18a27aeea778392/linux-amd64/libnative-platform-file-events.so
7f8529853000-7f8529a52000 ---p 00053000 fe:00 132238                     /root/.gradle/native/e376f236ea51e6404a007f0833ffe2c6e607c4080706a723a18a27aeea778392/linux-amd64/libnative-platform-file-events.so
7f8529a52000-7f8529a53000 r--p 00052000 fe:00 132238                     /root/.gradle/native/e376f236ea51e6404a007f0833ffe2c6e607c4080706a723a18a27aeea778392/linux-amd64/libnative-platform-file-events.so
7f8529a53000-7f8529a55000 rw-p 00053000 fe:00 132238                     /root/.gradle/native/e376f236ea51e6404a007f0833ffe2c6e607c4080706a723a18a27aeea778392/linux-amd64/libnative-platform-file-events.so
7f8529aff000-7f8529b00000 ---p 00000000 00:00 0 
7f8529b00000-7f8529b04000 ---p 00000000 00:00 0 
7f8529b04000-7f8529c00000 rw-p 00000000 00:00 0 
7f8529c00000-7f8529c05000 r-xp 00000000 fe:00 132218                     /root/.gradle/native/68d5fa5c4cc2d200863cafc0d521ce42e7d3e7ee720ec0a83991735586a16f82/linux-amd64/libnative-platform.so
7f8529c05000-7f8529e05000 ---p 00005000 fe:00 132218                     /root/.gradle/native/68d5fa5c4cc2d200863cafc0d521ce42e7d3e7ee720ec0a83991735586a16f82/linux-amd64/libnative-platform.so
7f8529e05000-7f8529e06000 r--p 00005000 fe:00 132218                     /root/.gradle/native/68d5fa5c4cc2d200863cafc0d521ce42e7d3e7ee720ec0a83991735586a16f82/linux-amd64/libnative-platform.so
7f8529e06000-7f8529e07000 rw-p 00006000 fe:00 132218                     /root/.gradle/native/68d5fa5c4cc2d200863cafc0d521ce42e7d3e7ee720ec0a83991735586a16f82/linux-amd64/libnative-platform.so
7f8529ecf000-7f8529ed0000 ---p 00000000 00:00 0 
7f8529ed0000-7f8529ed4000 ---p 00000000 00:00 0 
7f8529ed4000-7f8529ef2000 rw-p 00000000 00:00 0 
7f8529ef2000-7f8529ef3000 r--p 00000000 00:25 13802                      /usr/lib/jvm/java-17-openjdk-amd64/lib/libextnet.so
7f8529ef3000-7f8529ef4000 r-xp 00001000 00:25 13802                      /usr/lib/jvm/java-17-openjdk-amd64/lib/libextnet.so
7f8529ef4000-7f8529ef5000 r--p 00002000 00:25 13802                      /usr/lib/jvm/java-17-openjdk-amd64/lib/libextnet.so
7f8529ef5000-7f8529ef6000 r--p 00002000 00:25 13802                      /usr/lib/jvm/java-17-openjdk-amd64/lib/libextnet.so
7f8529ef6000-7f8529ef7000 rw-p 00003000 00:25 13802                      /usr/lib/jvm/java-17-openjdk-amd64/lib/libextnet.so
7f8529ef7000-7f8529ef9000 r--p 00000000 00:25 13821                      /usr/lib/jvm/java-17-openjdk-amd64/lib/libmanagement_ext.so
7f8529ef9000-7f8529efc000 r-xp 00002000 00:25 13821                      /usr/lib/jvm/java-17-openjdk-amd64/lib/libmanagement_ext.so
7f8529efc000-7f8529efd000 r--p 00005000 00:25 13821                      /usr/lib/jvm/java-17-openjdk-amd64/lib/libmanagement_ext.so
7f8529efd000-7f8529efe000 r--p 00006000 00:25 13821                      /usr/lib/jvm/java-17-openjdk-amd64/lib/libmanagement_ext.so
7f8529efe000-7f8529eff000 rw-p 00007000 00:25 13821                      /usr/lib/jvm/java-17-openjdk-amd64/lib/libmanagement_ext.so
7f8529eff000-7f8529f00000 ---p 00000000 00:00 0 
7f8529f00000-7f852c000000 rw-p 00000000 00:00 0 
7f852c000000-7f852c651000 rw-p 00000000 00:00 0 
7f852c651000-7f8530000000 ---p 00000000 00:00 0 
7f8530000000-7f853009d000 rw-p 00000000 00:00 0 
7f853009d000-7f8534000000 ---p 00000000 00:00 0 
7f8534000000-7f8534088000 rw-p 00000000 00:00 0 
7f8534088000-7f8538000000 ---p 00000000 00:00 0 
7f8538003000-7f8538004000 r--p 00000000 00:25 18147                      /usr/lib/x86_64-linux-gnu/libpthread.so.0
7f8538004000-7f8538005000 r-xp 00001000 00:25 18147                      /usr/lib/x86_64-linux-gnu/libpthread.so.0
7f8538005000-7f8538006000 r--p 00002000 00:25 18147                      /usr/lib/x86_64-linux-gnu/libpthread.so.0
7f8538006000-7f8538007000 r--p 00002000 00:25 18147                      /usr/lib/x86_64-linux-gnu/libpthread.so.0
7f8538007000-7f8538008000 rw-p 00003000 00:25 18147                      /usr/lib/x86_64-linux-gnu/libpthread.so.0
7f8538009000-7f853800b000 r--p 00000000 00:25 13819                      /usr/lib/jvm/java-17-openjdk-amd64/lib/libmanagement.so
7f853800b000-7f853800c000 r-xp 00002000 00:25 13819                      /usr/lib/jvm/java-17-openjdk-amd64/lib/libmanagement.so
7f853800c000-7f853800d000 r--p 00003000 00:25 13819                      /usr/lib/jvm/java-17-openjdk-amd64/lib/libmanagement.so
7f853800d000-7f853800e000 r--p 00003000 00:25 13819                      /usr/lib/jvm/java-17-openjdk-amd64/lib/libmanagement.so
7f853800e000-7f853800f000 rw-p 00004000 00:25 13819                      /usr/lib/jvm/java-17-openjdk-amd64/lib/libmanagement.so
7f853800f000-7f8538013000 r--p 00000000 00:25 13831                      /usr/lib/jvm/java-17-openjdk-amd64/lib/libverify.so
7f8538013000-7f853801a000 r-xp 00004000 00:25 13831                      /usr/lib/jvm/java-17-openjdk-amd64/lib/libverify.so
7f853801a000-7f853801c000 r--p 0000b000 00:25 13831                      /usr/lib/jvm/java-17-openjdk-amd64/lib/libverify.so
7f853801c000-7f853801e000 r--p 0000c000 00:25 13831                      /usr/lib/jvm/java-17-openjdk-amd64/lib/libverify.so
7f853801e000-7f853801f000 rw-p 0000e000 00:25 13831                      /usr/lib/jvm/java-17-openjdk-amd64/lib/libverify.so
7f853801f000-7f8538020000 ---p 00000000 00:00 0 
7f8538020000-7f8538120000 rw-p 00000000 00:00 0 
7f8538120000-7f8538121000 ---p 00000000 00:00 0 
7f8538121000-7f8538125000 ---p 00000000 00:00 0 
7f8538125000-7f8538221000 rw-p 00000000 00:00 0 
7f8538221000-7f8538225000 r--p 00000000 00:25 13823                      /usr/lib/jvm/java-17-openjdk-amd64/lib/libnet.so
7f8538225000-7f8538233000 r-xp 00004000 00:25 13823                      /usr/lib/jvm/java-17-openjdk-amd64/lib/libnet.so
7f8538233000-7f8538237000 r--p 00012000 00:25 13823                      /usr/lib/jvm/java-17-openjdk-amd64/lib/libnet.so
7f8538237000-7f8538238000 r--p 00015000 00:25 13823                      /usr/lib/jvm/java-17-openjdk-amd64/lib/libnet.so
7f8538238000-7f8538239000 rw-p 00016000 00:25 13823                      /usr/lib/jvm/java-17-openjdk-amd64/lib/libnet.so
7f8538239000-7f853823f000 r--p 00000000 00:25 13824                      /usr/lib/jvm/java-17-openjdk-amd64/lib/libnio.so
7f853823f000-7f8538248000 r-xp 00006000 00:25 13824                      /usr/lib/jvm/java-17-openjdk-amd64/lib/libnio.so
7f8538248000-7f853824c000 r--p 0000f000 00:25 13824                      /usr/lib/jvm/java-17-openjdk-amd64/lib/libnio.so
7f853824c000-7f853824d000 r--p 00013000 00:25 13824                      /usr/lib/jvm/java-17-openjdk-amd64/lib/libnio.so
7f853824d000-7f853824e000 rw-p 00014000 00:25 13824                      /usr/lib/jvm/java-17-openjdk-amd64/lib/libnio.so
7f853824e000-7f853824f000 ---p 00000000 00:00 0 
7f853824f000-7f8538253000 ---p 00000000 00:00 0 
7f8538253000-7f853834f000 rw-p 00000000 00:00 0 
7f853834f000-7f8538350000 ---p 00000000 00:00 0 
7f8538350000-7f8538354000 ---p 00000000 00:00 0 
7f8538354000-7f8538450000 rw-p 00000000 00:00 0 
7f8538450000-7f8538451000 ---p 00000000 00:00 0 
7f8538451000-7f8538455000 ---p 00000000 00:00 0 
7f8538455000-7f8538551000 rw-p 00000000 00:00 0 
7f8538551000-7f8538552000 ---p 00000000 00:00 0 
7f8538552000-7f8538556000 ---p 00000000 00:00 0 
7f8538556000-7f8538652000 rw-p 00000000 00:00 0 
7f8538652000-7f8538653000 ---p 00000000 00:00 0 
7f8538653000-7f8538657000 ---p 00000000 00:00 0 
7f8538657000-7f8538753000 rw-p 00000000 00:00 0 
7f8538753000-7f8538754000 ---p 00000000 00:00 0 
7f8538754000-7f8538758000 ---p 00000000 00:00 0 
7f8538758000-7f8538854000 rw-p 00000000 00:00 0 
7f8538854000-7f8538855000 ---p 00000000 00:00 0 
7f8538855000-7f8538859000 ---p 00000000 00:00 0 
7f8538859000-7f8538955000 rw-p 00000000 00:00 0 
7f8538955000-7f8538956000 ---p 00000000 00:00 0 
7f8538956000-7f853895a000 ---p 00000000 00:00 0 
7f853895a000-7f8538a56000 rw-p 00000000 00:00 0 
7f8538a56000-7f8538a57000 ---p 00000000 00:00 0 
7f8538a57000-7f8538a5b000 ---p 00000000 00:00 0 
7f8538a5b000-7f8538b57000 rw-p 00000000 00:00 0 
7f8538b57000-7f8538b58000 ---p 00000000 00:00 0 
7f8538b58000-7f8538c58000 rw-p 00000000 00:00 0 
7f8538c58000-7f8538c5d000 r--p 00000000 00:25 13817                      /usr/lib/jvm/java-17-openjdk-amd64/lib/libjsvml.so
7f8538c5d000-7f8538c9e000 r-xp 00005000 00:25 13817                      /usr/lib/jvm/java-17-openjdk-amd64/lib/libjsvml.so
7f8538c9e000-7f8538d27000 r--p 00046000 00:25 13817                      /usr/lib/jvm/java-17-openjdk-amd64/lib/libjsvml.so
7f8538d27000-7f8538d28000 r--p 000ce000 00:25 13817                      /usr/lib/jvm/java-17-openjdk-amd64/lib/libjsvml.so
7f8538d28000-7f8538d29000 rw-p 000cf000 00:25 13817                      /usr/lib/jvm/java-17-openjdk-amd64/lib/libjsvml.so
7f8538d29000-7f8538e46000 rw-p 00000000 00:00 0 
7f8538e46000-7f8538e47000 ---p 00000000 00:00 0 
7f8538e47000-7f8538f47000 rw-p 00000000 00:00 0 
7f8538f47000-7f8538f48000 ---p 00000000 00:00 0 
7f8538f48000-7f853924a000 rw-p 00000000 00:00 0 
7f853924a000-7f853924b000 ---p 00000000 00:00 0 
7f853924b000-7f853934b000 rw-p 00000000 00:00 0 
7f853934b000-7f853934c000 ---p 00000000 00:00 0 
7f853934c000-7f853944c000 rw-p 00000000 00:00 0 
7f853944c000-7f853944d000 ---p 00000000 00:00 0 
7f853944d000-7f853a63d000 rw-p 00000000 00:00 0 
7f853a63d000-7f853d53d000 ---p 00000000 00:00 0 
7f853d53d000-7f853e63d000 rw-p 00000000 00:00 0 
7f853e63d000-7f854153d000 ---p 00000000 00:00 0 
7f854153d000-7f854154d000 rw-p 00000000 00:00 0 
7f854154d000-7f8542a9d000 rwxp 00000000 00:00 0 
7f8542a9d000-7f8548a85000 ---p 00000000 00:00 0 
7f8548a85000-7f8548d15000 rwxp 00000000 00:00 0 
7f8548d15000-7f8549014000 ---p 00000000 00:00 0 
7f8549014000-7f8549964000 rwxp 00000000 00:00 0 
7f8549964000-7f855054d000 ---p 00000000 00:00 0 
7f855054d000-7f8558000000 r--s 00000000 00:25 13833                      /usr/lib/jvm/java-17-openjdk-amd64/lib/modules
7f8558000000-7f85592a8000 rw-p 00000000 00:00 0 
7f85592a8000-7f855c000000 ---p 00000000 00:00 0 
7f855c003000-7f855c005000 r--p 00000000 00:25 13832                      /usr/lib/jvm/java-17-openjdk-amd64/lib/libzip.so
7f855c005000-7f855c009000 r-xp 00002000 00:25 13832                      /usr/lib/jvm/java-17-openjdk-amd64/lib/libzip.so
7f855c009000-7f855c00b000 r--p 00006000 00:25 13832                      /usr/lib/jvm/java-17-openjdk-amd64/lib/libzip.so
7f855c00b000-7f855c00c000 r--p 00007000 00:25 13832                      /usr/lib/jvm/java-17-openjdk-amd64/lib/libzip.so
7f855c00c000-7f855c00d000 rw-p 00008000 00:25 13832                      /usr/lib/jvm/java-17-openjdk-amd64/lib/libzip.so
7f855c00d000-7f855c064000 r--p 00000000 00:25 13882                      /usr/lib/locale/C.utf8/LC_CTYPE
7f855c064000-7f855c065000 r--p 00000000 00:25 13888                      /usr/lib/locale/C.utf8/LC_NUMERIC
7f855c065000-7f855c066000 r--p 00000000 00:25 13891                      /usr/lib/locale/C.utf8/LC_TIME
7f855c066000-7f855c067000 r--p 00000000 00:25 13881                      /usr/lib/locale/C.utf8/LC_COLLATE
7f855c067000-7f855c068000 r--p 00000000 00:25 13886                      /usr/lib/locale/C.utf8/LC_MONETARY
7f855c068000-7f855c069000 r--p 00000000 00:25 13885                      /usr/lib/locale/C.utf8/LC_MESSAGES/SYS_LC_MESSAGES
7f855c069000-7f855c06a000 r--p 00000000 00:25 13889                      /usr/lib/locale/C.utf8/LC_PAPER
7f855c06a000-7f855c06b000 r--p 00000000 00:25 13887                      /usr/lib/locale/C.utf8/LC_NAME
7f855c06b000-7f855c072000 r--s 00000000 00:25 17572                      /usr/lib/x86_64-linux-gnu/gconv/gconv-modules.cache
7f855c072000-7f855c2d5000 rw-p 00000000 00:00 0 
7f855c2d5000-7f855c8b5000 ---p 00000000 00:00 0 
7f855c8b5000-7f855cad5000 rw-p 00000000 00:00 0 
7f855cad5000-7f855d0b5000 ---p 00000000 00:00 0 
7f855d0b5000-7f855d2d5000 rw-p 00000000 00:00 0 
7f855d2d5000-7f855d8b5000 ---p 00000000 00:00 0 
7f855d8b5000-7f855dacc000 rw-p 00000000 00:00 0 
7f855dacc000-7f855dba4000 ---p 00000000 00:00 0 
7f855dba4000-7f855dbcf000 rw-p 00000000 00:00 0 
7f855dbcf000-7f855dc8f000 ---p 00000000 00:00 0 
7f855dc8f000-7f855dc95000 rw-p 00000000 00:00 0 
7f855dc95000-7f855dc9b000 ---p 00000000 00:00 0 
7f855dc9b000-7f855dca3000 rw-s 00000000 fe:00 132234                     /tmp/hsperfdata_root/358
7f855dca3000-7f855dcaf000 r--p 00000000 00:25 13809                      /usr/lib/jvm/java-17-openjdk-amd64/lib/libjava.so
7f855dcaf000-7f855dcc0000 r-xp 0000c000 00:25 13809                      /usr/lib/jvm/java-17-openjdk-amd64/lib/libjava.so
7f855dcc0000-7f855dcc6000 r--p 0001d000 00:25 13809                      /usr/lib/jvm/java-17-openjdk-amd64/lib/libjava.so
7f855dcc6000-7f855dcc7000 r--p 00022000 00:25 13809                      /usr/lib/jvm/java-17-openjdk-amd64/lib/libjava.so
7f855dcc7000-7f855dcc8000 rw-p 00023000 00:25 13809                      /usr/lib/jvm/java-17-openjdk-amd64/lib/libjava.so
7f855dcc8000-7f855dcc9000 rw-p 00000000 00:00 0 
7f855dcc9000-7f855dcca000 r--p 00000000 00:25 13804                      /usr/lib/jvm/java-17-openjdk-amd64/lib/libinstrument.so
7f855dcca000-7f855dcd0000 r-xp 00001000 00:25 13804                      /usr/lib/jvm/java-17-openjdk-amd64/lib/libinstrument.so
7f855dcd0000-7f855dcd3000 r--p 00007000 00:25 13804                      /usr/lib/jvm/java-17-openjdk-amd64/lib/libinstrument.so
7f855dcd3000-7f855dcd4000 r--p 00009000 00:25 13804                      /usr/lib/jvm/java-17-openjdk-amd64/lib/libinstrument.so
7f855dcd4000-7f855dcd5000 rw-p 0000a000 00:25 13804                      /usr/lib/jvm/java-17-openjdk-amd64/lib/libinstrument.so
7f855dcd5000-7f855dcd7000 r--p 00000000 00:25 13813                      /usr/lib/jvm/java-17-openjdk-amd64/lib/libjimage.so
7f855dcd7000-7f855dcda000 r-xp 00002000 00:25 13813                      /usr/lib/jvm/java-17-openjdk-amd64/lib/libjimage.so
7f855dcda000-7f855dcdb000 r--p 00005000 00:25 13813                      /usr/lib/jvm/java-17-openjdk-amd64/lib/libjimage.so
7f855dcdb000-7f855dcdc000 r--p 00006000 00:25 13813                      /usr/lib/jvm/java-17-openjdk-amd64/lib/libjimage.so
7f855dcdc000-7f855dcdd000 rw-p 00007000 00:25 13813                      /usr/lib/jvm/java-17-openjdk-amd64/lib/libjimage.so
7f855dcdd000-7f855dce1000 ---p 00000000 00:00 0 
7f855dce1000-7f855dddd000 rw-p 00000000 00:00 0 
7f855dddd000-7f855dde0000 r--p 00000000 00:25 17958                      /usr/lib/x86_64-linux-gnu/libgcc_s.so.1
7f855dde0000-7f855ddf7000 r-xp 00003000 00:25 17958                      /usr/lib/x86_64-linux-gnu/libgcc_s.so.1
7f855ddf7000-7f855ddfb000 r--p 0001a000 00:25 17958                      /usr/lib/x86_64-linux-gnu/libgcc_s.so.1
7f855ddfb000-7f855ddfc000 r--p 0001d000 00:25 17958                      /usr/lib/x86_64-linux-gnu/libgcc_s.so.1
7f855ddfc000-7f855ddfd000 rw-p 0001e000 00:25 17958                      /usr/lib/x86_64-linux-gnu/libgcc_s.so.1
7f855ddfd000-7f855de0d000 r--p 00000000 00:25 18057                      /usr/lib/x86_64-linux-gnu/libm.so.6
7f855de0d000-7f855de81000 r-xp 00010000 00:25 18057                      /usr/lib/x86_64-linux-gnu/libm.so.6
7f855de81000-7f855dedb000 r--p 00084000 00:25 18057                      /usr/lib/x86_64-linux-gnu/libm.so.6
7f855dedb000-7f855dedc000 r--p 000dd000 00:25 18057                      /usr/lib/x86_64-linux-gnu/libm.so.6
7f855dedc000-7f855dedd000 rw-p 000de000 00:25 18057                      /usr/lib/x86_64-linux-gnu/libm.so.6
7f855dedd000-7f855df76000 r--p 00000000 00:25 18224                      /usr/lib/x86_64-linux-gnu/libstdc++.so.6.0.30
7f855df76000-7f855e077000 r-xp 00099000 00:25 18224                      /usr/lib/x86_64-linux-gnu/libstdc++.so.6.0.30
7f855e077000-7f855e0e6000 r--p 0019a000 00:25 18224                      /usr/lib/x86_64-linux-gnu/libstdc++.so.6.0.30
7f855e0e6000-7f855e0f1000 r--p 00209000 00:25 18224                      /usr/lib/x86_64-linux-gnu/libstdc++.so.6.0.30
7f855e0f1000-7f855e0f4000 rw-p 00214000 00:25 18224                      /usr/lib/x86_64-linux-gnu/libstdc++.so.6.0.30
7f855e0f4000-7f855e0f7000 rw-p 00000000 00:00 0 
7f855e0f7000-7f855e348000 r--p 00000000 00:25 13845                      /usr/lib/jvm/java-17-openjdk-amd64/lib/server/libjvm.so
7f855e348000-7f855f09a000 r-xp 00251000 00:25 13845                      /usr/lib/jvm/java-17-openjdk-amd64/lib/server/libjvm.so
7f855f09a000-7f855f31b000 r--p 00fa3000 00:25 13845                      /usr/lib/jvm/java-17-openjdk-amd64/lib/server/libjvm.so
7f855f31b000-7f855f3d3000 r--p 01224000 00:25 13845                      /usr/lib/jvm/java-17-openjdk-amd64/lib/server/libjvm.so
7f855f3d3000-7f855f408000 rw-p 012dc000 00:25 13845                      /usr/lib/jvm/java-17-openjdk-amd64/lib/server/libjvm.so
7f855f408000-7f855f464000 rw-p 00000000 00:00 0 
7f855f464000-7f855f48a000 r--p 00000000 00:25 17847                      /usr/lib/x86_64-linux-gnu/libc.so.6
7f855f48a000-7f855f5e0000 r-xp 00026000 00:25 17847                      /usr/lib/x86_64-linux-gnu/libc.so.6
7f855f5e0000-7f855f633000 r--p 0017c000 00:25 17847                      /usr/lib/x86_64-linux-gnu/libc.so.6
7f855f633000-7f855f637000 r--p 001cf000 00:25 17847                      /usr/lib/x86_64-linux-gnu/libc.so.6
7f855f637000-7f855f639000 rw-p 001d3000 00:25 17847                      /usr/lib/x86_64-linux-gnu/libc.so.6
7f855f639000-7f855f646000 rw-p 00000000 00:00 0 
7f855f646000-7f855f648000 r--p 00000000 00:25 13814                      /usr/lib/jvm/java-17-openjdk-amd64/lib/libjli.so
7f855f648000-7f855f651000 r-xp 00002000 00:25 13814                      /usr/lib/jvm/java-17-openjdk-amd64/lib/libjli.so
7f855f651000-7f855f654000 r--p 0000b000 00:25 13814                      /usr/lib/jvm/java-17-openjdk-amd64/lib/libjli.so
7f855f654000-7f855f655000 r--p 0000d000 00:25 13814                      /usr/lib/jvm/java-17-openjdk-amd64/lib/libjli.so
7f855f655000-7f855f656000 rw-p 0000e000 00:25 13814                      /usr/lib/jvm/java-17-openjdk-amd64/lib/libjli.so
7f855f656000-7f855f659000 r--p 00000000 00:25 1006                       /usr/lib/x86_64-linux-gnu/libz.so.1.2.13
7f855f659000-7f855f66c000 r-xp 00003000 00:25 1006                       /usr/lib/x86_64-linux-gnu/libz.so.1.2.13
7f855f66c000-7f855f673000 r--p 00016000 00:25 1006                       /usr/lib/x86_64-linux-gnu/libz.so.1.2.13
7f855f673000-7f855f674000 r--p 0001c000 00:25 1006                       /usr/lib/x86_64-linux-gnu/libz.so.1.2.13
7f855f674000-7f855f675000 rw-p 0001d000 00:25 1006                       /usr/lib/x86_64-linux-gnu/libz.so.1.2.13
7f855f675000-7f855f676000 r--p 00000000 00:25 13880                      /usr/lib/locale/C.utf8/LC_ADDRESS
7f855f676000-7f855f677000 r--p 00000000 00:25 13890                      /usr/lib/locale/C.utf8/LC_TELEPHONE
7f855f677000-7f855f678000 r--p 00000000 00:25 13884                      /usr/lib/locale/C.utf8/LC_MEASUREMENT
7f855f678000-7f855f679000 r--p 00000000 00:25 13883                      /usr/lib/locale/C.utf8/LC_IDENTIFICATION
7f855f679000-7f855f67a000 ---p 00000000 00:00 0 
7f855f67a000-7f855f67b000 r--p 00000000 00:00 0 
7f855f67b000-7f855f67c000 ---p 00000000 00:00 0 
7f855f67c000-7f855f67e000 rw-p 00000000 00:00 0 
7f855f67e000-7f855f67f000 r--p 00000000 00:25 17633                      /usr/lib/x86_64-linux-gnu/ld-linux-x86-64.so.2
7f855f67f000-7f855f6a5000 r-xp 00001000 00:25 17633                      /usr/lib/x86_64-linux-gnu/ld-linux-x86-64.so.2
7f855f6a5000-7f855f6af000 r--p 00027000 00:25 17633                      /usr/lib/x86_64-linux-gnu/ld-linux-x86-64.so.2
7f855f6af000-7f855f6b1000 r--p 00031000 00:25 17633                      /usr/lib/x86_64-linux-gnu/ld-linux-x86-64.so.2
7f855f6b1000-7f855f6b3000 rw-p 00033000 00:25 17633                      /usr/lib/x86_64-linux-gnu/ld-linux-x86-64.so.2
7ffd03b28000-7ffd03b49000 rw-p 00000000 00:00 0                          [stack]
7ffd03b79000-7ffd03b7c000 r--p 00000000 00:00 0                          [vvar]
7ffd03b7c000-7ffd03b7e000 r-xp 00000000 00:00 0                          [vdso]
ffffffffff600000-ffffffffff601000 r-xp 00000000 00:00 0                  [vsyscall]


VM Arguments:
jvm_args: --add-opens=java.base/java.util=ALL-UNNAMED --add-opens=java.base/java.lang=ALL-UNNAMED --add-opens=java.base/java.lang.invoke=ALL-UNNAMED --add-opens=java.prefs/java.util.prefs=ALL-UNNAMED --add-opens=java.base/java.nio.charset=ALL-UNNAMED --add-opens=java.base/java.net=ALL-UNNAMED --add-opens=java.base/java.util.concurrent.atomic=ALL-UNNAMED -Xmx4G -Dfile.encoding=UTF-8 -Duser.country -Duser.language=en -Duser.variant -javaagent:/root/.gradle/wrapper/dists/gradle-8.2-bin/bbg7u40eoinfdyxsxr3z4i7ta/gradle-8.2/lib/agents/gradle-instrumentation-agent-8.2.jar 
java_command: org.gradle.launcher.daemon.bootstrap.GradleDaemon 8.2
java_class_path (initial): /root/.gradle/wrapper/dists/gradle-8.2-bin/bbg7u40eoinfdyxsxr3z4i7ta/gradle-8.2/lib/gradle-launcher-8.2.jar
Launcher Type: SUN_STANDARD

[Global flags]
     intx CICompilerCount                          = 2                                         {product} {ergonomic}
     uint ConcGCThreads                            = 1                                         {product} {ergonomic}
     uint G1ConcRefinementThreads                  = 2                                         {product} {ergonomic}
   size_t G1HeapRegionSize                         = 2097152                                   {product} {ergonomic}
    uintx GCDrainStackTargetSize                   = 64                                        {product} {ergonomic}
   size_t InitialHeapSize                          = 33554432                                  {product} {ergonomic}
   size_t MarkStackSize                            = 4194304                                   {product} {ergonomic}
   size_t MaxHeapSize                              = 4294967296                                {product} {command line}
   size_t MaxNewSize                               = 2575302656                                {product} {ergonomic}
   size_t MinHeapDeltaBytes                        = 2097152                                   {product} {ergonomic}
   size_t MinHeapSize                              = 8388608                                   {product} {ergonomic}
    uintx NonNMethodCodeHeapSize                   = 5826188                                {pd product} {ergonomic}
    uintx NonProfiledCodeHeapSize                  = 122916026                              {pd product} {ergonomic}
    uintx ProfiledCodeHeapSize                     = 122916026                              {pd product} {ergonomic}
    uintx ReservedCodeCacheSize                    = 251658240                              {pd product} {ergonomic}
     bool SegmentedCodeCache                       = true                                      {product} {ergonomic}
   size_t SoftMaxHeapSize                          = 4294967296                             {manageable} {ergonomic}
     bool UseCompressedClassPointers               = true                           {product lp64_product} {ergonomic}
     bool UseCompressedOops                        = true                           {product lp64_product} {ergonomic}
     bool UseG1GC                                  = true                                      {product} {ergonomic}

Logging:
Log output configuration:
 #0: stdout all=warning uptime,level,tags
 #1: stderr all=off uptime,level,tags

Environment Variables:
PATH=/usr/local/sbin:/usr/local/bin:/usr/sbin:/usr/bin:/sbin:/bin
SHELL=/bin/bash
LANG=C.UTF-8
LC_ALL=C.UTF-8
TERM=tmux-256color

Active Locale:
LC_ALL=C.UTF-8
LC_COLLATE=C.UTF-8
LC_CTYPE=C.UTF-8
LC_MESSAGES=C.UTF-8
LC_MONETARY=C.UTF-8
LC_NUMERIC=C.UTF-8
LC_TIME=C.UTF-8

Signal Handlers:
   SIGSEGV: crash_handler in libjvm.so, mask=11100100010111111101111111111110, flags=SA_RESTART|SA_SIGINFO, unblocked
    SIGBUS: crash_handler in libjvm.so, mask=11100100010111111101111111111110, flags=SA_RESTART|SA_SIGINFO, unblocked
    SIGFPE: crash_handler in libjvm.so, mask=11100100010111111101111111111110, flags=SA_RESTART|SA_SIGINFO, unblocked
   SIGPIPE: javaSignalHandler in libjvm.so, mask=11100100010111111101111111111110, flags=SA_RESTART|SA_SIGINFO, unblocked
   SIGXFSZ: javaSignalHandler in libjvm.so, mask=11100100010111111101111111111110, flags=SA_RESTART|SA_SIGINFO, unblocked
    SIGILL: crash_handler in libjvm.so, mask=11100100010111111101111111111110, flags=SA_RESTART|SA_SIGINFO, unblocked
   SIGUSR2: SR_handler in libjvm.so, mask=00100000000000000000000000000000, flags=SA_RESTART|SA_SIGINFO, unblocked
    SIGHUP: UserHandler in libjvm.so, mask=11100100010111111101111111111110, flags=SA_RESTART|SA_SIGINFO, unblocked
    SIGINT: UserHandler in libjvm.so, mask=11100100010111111101111111111110, flags=SA_RESTART|SA_SIGINFO, unblocked
   SIGTERM: UserHandler in libjvm.so, mask=11100100010111111101111111111110, flags=SA_RESTART|SA_SIGINFO, unblocked
   SIGQUIT: UserHandler in libjvm.so, mask=11100100010111111101111111111110, flags=SA_RESTART|SA_SIGINFO, unblocked
   SIGTRAP: crash_handler in libjvm.so, mask=11100100010111111101111111111110, flags=SA_RESTART|SA_SIGINFO, unblocked


Periodic native trim disabled


---------------  S Y S T E M  ---------------

OS:
PRETTY_NAME="Debian GNU/Linux 12 (bookworm)"
NAME="Debian GNU/Linux"
VERSION_ID="12"
VERSION="12 (bookworm)"
VERSION_CODENAME=bookworm
ID=debian
HOME_URL="https://www.debian.org/"
SUPPORT_URL="https://www.debian.org/support"
BUG_REPORT_URL="https://bugs.debian.org/"
uname: Linux 4.19.91-c8dfc93.al7.x86_64 #1 SMP Tue Sep 26 10:25:51 UTC 2023 x86_64
OS uptime: 0 days 0:03 hours
libc: glibc 2.36 NPTL 2.36 
rlimit (soft/hard): STACK 8192k/infinity , CORE 0k/0k , NPROC 100000/100000 , NOFILE 100000/100000 , AS infinity/infinity , CPU infinity/infinity , DATA infinity/infinity , FSIZE infinity/infinity , MEMLOCK 64k/64k
load average: 1.58 0.73 0.28

/proc/meminfo:
MemTotal:        2152516 kB
MemFree:           32536 kB
MemAvailable:     268792 kB
Buffers:            3572 kB
Cached:           283040 kB
SwapCached:            0 kB
Active:          1901528 kB
Inactive:         133428 kB
Active(anon):    1748396 kB
Inactive(anon):       16 kB
Active(file):     153132 kB
Inactive(file):   133412 kB
Unevictable:           0 kB
Mlocked:               0 kB
SwapTotal:             0 kB
SwapFree:              0 kB
Dirty:              5920 kB
Writeback:             0 kB
AnonPages:       1747840 kB
Mapped:            58288 kB
Shmem:                32 kB
Slab:              34856 kB
SReclaimable:      23112 kB
SUnreclaim:        11744 kB
KernelStack:        2752 kB
PageTables:         4896 kB
NFS_Unstable:          0 kB
Bounce:                0 kB
WritebackTmp:          0 kB
CommitLimit:     1076256 kB
Committed_AS:    1990772 kB
VmallocTotal:   34359738367 kB
VmallocUsed:           0 kB
VmallocChunk:          0 kB
Percpu:              400 kB
AnonHugePages:    854016 kB
ShmemHugePages:        0 kB
ShmemPmdMapped:        0 kB
HugePages_Total:       0
HugePages_Free:        0
HugePages_Rsvd:        0
HugePages_Surp:        0
Hugepagesize:       2048 kB
Hugetlb:               0 kB
DirectMap4k:        8192 kB
DirectMap2M:     2523136 kB
DirectMap1G:           0 kB

/sys/kernel/mm/transparent_hugepage/enabled: [always] madvise never
/sys/kernel/mm/transparent_hugepage/hpage_pmd_size: 2097152
/sys/kernel/mm/transparent_hugepage/defrag (defrag/compaction efforts parameter): always defer defer+madvise madvise [never]

Process Memory:
Virtual Size: 5889224K (peak: 7042248K)
Resident Set Size: 1394680K (peak: 1395004K) (anon: 1371616K, file: 23064K, shmem: 0K)
Swapped out: 0K
C-Heap outstanding allocations: 95498K, retained: 37801K
glibc malloc tunables: (default)

/proc/sys/kernel/threads-max (system-wide limit on the number of threads): 1129
/proc/sys/vm/max_map_count (maximum number of memory map areas a process may have): 65530
/proc/sys/vm/swappiness (control to define how aggressively the kernel swaps out anonymous memory): 60
/proc/sys/kernel/pid_max (system-wide limit on number of process identifiers): 32768

container (cgroup) information:
container_type: cgroupv1
cpu_cpuset_cpus: 0-1
cpu_memory_nodes: 0
active_processor_count: 2
cpu_quota: no quota
cpu_period: 100000
cpu_shares: 12288
memory_limit_in_bytes: 2097152 k
memory_and_swap_limit_in_bytes: unlimited
memory_soft_limit_in_bytes: unlimited
memory_usage_in_bytes: 2058204 k
memory_max_usage_in_bytes: 2063796 k
kernel_memory_limit_in_bytes: unlimited
kernel_memory_usage_in_bytes: 30144 k
kernel_memory_max_usage_in_bytes: 45328 k
maximum number of tasks: unlimited
current number of tasks: 97

KVM virtualization detected
Steal ticks since vm start: 9248
Steal ticks percentage since vm start:  0.321

CPU: total 2 (initial active 2) (2 cores per cpu, 1 threads per core) family 6 model 85 stepping 7 microcode 0x1, cx8, cmov, fxsr, mmx, 3dnowpref, sse, sse2, sse3, ssse3, sse4.1, sse4.2, popcnt, lzcnt, tsc, tscinvbit, avx, avx2, aes, erms, clmul, bmi1, bmi2, adx, avx512f, avx512dq, avx512cd, avx512bw, avx512vl, fma, vzeroupper, avx512_vnni, clflush, clflushopt, clwb, hv
CPU Model and flags from /proc/cpuinfo:
model name	: Intel(R) Xeon(R) Processor @ 2.50GHz
flags		: fpu vme de pse tsc msr pae mce cx8 apic sep mtrr pge mca cmov pat pse36 clflush mmx fxsr sse sse2 ss ht syscall nx pdpe1gb rdtscp lm constant_tsc rep_good nopl xtopology nonstop_tsc cpuid tsc_known_freq pni pclmulqdq ssse3 fma cx16 pcid sse4_1 sse4_2 x2apic movbe popcnt tsc_deadline_timer aes xsave avx f16c rdrand hypervisor lahf_lm abm 3dnowprefetch cpuid_fault invpcid_single ssbd ibrs ibpb stibp ibrs_enhanced fsgsbase tsc_adjust bmi1 avx2 smep bmi2 erms invpcid mpx avx512f avx512dq rdseed adx smap clflushopt clwb avx512cd avx512bw avx512vl xsaveopt xsavec xgetbv1 xsaves umip avx512_vnni md_clear arch_capabilities

Online cpus: 0-1
Offline cpus: 
BIOS frequency limitation: <Not Available>
Frequency switch latency (ns): <Not Available>
Available cpu frequencies: <Not Available>
Current governor: <Not Available>
Core performance/turbo boost: <Not Available>

Memory: 4k page, physical 2097152k(38948k free), swap 0k(0k free)
Page Sizes: 4k

vm_info: OpenJDK 64-Bit Server VM (17.0.16+8-Debian-1deb12u1) for linux-amd64 JRE (17.0.16+8-Debian-1deb12u1), built on Aug 11 2025 10:28:33 by "buildd" with gcc 12.2.0

END.
