#
# There is insufficient memory for the Java Runtime Environment to continue.
# Native memory allocation (mmap) failed to map 1251999744 bytes. Error detail: committing reserved memory.
# Possible reasons:
#   The system is out of physical RAM or swap space
#   This process is running with CompressedOops enabled, and the Java Heap may be blocking the growth of the native heap
# Possible solutions:
#   Reduce memory load on the system
#   Increase physical memory or swap space
#   Check if swap backing store is full
#   Decrease Java heap size (-Xmx/-Xms)
#   Decrease number of Java threads
#   Decrease Java thread stack sizes (-Xss)
#   Set larger code cache with -XX:ReservedCodeCacheSize=
#   JVM is running with Zero Based Compressed Oops mode in which the Java heap is
#     placed in the first 32GB address space. The Java Heap base address is the
#     maximum limit for the native heap growth. Please use -XX:HeapBaseMinAddress
#     to set the Java Heap base and to place the Java Heap above 32GB virtual address.
# This output file may be truncated or incomplete.
#
#  Out of Memory Error (os_linux.cpp:2832), pid=1488, tid=1498
#
# JRE version: OpenJDK Runtime Environment (17.0.16+8) (build 17.0.16+8-Debian-1deb12u1)
# Java VM: OpenJDK 64-Bit Server VM (17.0.16+8-Debian-1deb12u1, mixed mode, sharing, tiered, compressed oops, compressed class ptrs, g1 gc, linux-amd64)
# No core dump will be written. Core dumps have been disabled. To enable core dumping, try "ulimit -c unlimited" before starting Java again
#

---------------  S U M M A R Y ------------

Command Line: --add-opens=java.base/java.util=ALL-UNNAMED --add-opens=java.base/java.lang=ALL-UNNAMED --add-opens=java.base/java.lang.invoke=ALL-UNNAMED --add-opens=java.prefs/java.util.prefs=ALL-UNNAMED --add-opens=java.base/java.nio.charset=ALL-UNNAMED --add-opens=java.base/java.net=ALL-UNNAMED --add-opens=java.base/java.util.concurrent.atomic=ALL-UNNAMED -Xmx4G -Dfile.encoding=UTF-8 -Duser.country -Duser.language=en -Duser.variant -javaagent:/root/.gradle/wrapper/dists/gradle-8.2-bin/bbg7u40eoinfdyxsxr3z4i7ta/gradle-8.2/lib/agents/gradle-instrumentation-agent-8.2.jar org.gradle.launcher.daemon.bootstrap.GradleDaemon 8.2

Host: Intel(R) Xeon(R) Processor @ 2.50GHz, 2 cores, 2G, Debian GNU/Linux 12 (bookworm)
Time: Wed Aug 19 11:54:32 2026 UTC elapsed time: 31.170197 seconds (0d 0h 0m 31s)

---------------  T H R E A D  ---------------

Current thread (0x00007f39940e2140):  VMThread "VM Thread" [stack: 0x00007f3974725000,0x00007f3974825000] [id=1498]

Stack: [0x00007f3974725000,0x00007f3974825000],  sp=0x00007f3974822d70,  free space=1015k
Native frames: (J=compiled Java code, j=interpreted, Vv=VM code, C=native code)
V  [libjvm.so+0xf21441]  VMError::report_and_die(int, char const*, char const*, __va_list_tag*, Thread*, unsigned char*, void*, void*, char const*, int, unsigned long)+0x171
V  [libjvm.so+0xf21fad]  VMError::report_and_die(Thread*, char const*, int, unsigned long, VMErrorType, char const*, __va_list_tag*)+0x2d
V  [libjvm.so+0x602fcc]  report_vm_out_of_memory(char const*, int, unsigned long, VMErrorType, char const*, ...)+0xdc
V  [libjvm.so+0xc29a4b]  os::pd_commit_memory_or_exit(char*, unsigned long, unsigned long, bool, char const*)+0xeb
V  [libjvm.so+0xc2395b]  os::commit_memory_or_exit(char*, unsigned long, unsigned long, bool, char const*)+0x1b
V  [libjvm.so+0x732af6]  G1PageBasedVirtualSpace::commit(unsigned long, unsigned long)+0x66
V  [libjvm.so+0x746a70]  G1RegionsLargerThanCommitSizeMapper::commit_regions(unsigned int, unsigned long, WorkGang*)+0x110
V  [libjvm.so+0x7da028]  HeapRegionManager::commit_regions(unsigned int, unsigned long, WorkGang*)+0x88
V  [libjvm.so+0x7dbe6b]  HeapRegionManager::expand(unsigned int, unsigned int, WorkGang*)+0x2b
V  [libjvm.so+0x7dc087]  HeapRegionManager::expand_by(unsigned int, WorkGang*)+0x77
V  [libjvm.so+0x6eb548]  G1CollectedHeap::expand(unsigned long, WorkGang*, double*)+0xe8
V  [libjvm.so+0x6ef189]  G1CollectedHeap::do_collection_pause_at_safepoint_helper(double)+0x8a9
V  [libjvm.so+0x6ef1ef]  G1CollectedHeap::do_collection_pause_at_safepoint(double)+0x2f
V  [libjvm.so+0x76b0d7]  VM_G1CollectForAllocation::doit()+0x47
V  [libjvm.so+0xf26945]  VM_Operation::evaluate()+0xe5
V  [libjvm.so+0xf28235]  VMThread::evaluate_operation(VM_Operation*)+0x105
V  [libjvm.so+0xf287af]  VMThread::inner_execute(VM_Operation*)+0x28f
V  [libjvm.so+0xf289bf]  VMThread::run()+0xbf
V  [libjvm.so+0xea3585]  Thread::call_run()+0xa5
V  [libjvm.so+0xc2c1f3]  thread_native_entry(Thread*)+0xe3

VM_Operation (0x00007f3964df4290): G1CollectForAllocation, mode: safepoint, requested by thread 0x00007f390c00cef0


---------------  P R O C E S S  ---------------

Threads class SMR info:
_java_thread_list=0x00007f38f8006600, length=42, elements={
0x00007f399401a760, 0x00007f39940e6200, 0x00007f39940e75e0, 0x00007f39940ee2c0,
0x00007f39940ef670, 0x00007f39940f0a80, 0x00007f39940f2430, 0x00007f39940f3960,
0x00007f39940f4dd0, 0x00007f39940fffd0, 0x00007f3994200030, 0x00007f39951efeb0,
0x00007f39951fa600, 0x00007f39952950e0, 0x00007f3904016e10, 0x00007f390c0052e0,
0x00007f390c007250, 0x00007f390c00cef0, 0x00007f3958004100, 0x00007f395800a770,
0x00007f395800d9a0, 0x00007f3958196460, 0x00007f39581a0a40, 0x00007f39582f9f70,
0x00007f39586ba930, 0x00007f39586ca0f0, 0x00007f39586da8a0, 0x00007f39587250e0,
0x00007f3958733f60, 0x00007f395879c2e0, 0x00007f3958a11d70, 0x00007f3958c59f00,
0x00007f3958d20810, 0x00007f3958dff970, 0x00007f3958e8b040, 0x00007f3958c17890,
0x00007f396c00b5d0, 0x00007f3968009e00, 0x00007f396808ae60, 0x00007f3958c1c0a0,
0x00007f3958826610, 0x00007f395920bc40
}

Java Threads: ( => current thread )
  0x00007f399401a760 JavaThread "main" [_thread_blocked, id=1490, stack(0x00007f399989d000,0x00007f399999d000)]
  0x00007f39940e6200 JavaThread "Reference Handler" daemon [_thread_blocked, id=1499, stack(0x00007f3974624000,0x00007f3974724000)]
  0x00007f39940e75e0 JavaThread "Finalizer" daemon [_thread_blocked, id=1500, stack(0x00007f3974523000,0x00007f3974623000)]
  0x00007f39940ee2c0 JavaThread "Signal Dispatcher" daemon [_thread_blocked, id=1501, stack(0x00007f39743cb000,0x00007f39744cb000)]
  0x00007f39940ef670 JavaThread "Service Thread" daemon [_thread_blocked, id=1502, stack(0x00007f39742ca000,0x00007f39743ca000)]
  0x00007f39940f0a80 JavaThread "Monitor Deflation Thread" daemon [_thread_blocked, id=1503, stack(0x00007f39741c9000,0x00007f39742c9000)]
  0x00007f39940f2430 JavaThread "C2 CompilerThread0" daemon [_thread_blocked, id=1504, stack(0x00007f39740c8000,0x00007f39741c8000)]
  0x00007f39940f3960 JavaThread "C1 CompilerThread0" daemon [_thread_blocked, id=1505, stack(0x00007f3965f00000,0x00007f3966000000)]
  0x00007f39940f4dd0 JavaThread "Sweeper thread" daemon [_thread_blocked, id=1506, stack(0x00007f3965dff000,0x00007f3965eff000)]
  0x00007f39940fffd0 JavaThread "Common-Cleaner" daemon [_thread_blocked, id=1507, stack(0x00007f3965cfe000,0x00007f3965dfe000)]
  0x00007f3994200030 JavaThread "Notification Thread" daemon [_thread_blocked, id=1508, stack(0x00007f3965bfd000,0x00007f3965cfd000)]
  0x00007f39951efeb0 JavaThread "Daemon health stats" [_thread_blocked, id=1514, stack(0x00007f39658fa000,0x00007f39659fa000)]
  0x00007f39951fa600 JavaThread "Incoming local TCP Connector on port 45177" [_thread_in_native, id=1516, stack(0x00007f3965500000,0x00007f3965600000)]
  0x00007f39952950e0 JavaThread "Daemon periodic checks" [_thread_blocked, id=1517, stack(0x00007f3965100000,0x00007f3965200000)]
  0x00007f3904016e10 JavaThread "Daemon" [_thread_blocked, id=1518, stack(0x00007f3964fff000,0x00007f39650ff000)]
  0x00007f390c0052e0 JavaThread "Handler for socket connection from /127.0.0.1:45177 to /127.0.0.1:48886" [_thread_in_native, id=1519, stack(0x00007f3964efe000,0x00007f3964ffe000)]
  0x00007f390c007250 JavaThread "Cancel handler" [_thread_blocked, id=1520, stack(0x00007f3964dfd000,0x00007f3964efd000)]
  0x00007f390c00cef0 JavaThread "Daemon worker" [_thread_blocked, id=1521, stack(0x00007f3964cfc000,0x00007f3964dfc000)]
  0x00007f3958004100 JavaThread "Asynchronous log dispatcher for DefaultDaemonConnection: socket connection from /127.0.0.1:45177 to /127.0.0.1:48886" [_thread_blocked, id=1524, stack(0x00007f3964bfb000,0x00007f3964cfb000)]
  0x00007f395800a770 JavaThread "Stdin handler" [_thread_blocked, id=1525, stack(0x00007f3964afa000,0x00007f3964bfa000)]
  0x00007f395800d9a0 JavaThread "Daemon client event forwarder" [_thread_blocked, id=1526, stack(0x00007f39649f9000,0x00007f3964af9000)]
  0x00007f3958196460 JavaThread "Cache worker for journal cache (/root/.gradle/caches/journal-1)" [_thread_blocked, id=1528, stack(0x00007f39648f8000,0x00007f39649f8000)]
  0x00007f39581a0a40 JavaThread "File lock request listener" [_thread_in_native, id=1530, stack(0x00007f39647f7000,0x00007f39648f7000)]
  0x00007f39582f9f70 JavaThread "Cache worker for file hash cache (/root/.gradle/caches/8.2/fileHashes)" [_thread_blocked, id=1531, stack(0x00007f39646f6000,0x00007f39647f6000)]
  0x00007f39586ba930 JavaThread "Cache worker for checksums cache (/workspace/.gradle/8.2/checksums)" [_thread_blocked, id=1534, stack(0x00007f39645f5000,0x00007f39646f5000)]
  0x00007f39586ca0f0 JavaThread "Cache worker for cache directory md-rule (/root/.gradle/caches/8.2/md-rule)" [_thread_blocked, id=1536, stack(0x00007f39644f4000,0x00007f39645f4000)]
  0x00007f39586da8a0 JavaThread "Cache worker for file content cache (/root/.gradle/caches/8.2/fileContent)" [_thread_blocked, id=1537, stack(0x00007f39643f3000,0x00007f39644f3000)]
  0x00007f39587250e0 JavaThread "Cache worker for file hash cache (/workspace/.gradle/8.2/fileHashes)" [_thread_blocked, id=1538, stack(0x00007f39642f2000,0x00007f39643f2000)]
  0x00007f3958733f60 JavaThread "Cache worker for cache directory md-supplier (/root/.gradle/caches/8.2/md-supplier)" [_thread_blocked, id=1539, stack(0x00007f39641f1000,0x00007f39642f1000)]
  0x00007f395879c2e0 JavaThread "Cache worker for execution history cache (/root/.gradle/caches/8.2/executionHistory)" [_thread_blocked, id=1541, stack(0x00007f39640f0000,0x00007f39641f0000)]
  0x00007f3958a11d70 JavaThread "jar transforms" [_thread_blocked, id=1545, stack(0x00007f3916f00000,0x00007f3917000000)]
  0x00007f3958c59f00 JavaThread "jar transforms Thread 2" [_thread_blocked, id=1547, stack(0x00007f3916dff000,0x00007f3916eff000)]
  0x00007f3958d20810 JavaThread "Cache worker for dependencies-accessors (/workspace/.gradle/8.2/dependencies-accessors)" [_thread_blocked, id=1548, stack(0x00007f3916cfe000,0x00007f3916dfe000)]
  0x00007f3958dff970 JavaThread "Cache worker for Build Output Cleanup Cache (/workspace/buildSrc/.gradle/buildOutputCleanup)" [_thread_blocked, id=1550, stack(0x00007f3916bfd000,0x00007f3916cfd000)]
  0x00007f3958e8b040 JavaThread "Memory manager" [_thread_blocked, id=1553, stack(0x00007f3916afc000,0x00007f3916bfc000)]
  0x00007f3958c17890 JavaThread "included builds" [_thread_blocked, id=1557, stack(0x00007f39169fb000,0x00007f3916afb000)]
  0x00007f396c00b5d0 JavaThread "Execution worker" [_thread_blocked, id=1558, stack(0x00007f39168fa000,0x00007f39169fa000)]
  0x00007f3968009e00 JavaThread "Cache worker for execution history cache (/workspace/buildSrc/.gradle/8.2/executionHistory)" [_thread_blocked, id=1560, stack(0x00007f39167f9000,0x00007f39168f9000)]
  0x00007f396808ae60 JavaThread "Unconstrained build operations" [_thread_blocked, id=1562, stack(0x00007f39166f8000,0x00007f39167f8000)]
  0x00007f3958c1c0a0 JavaThread "Unconstrained build operations Thread 2" [_thread_blocked, id=1564, stack(0x00007f39165f7000,0x00007f39166f7000)]
  0x00007f3958826610 JavaThread "Cache worker for Build Output Cleanup Cache (/workspace/.gradle/buildOutputCleanup)" [_thread_blocked, id=1565, stack(0x00007f39164f6000,0x00007f39165f6000)]
  0x00007f395920bc40 JavaThread "process reaper" daemon [_thread_blocked, id=1569, stack(0x00007f3974098000,0x00007f39740ba000)]

Other Threads:
=>0x00007f39940e2140 VMThread "VM Thread" [stack: 0x00007f3974725000,0x00007f3974825000] [id=1498]
  0x00007f399401cad0 WatcherThread [stack: 0x00007f3965afc000,0x00007f3965bfc000] [id=1509]
  0x00007f3994086000 GCTaskThread "GC Thread#0" [stack: 0x00007f3998332000,0x00007f3998432000] [id=1493]
  0x00007f39100047b0 GCTaskThread "GC Thread#1" [stack: 0x00007f39659fb000,0x00007f3965afb000] [id=1510]
  0x00007f39940975e0 ConcurrentGCThread "G1 Main Marker" [stack: 0x00007f3998231000,0x00007f3998331000] [id=1494]
  0x00007f3994098550 ConcurrentGCThread "G1 Conc#0" [stack: 0x00007f3998130000,0x00007f3998230000] [id=1495]
  0x00007f39940b4780 ConcurrentGCThread "G1 Refine#0" [stack: 0x00007f3974b4c000,0x00007f3974c4c000] [id=1496]
  0x00007f39940b5680 ConcurrentGCThread "G1 Service" [stack: 0x00007f3974a4b000,0x00007f3974b4b000] [id=1497]

Threads with active compile tasks:
C2 CompilerThread0    31178 7881       4       kotlin.text.Regex::replace (163 bytes)

VM state: at safepoint (normal execution)

VM Mutex/Monitor currently owned by a thread:  ([mutex/lock_event])
[0x00007f3994017550] Threads_lock - owner thread: 0x00007f39940e2140
[0x00007f3994017d00] Heap_lock - owner thread: 0x00007f390c00cef0

Heap address: 0x0000000700000000, size: 4096 MB, Compressed Oops mode: Zero based, Oop shift amount: 3

CDS archive(s) mapped at: [0x00007f3917000000-0x00007f3917bca000-0x00007f3917bca000), size 12361728, SharedBaseAddress: 0x00007f3917000000, ArchiveRelocationMode: 1.
Compressed class space mapped at: 0x00007f3918000000-0x00007f3958000000, reserved size: 1073741824
Narrow klass base: 0x00007f3917000000, Narrow klass shift: 0, Narrow klass range: 0x100000000

GC Precious Log:
 CPUs: 2 total, 2 available
 Memory: 2048M
 Large Page Support: Disabled
 NUMA Support: Disabled
 Compressed Oops: Enabled (Zero based)
 Heap Region Size: 2M
 Heap Min Capacity: 8M
 Heap Initial Capacity: 32M
 Heap Max Capacity: 4G
 Pre-touch: Disabled
 Parallel Workers: 2
 Concurrent Workers: 1
 Concurrent Refinement Workers: 2
 Periodic GC: Disabled

Heap:
 garbage-first heap   total 1079296K, used 444340K [0x0000000700000000, 0x0000000800000000)
  region size 2048K, 3 young (6144K), 3 survivors (6144K)
 Metaspace       used 59760K, committed 60352K, reserved 1114112K
  class space    used 8265K, committed 8576K, reserved 1048576K

Heap Regions: E=young(eden), S=young(survivor), O=old, HS=humongous(starts), HC=humongous(continues), CS=collection set, F=free, OA=open archive, CA=closed archive, TAMS=top-at-mark-start (previous, next)
|   0|0x0000000700000000, 0x0000000700200000, 0x0000000700200000|100%|HS|  |TAMS 0x0000000700200000, 0x0000000700000000| Complete 
|   1|0x0000000700200000, 0x0000000700400000, 0x0000000700400000|100%|HC|  |TAMS 0x0000000700400000, 0x0000000700200000| Complete 
|   2|0x0000000700400000, 0x0000000700600000, 0x0000000700600000|100%| O|  |TAMS 0x0000000700600000, 0x0000000700400000| Untracked 
|   3|0x0000000700600000, 0x0000000700800000, 0x0000000700800000|100%| O|  |TAMS 0x0000000700800000, 0x0000000700600000| Untracked 
|   4|0x0000000700800000, 0x0000000700a00000, 0x0000000700a00000|100%| O|  |TAMS 0x0000000700a00000, 0x0000000700800000| Untracked 
|   5|0x0000000700a00000, 0x0000000700c00000, 0x0000000700c00000|100%| O|  |TAMS 0x0000000700c00000, 0x0000000700a00000| Untracked 
|   6|0x0000000700c00000, 0x0000000700e00000, 0x0000000700e00000|100%| O|  |TAMS 0x0000000700e00000, 0x0000000700c00000| Untracked 
|   7|0x0000000700e00000, 0x0000000701000000, 0x0000000701000000|100%| O|  |TAMS 0x0000000701000000, 0x0000000700e00000| Untracked 
|   8|0x0000000701000000, 0x0000000701200000, 0x0000000701200000|100%| O|  |TAMS 0x0000000701200000, 0x0000000701000000| Untracked 
|   9|0x0000000701200000, 0x0000000701400000, 0x0000000701400000|100%| O|  |TAMS 0x0000000701400000, 0x0000000701200000| Untracked 
|  10|0x0000000701400000, 0x0000000701600000, 0x0000000701600000|100%| O|  |TAMS 0x0000000701600000, 0x0000000701400000| Untracked 
|  11|0x0000000701600000, 0x0000000701800000, 0x0000000701800000|100%| O|  |TAMS 0x0000000701800000, 0x0000000701600000| Untracked 
|  12|0x0000000701800000, 0x0000000701a00000, 0x0000000701a00000|100%| O|  |TAMS 0x0000000701a00000, 0x0000000701800000| Untracked 
|  13|0x0000000701a00000, 0x0000000701c00000, 0x0000000701c00000|100%| O|  |TAMS 0x0000000701c00000, 0x0000000701a00000| Untracked 
|  14|0x0000000701c00000, 0x0000000701e00000, 0x0000000701e00000|100%| O|  |TAMS 0x0000000701e00000, 0x0000000701c00000| Untracked 
|  15|0x0000000701e00000, 0x0000000702000000, 0x0000000702000000|100%| O|  |TAMS 0x0000000702000000, 0x0000000701e00000| Untracked 
|  16|0x0000000702000000, 0x0000000702200000, 0x0000000702200000|100%| O|  |TAMS 0x0000000702200000, 0x0000000702000000| Untracked 
|  17|0x0000000702200000, 0x0000000702400000, 0x0000000702400000|100%| O|  |TAMS 0x0000000702400000, 0x0000000702200000| Untracked 
|  18|0x0000000702400000, 0x0000000702600000, 0x0000000702600000|100%| O|  |TAMS 0x0000000702600000, 0x0000000702400000| Untracked 
|  19|0x0000000702600000, 0x0000000702800000, 0x0000000702800000|100%| O|  |TAMS 0x0000000702800000, 0x0000000702600000| Untracked 
|  20|0x0000000702800000, 0x0000000702a00000, 0x0000000702a00000|100%| O|  |TAMS 0x0000000702a00000, 0x0000000702800000| Untracked 
|  21|0x0000000702a00000, 0x0000000702c00000, 0x0000000702c00000|100%| O|  |TAMS 0x0000000702c00000, 0x0000000702a00000| Untracked 
|  22|0x0000000702c00000, 0x0000000702e00000, 0x0000000702e00000|100%| O|  |TAMS 0x0000000702e00000, 0x0000000702c00000| Untracked 
|  23|0x0000000702e00000, 0x0000000703000000, 0x0000000703000000|100%| O|  |TAMS 0x0000000703000000, 0x0000000702e00000| Untracked 
|  24|0x0000000703000000, 0x0000000703200000, 0x0000000703200000|100%| O|  |TAMS 0x0000000703200000, 0x0000000703000000| Untracked 
|  25|0x0000000703200000, 0x0000000703400000, 0x0000000703400000|100%| O|  |TAMS 0x0000000703400000, 0x0000000703200000| Untracked 
|  26|0x0000000703400000, 0x0000000703600000, 0x0000000703600000|100%| O|  |TAMS 0x0000000703600000, 0x0000000703400000| Untracked 
|  27|0x0000000703600000, 0x0000000703800000, 0x0000000703800000|100%| O|  |TAMS 0x0000000703800000, 0x0000000703600000| Untracked 
|  28|0x0000000703800000, 0x0000000703a00000, 0x0000000703a00000|100%| O|  |TAMS 0x0000000703a00000, 0x0000000703800000| Untracked 
|  29|0x0000000703a00000, 0x0000000703c00000, 0x0000000703c00000|100%| O|  |TAMS 0x0000000703c00000, 0x0000000703a00000| Untracked 
|  30|0x0000000703c00000, 0x0000000703e00000, 0x0000000703e00000|100%| O|  |TAMS 0x0000000703e00000, 0x0000000703c00000| Untracked 
|  31|0x0000000703e00000, 0x0000000704000000, 0x0000000704000000|100%| O|  |TAMS 0x0000000704000000, 0x0000000703e00000| Untracked 
|  32|0x0000000704000000, 0x0000000704200000, 0x0000000704200000|100%| O|  |TAMS 0x0000000704200000, 0x0000000704000000| Untracked 
|  33|0x0000000704200000, 0x0000000704400000, 0x0000000704400000|100%| O|  |TAMS 0x0000000704400000, 0x0000000704200000| Untracked 
|  34|0x0000000704400000, 0x0000000704600000, 0x0000000704600000|100%| O|  |TAMS 0x0000000704600000, 0x0000000704400000| Untracked 
|  35|0x0000000704600000, 0x0000000704800000, 0x0000000704800000|100%| O|  |TAMS 0x0000000704800000, 0x0000000704600000| Untracked 
|  36|0x0000000704800000, 0x0000000704a00000, 0x0000000704a00000|100%| O|  |TAMS 0x0000000704a00000, 0x0000000704800000| Untracked 
|  37|0x0000000704a00000, 0x0000000704c00000, 0x0000000704c00000|100%| O|  |TAMS 0x0000000704c00000, 0x0000000704a00000| Untracked 
|  38|0x0000000704c00000, 0x0000000704e00000, 0x0000000704e00000|100%| O|  |TAMS 0x0000000704e00000, 0x0000000704c00000| Untracked 
|  39|0x0000000704e00000, 0x0000000705000000, 0x0000000705000000|100%| O|  |TAMS 0x0000000705000000, 0x0000000704e00000| Untracked 
|  40|0x0000000705000000, 0x0000000705200000, 0x0000000705200000|100%| O|  |TAMS 0x0000000705200000, 0x0000000705000000| Untracked 
|  41|0x0000000705200000, 0x0000000705400000, 0x0000000705400000|100%| O|  |TAMS 0x0000000705400000, 0x0000000705200000| Untracked 
|  42|0x0000000705400000, 0x0000000705600000, 0x0000000705600000|100%| O|  |TAMS 0x0000000705400000, 0x0000000705400000| Untracked 
|  43|0x0000000705600000, 0x0000000705800000, 0x0000000705800000|100%| O|  |TAMS 0x0000000705800000, 0x0000000705600000| Untracked 
|  44|0x0000000705800000, 0x0000000705a00000, 0x0000000705a00000|100%| O|  |TAMS 0x0000000705a00000, 0x0000000705800000| Untracked 
|  45|0x0000000705a00000, 0x0000000705c00000, 0x0000000705c00000|100%| O|  |TAMS 0x0000000705c00000, 0x0000000705a00000| Untracked 
|  46|0x0000000705c00000, 0x0000000705e00000, 0x0000000705e00000|100%| O|  |TAMS 0x0000000705e00000, 0x0000000705c00000| Untracked 
|  47|0x0000000705e00000, 0x0000000706000000, 0x0000000706000000|100%| O|  |TAMS 0x0000000706000000, 0x0000000705e00000| Untracked 
|  48|0x0000000706000000, 0x0000000706200000, 0x0000000706200000|100%| O|  |TAMS 0x0000000706200000, 0x0000000706000000| Untracked 
|  49|0x0000000706200000, 0x0000000706400000, 0x0000000706400000|100%| O|  |TAMS 0x0000000706400000, 0x0000000706200000| Untracked 
|  50|0x0000000706400000, 0x0000000706600000, 0x0000000706600000|100%| O|  |TAMS 0x0000000706600000, 0x0000000706400000| Untracked 
|  51|0x0000000706600000, 0x0000000706800000, 0x0000000706800000|100%| O|  |TAMS 0x0000000706800000, 0x0000000706600000| Untracked 
|  52|0x0000000706800000, 0x0000000706a00000, 0x0000000706a00000|100%| O|  |TAMS 0x0000000706a00000, 0x0000000706800000| Untracked 
|  53|0x0000000706a00000, 0x0000000706c00000, 0x0000000706c00000|100%| O|  |TAMS 0x0000000706c00000, 0x0000000706a00000| Untracked 
|  54|0x0000000706c00000, 0x0000000706e00000, 0x0000000706e00000|100%| O|  |TAMS 0x0000000706e00000, 0x0000000706c00000| Untracked 
|  55|0x0000000706e00000, 0x0000000707000000, 0x0000000707000000|100%| O|  |TAMS 0x0000000707000000, 0x0000000706e00000| Untracked 
|  56|0x0000000707000000, 0x0000000707200000, 0x0000000707200000|100%| O|  |TAMS 0x0000000707200000, 0x0000000707000000| Untracked 
|  57|0x0000000707200000, 0x0000000707400000, 0x0000000707400000|100%| O|  |TAMS 0x0000000707400000, 0x0000000707200000| Untracked 
|  58|0x0000000707400000, 0x0000000707600000, 0x0000000707600000|100%| O|  |TAMS 0x0000000707600000, 0x0000000707400000| Untracked 
|  59|0x0000000707600000, 0x0000000707800000, 0x0000000707800000|100%| O|  |TAMS 0x0000000707800000, 0x0000000707600000| Untracked 
|  60|0x0000000707800000, 0x0000000707a00000, 0x0000000707a00000|100%| O|  |TAMS 0x0000000707a00000, 0x0000000707800000| Untracked 
|  61|0x0000000707a00000, 0x0000000707c00000, 0x0000000707c00000|100%| O|  |TAMS 0x0000000707c00000, 0x0000000707a00000| Untracked 
|  62|0x0000000707c00000, 0x0000000707e00000, 0x0000000707e00000|100%| O|  |TAMS 0x0000000707e00000, 0x0000000707c00000| Untracked 
|  63|0x0000000707e00000, 0x0000000708000000, 0x0000000708000000|100%| O|  |TAMS 0x0000000708000000, 0x0000000707e00000| Untracked 
|  64|0x0000000708000000, 0x0000000708200000, 0x0000000708200000|100%| O|  |TAMS 0x0000000708200000, 0x0000000708000000| Untracked 
|  65|0x0000000708200000, 0x0000000708400000, 0x0000000708400000|100%| O|  |TAMS 0x0000000708400000, 0x0000000708200000| Untracked 
|  66|0x0000000708400000, 0x0000000708600000, 0x0000000708600000|100%| O|  |TAMS 0x0000000708600000, 0x0000000708400000| Untracked 
|  67|0x0000000708600000, 0x0000000708800000, 0x0000000708800000|100%| O|  |TAMS 0x0000000708800000, 0x0000000708600000| Untracked 
|  68|0x0000000708800000, 0x0000000708a00000, 0x0000000708a00000|100%| O|  |TAMS 0x0000000708a00000, 0x0000000708800000| Untracked 
|  69|0x0000000708a00000, 0x0000000708c00000, 0x0000000708c00000|100%| O|  |TAMS 0x0000000708c00000, 0x0000000708a00000| Untracked 
|  70|0x0000000708c00000, 0x0000000708e00000, 0x0000000708e00000|100%| O|  |TAMS 0x0000000708e00000, 0x0000000708c00000| Untracked 
|  71|0x0000000708e00000, 0x0000000709000000, 0x0000000709000000|100%| O|  |TAMS 0x0000000709000000, 0x0000000708e00000| Untracked 
|  72|0x0000000709000000, 0x0000000709200000, 0x0000000709200000|100%| O|  |TAMS 0x0000000709200000, 0x0000000709000000| Untracked 
|  73|0x0000000709200000, 0x0000000709400000, 0x0000000709400000|100%| O|  |TAMS 0x0000000709400000, 0x0000000709200000| Untracked 
|  74|0x0000000709400000, 0x0000000709600000, 0x0000000709600000|100%| O|  |TAMS 0x0000000709600000, 0x0000000709400000| Untracked 
|  75|0x0000000709600000, 0x0000000709800000, 0x0000000709800000|100%| O|  |TAMS 0x0000000709800000, 0x0000000709600000| Untracked 
|  76|0x0000000709800000, 0x0000000709a00000, 0x0000000709a00000|100%| O|  |TAMS 0x0000000709a00000, 0x0000000709800000| Untracked 
|  77|0x0000000709a00000, 0x0000000709c00000, 0x0000000709c00000|100%| O|  |TAMS 0x0000000709c00000, 0x0000000709a00000| Untracked 
|  78|0x0000000709c00000, 0x0000000709e00000, 0x0000000709e00000|100%| O|  |TAMS 0x0000000709e00000, 0x0000000709c00000| Untracked 
|  79|0x0000000709e00000, 0x000000070a000000, 0x000000070a000000|100%| O|  |TAMS 0x0000000709e00000, 0x0000000709e00000| Untracked 
|  80|0x000000070a000000, 0x000000070a200000, 0x000000070a200000|100%| O|  |TAMS 0x000000070a000000, 0x000000070a000000| Untracked 
|  81|0x000000070a200000, 0x000000070a400000, 0x000000070a400000|100%| O|  |TAMS 0x000000070a200000, 0x000000070a200000| Untracked 
|  82|0x000000070a400000, 0x000000070a600000, 0x000000070a600000|100%| O|  |TAMS 0x000000070a400000, 0x000000070a400000| Untracked 
|  83|0x000000070a600000, 0x000000070a800000, 0x000000070a800000|100%| O|  |TAMS 0x000000070a600000, 0x000000070a600000| Untracked 
|  84|0x000000070a800000, 0x000000070aa00000, 0x000000070aa00000|100%| O|  |TAMS 0x000000070a800000, 0x000000070a800000| Untracked 
|  85|0x000000070aa00000, 0x000000070ac00000, 0x000000070ac00000|100%| O|  |TAMS 0x000000070aa00000, 0x000000070aa00000| Untracked 
|  86|0x000000070ac00000, 0x000000070ae00000, 0x000000070ae00000|100%| O|  |TAMS 0x000000070ac00000, 0x000000070ac00000| Untracked 
|  87|0x000000070ae00000, 0x000000070b000000, 0x000000070b000000|100%| O|  |TAMS 0x000000070ae00000, 0x000000070ae00000| Untracked 
|  88|0x000000070b000000, 0x000000070b200000, 0x000000070b200000|100%| O|  |TAMS 0x000000070b000000, 0x000000070b000000| Untracked 
|  89|0x000000070b200000, 0x000000070b400000, 0x000000070b400000|100%| O|  |TAMS 0x000000070b200000, 0x000000070b200000| Untracked 
|  90|0x000000070b400000, 0x000000070b600000, 0x000000070b600000|100%| O|  |TAMS 0x000000070b600000, 0x000000070b400000| Untracked 
|  91|0x000000070b600000, 0x000000070b800000, 0x000000070b800000|100%| O|  |TAMS 0x000000070b800000, 0x000000070b600000| Untracked 
|  92|0x000000070b800000, 0x000000070ba00000, 0x000000070ba00000|100%| O|  |TAMS 0x000000070ba00000, 0x000000070b800000| Untracked 
|  93|0x000000070ba00000, 0x000000070bc00000, 0x000000070bc00000|100%| O|  |TAMS 0x000000070bc00000, 0x000000070ba00000| Untracked 
|  94|0x000000070bc00000, 0x000000070be00000, 0x000000070be00000|100%| O|  |TAMS 0x000000070be00000, 0x000000070bc00000| Untracked 
|  95|0x000000070be00000, 0x000000070c000000, 0x000000070c000000|100%| O|  |TAMS 0x000000070c000000, 0x000000070be00000| Untracked 
|  96|0x000000070c000000, 0x000000070c200000, 0x000000070c200000|100%| O|  |TAMS 0x000000070c200000, 0x000000070c000000| Untracked 
|  97|0x000000070c200000, 0x000000070c400000, 0x000000070c400000|100%| O|  |TAMS 0x000000070c200000, 0x000000070c200000| Untracked 
|  98|0x000000070c400000, 0x000000070c600000, 0x000000070c600000|100%| O|  |TAMS 0x000000070c400000, 0x000000070c400000| Untracked 
|  99|0x000000070c600000, 0x000000070c800000, 0x000000070c800000|100%| O|  |TAMS 0x000000070c600000, 0x000000070c600000| Untracked 
| 100|0x000000070c800000, 0x000000070ca00000, 0x000000070ca00000|100%| O|  |TAMS 0x000000070c800000, 0x000000070c800000| Untracked 
| 101|0x000000070ca00000, 0x000000070cc00000, 0x000000070cc00000|100%| O|  |TAMS 0x000000070ca00000, 0x000000070ca00000| Untracked 
| 102|0x000000070cc00000, 0x000000070ce00000, 0x000000070ce00000|100%| O|  |TAMS 0x000000070ce00000, 0x000000070cc00000| Untracked 
| 103|0x000000070ce00000, 0x000000070d000000, 0x000000070d000000|100%| O|  |TAMS 0x000000070d000000, 0x000000070ce00000| Untracked 
| 104|0x000000070d000000, 0x000000070d200000, 0x000000070d200000|100%| O|  |TAMS 0x000000070d200000, 0x000000070d000000| Untracked 
| 105|0x000000070d200000, 0x000000070d400000, 0x000000070d400000|100%| O|  |TAMS 0x000000070d400000, 0x000000070d200000| Untracked 
| 106|0x000000070d400000, 0x000000070d600000, 0x000000070d600000|100%| O|  |TAMS 0x000000070d600000, 0x000000070d400000| Untracked 
| 107|0x000000070d600000, 0x000000070d800000, 0x000000070d800000|100%| O|  |TAMS 0x000000070d800000, 0x000000070d600000| Untracked 
| 108|0x000000070d800000, 0x000000070da00000, 0x000000070da00000|100%| O|  |TAMS 0x000000070da00000, 0x000000070d800000| Untracked 
| 109|0x000000070da00000, 0x000000070dc00000, 0x000000070dc00000|100%| O|  |TAMS 0x000000070dc00000, 0x000000070da00000| Untracked 
| 110|0x000000070dc00000, 0x000000070de00000, 0x000000070de00000|100%| O|  |TAMS 0x000000070de00000, 0x000000070dc00000| Untracked 
| 111|0x000000070de00000, 0x000000070e000000, 0x000000070e000000|100%| O|  |TAMS 0x000000070e000000, 0x000000070de00000| Untracked 
| 112|0x000000070e000000, 0x000000070e200000, 0x000000070e200000|100%| O|  |TAMS 0x000000070e200000, 0x000000070e000000| Untracked 
| 113|0x000000070e200000, 0x000000070e400000, 0x000000070e400000|100%| O|  |TAMS 0x000000070e400000, 0x000000070e200000| Untracked 
| 114|0x000000070e400000, 0x000000070e600000, 0x000000070e600000|100%| O|  |TAMS 0x000000070e600000, 0x000000070e400000| Untracked 
| 115|0x000000070e600000, 0x000000070e800000, 0x000000070e800000|100%| O|  |TAMS 0x000000070e800000, 0x000000070e600000| Untracked 
| 116|0x000000070e800000, 0x000000070ea00000, 0x000000070ea00000|100%| O|  |TAMS 0x000000070ea00000, 0x000000070e800000| Untracked 
| 117|0x000000070ea00000, 0x000000070ec00000, 0x000000070ec00000|100%| O|  |TAMS 0x000000070ec00000, 0x000000070ea00000| Untracked 
| 118|0x000000070ec00000, 0x000000070ee00000, 0x000000070ee00000|100%| O|  |TAMS 0x000000070ee00000, 0x000000070ec00000| Untracked 
| 119|0x000000070ee00000, 0x000000070f000000, 0x000000070f000000|100%| O|  |TAMS 0x000000070f000000, 0x000000070ee00000| Untracked 
| 120|0x000000070f000000, 0x000000070f200000, 0x000000070f200000|100%| O|  |TAMS 0x000000070f200000, 0x000000070f000000| Untracked 
| 121|0x000000070f200000, 0x000000070f400000, 0x000000070f400000|100%| O|  |TAMS 0x000000070f400000, 0x000000070f200000| Untracked 
| 122|0x000000070f400000, 0x000000070f600000, 0x000000070f600000|100%| O|  |TAMS 0x000000070f600000, 0x000000070f400000| Untracked 
| 123|0x000000070f600000, 0x000000070f800000, 0x000000070f800000|100%| O|  |TAMS 0x000000070f800000, 0x000000070f600000| Untracked 
| 124|0x000000070f800000, 0x000000070fa00000, 0x000000070fa00000|100%| O|  |TAMS 0x000000070fa00000, 0x000000070f800000| Untracked 
| 125|0x000000070fa00000, 0x000000070fc00000, 0x000000070fc00000|100%| O|  |TAMS 0x000000070fb00000, 0x000000070fa00000| Untracked 
| 126|0x000000070fc00000, 0x000000070fe00000, 0x000000070fe00000|100%| O|  |TAMS 0x000000070fc00000, 0x000000070fc00000| Untracked 
| 127|0x000000070fe00000, 0x0000000710000000, 0x0000000710000000|100%| O|  |TAMS 0x000000070fe00000, 0x000000070fe00000| Untracked 
| 128|0x0000000710000000, 0x0000000710200000, 0x0000000710200000|100%| O|  |TAMS 0x0000000710000000, 0x0000000710000000| Untracked 
| 129|0x0000000710200000, 0x0000000710400000, 0x0000000710400000|100%| O|  |TAMS 0x0000000710200000, 0x0000000710200000| Untracked 
| 130|0x0000000710400000, 0x0000000710600000, 0x0000000710600000|100%| O|  |TAMS 0x0000000710400000, 0x0000000710400000| Untracked 
| 131|0x0000000710600000, 0x0000000710800000, 0x0000000710800000|100%| O|  |TAMS 0x0000000710600000, 0x0000000710600000| Untracked 
| 132|0x0000000710800000, 0x0000000710a00000, 0x0000000710a00000|100%| O|  |TAMS 0x0000000710800000, 0x0000000710800000| Untracked 
| 133|0x0000000710a00000, 0x0000000710c00000, 0x0000000710c00000|100%| O|  |TAMS 0x0000000710a00000, 0x0000000710a00000| Untracked 
| 134|0x0000000710c00000, 0x0000000710e00000, 0x0000000710e00000|100%| O|  |TAMS 0x0000000710c00000, 0x0000000710c00000| Untracked 
| 135|0x0000000710e00000, 0x0000000711000000, 0x0000000711000000|100%| O|  |TAMS 0x0000000710e00000, 0x0000000710e00000| Untracked 
| 136|0x0000000711000000, 0x0000000711200000, 0x0000000711200000|100%| O|  |TAMS 0x0000000711000000, 0x0000000711000000| Untracked 
| 137|0x0000000711200000, 0x0000000711400000, 0x0000000711400000|100%| O|  |TAMS 0x0000000711200000, 0x0000000711200000| Untracked 
| 138|0x0000000711400000, 0x0000000711600000, 0x0000000711600000|100%| O|  |TAMS 0x0000000711400000, 0x0000000711400000| Untracked 
| 139|0x0000000711600000, 0x0000000711800000, 0x0000000711800000|100%| O|  |TAMS 0x0000000711600000, 0x0000000711600000| Untracked 
| 140|0x0000000711800000, 0x0000000711a00000, 0x0000000711a00000|100%| O|  |TAMS 0x0000000711800000, 0x0000000711800000| Untracked 
| 141|0x0000000711a00000, 0x0000000711c00000, 0x0000000711c00000|100%| O|  |TAMS 0x0000000711a00000, 0x0000000711a00000| Untracked 
| 142|0x0000000711c00000, 0x0000000711e00000, 0x0000000711e00000|100%| O|  |TAMS 0x0000000711c00000, 0x0000000711c00000| Untracked 
| 143|0x0000000711e00000, 0x0000000712000000, 0x0000000712000000|100%| O|  |TAMS 0x0000000711e00000, 0x0000000711e00000| Untracked 
| 144|0x0000000712000000, 0x0000000712200000, 0x0000000712200000|100%| O|  |TAMS 0x0000000712000000, 0x0000000712000000| Untracked 
| 145|0x0000000712200000, 0x0000000712400000, 0x0000000712400000|100%| O|  |TAMS 0x0000000712200000, 0x0000000712200000| Untracked 
| 146|0x0000000712400000, 0x0000000712600000, 0x0000000712600000|100%| O|  |TAMS 0x0000000712400000, 0x0000000712400000| Untracked 
| 147|0x0000000712600000, 0x0000000712800000, 0x0000000712800000|100%| O|  |TAMS 0x0000000712600000, 0x0000000712600000| Untracked 
| 148|0x0000000712800000, 0x0000000712a00000, 0x0000000712a00000|100%| O|  |TAMS 0x0000000712800000, 0x0000000712800000| Untracked 
| 149|0x0000000712a00000, 0x0000000712c00000, 0x0000000712c00000|100%| O|  |TAMS 0x0000000712a00000, 0x0000000712a00000| Untracked 
| 150|0x0000000712c00000, 0x0000000712e00000, 0x0000000712e00000|100%| O|  |TAMS 0x0000000712c00000, 0x0000000712c00000| Untracked 
| 151|0x0000000712e00000, 0x0000000713000000, 0x0000000713000000|100%| O|  |TAMS 0x0000000712e00000, 0x0000000712e00000| Untracked 
| 152|0x0000000713000000, 0x0000000713200000, 0x0000000713200000|100%| O|  |TAMS 0x0000000713000000, 0x0000000713000000| Untracked 
| 153|0x0000000713200000, 0x0000000713400000, 0x0000000713400000|100%| O|  |TAMS 0x0000000713200000, 0x0000000713200000| Untracked 
| 154|0x0000000713400000, 0x0000000713600000, 0x0000000713600000|100%| O|  |TAMS 0x0000000713400000, 0x0000000713400000| Untracked 
| 155|0x0000000713600000, 0x0000000713800000, 0x0000000713800000|100%| O|  |TAMS 0x0000000713600000, 0x0000000713600000| Untracked 
| 156|0x0000000713800000, 0x0000000713a00000, 0x0000000713a00000|100%| O|  |TAMS 0x0000000713800000, 0x0000000713800000| Untracked 
| 157|0x0000000713a00000, 0x0000000713c00000, 0x0000000713c00000|100%| O|  |TAMS 0x0000000713a00000, 0x0000000713a00000| Untracked 
| 158|0x0000000713c00000, 0x0000000713e00000, 0x0000000713e00000|100%| O|  |TAMS 0x0000000713c00000, 0x0000000713c00000| Untracked 
| 159|0x0000000713e00000, 0x0000000714000000, 0x0000000714000000|100%| O|  |TAMS 0x0000000713e00000, 0x0000000713e00000| Untracked 
| 160|0x0000000714000000, 0x0000000714200000, 0x0000000714200000|100%| O|  |TAMS 0x0000000714000000, 0x0000000714000000| Untracked 
| 161|0x0000000714200000, 0x0000000714400000, 0x0000000714400000|100%| O|  |TAMS 0x0000000714200000, 0x0000000714200000| Untracked 
| 162|0x0000000714400000, 0x0000000714600000, 0x0000000714600000|100%| O|  |TAMS 0x0000000714400000, 0x0000000714400000| Untracked 
| 163|0x0000000714600000, 0x0000000714800000, 0x0000000714800000|100%| O|  |TAMS 0x0000000714600000, 0x0000000714600000| Untracked 
| 164|0x0000000714800000, 0x0000000714a00000, 0x0000000714a00000|100%| O|  |TAMS 0x0000000714800000, 0x0000000714800000| Untracked 
| 165|0x0000000714a00000, 0x0000000714c00000, 0x0000000714c00000|100%| O|  |TAMS 0x0000000714a00000, 0x0000000714a00000| Untracked 
| 166|0x0000000714c00000, 0x0000000714e00000, 0x0000000714e00000|100%| O|  |TAMS 0x0000000714c00000, 0x0000000714c00000| Untracked 
| 167|0x0000000714e00000, 0x0000000715000000, 0x0000000715000000|100%| O|  |TAMS 0x0000000714e00000, 0x0000000714e00000| Untracked 
| 168|0x0000000715000000, 0x0000000715200000, 0x0000000715200000|100%| O|  |TAMS 0x0000000715000000, 0x0000000715000000| Untracked 
| 169|0x0000000715200000, 0x0000000715400000, 0x0000000715400000|100%| O|  |TAMS 0x0000000715200000, 0x0000000715200000| Untracked 
| 170|0x0000000715400000, 0x0000000715600000, 0x0000000715600000|100%| O|  |TAMS 0x0000000715400000, 0x0000000715400000| Untracked 
| 171|0x0000000715600000, 0x0000000715800000, 0x0000000715800000|100%| O|  |TAMS 0x0000000715600000, 0x0000000715600000| Untracked 
| 172|0x0000000715800000, 0x0000000715a00000, 0x0000000715a00000|100%| O|  |TAMS 0x0000000715800000, 0x0000000715800000| Untracked 
| 173|0x0000000715a00000, 0x0000000715c00000, 0x0000000715c00000|100%| O|  |TAMS 0x0000000715a00000, 0x0000000715a00000| Untracked 
| 174|0x0000000715c00000, 0x0000000715e00000, 0x0000000715e00000|100%| O|  |TAMS 0x0000000715c00000, 0x0000000715c00000| Untracked 
| 175|0x0000000715e00000, 0x0000000716000000, 0x0000000716000000|100%| O|  |TAMS 0x0000000715e00000, 0x0000000715e00000| Untracked 
| 176|0x0000000716000000, 0x0000000716200000, 0x0000000716200000|100%| O|  |TAMS 0x0000000716000000, 0x0000000716000000| Untracked 
| 177|0x0000000716200000, 0x0000000716400000, 0x0000000716400000|100%| O|  |TAMS 0x0000000716200000, 0x0000000716200000| Untracked 
| 178|0x0000000716400000, 0x0000000716600000, 0x0000000716600000|100%| O|  |TAMS 0x0000000716400000, 0x0000000716400000| Untracked 
| 179|0x0000000716600000, 0x0000000716800000, 0x0000000716800000|100%| O|  |TAMS 0x0000000716600000, 0x0000000716600000| Untracked 
| 180|0x0000000716800000, 0x0000000716a00000, 0x0000000716a00000|100%| O|  |TAMS 0x0000000716800000, 0x0000000716800000| Untracked 
| 181|0x0000000716a00000, 0x0000000716c00000, 0x0000000716c00000|100%| O|  |TAMS 0x0000000716a00000, 0x0000000716a00000| Untracked 
| 182|0x0000000716c00000, 0x0000000716e00000, 0x0000000716e00000|100%| O|  |TAMS 0x0000000716c00000, 0x0000000716c00000| Untracked 
| 183|0x0000000716e00000, 0x0000000717000000, 0x0000000717000000|100%| O|  |TAMS 0x0000000716e00000, 0x0000000716e00000| Untracked 
| 184|0x0000000717000000, 0x0000000717200000, 0x0000000717200000|100%| O|  |TAMS 0x0000000717000000, 0x0000000717000000| Untracked 
| 185|0x0000000717200000, 0x0000000717400000, 0x0000000717400000|100%| O|  |TAMS 0x0000000717200000, 0x0000000717200000| Untracked 
| 186|0x0000000717400000, 0x0000000717600000, 0x0000000717600000|100%| O|  |TAMS 0x0000000717400000, 0x0000000717400000| Untracked 
| 187|0x0000000717600000, 0x0000000717800000, 0x0000000717800000|100%| O|  |TAMS 0x0000000717600000, 0x0000000717600000| Untracked 
| 188|0x0000000717800000, 0x0000000717a00000, 0x0000000717a00000|100%| O|  |TAMS 0x0000000717800000, 0x0000000717800000| Untracked 
| 189|0x0000000717a00000, 0x0000000717c00000, 0x0000000717c00000|100%| O|  |TAMS 0x0000000717a00000, 0x0000000717a00000| Untracked 
| 190|0x0000000717c00000, 0x0000000717e00000, 0x0000000717e00000|100%| O|  |TAMS 0x0000000717c00000, 0x0000000717c00000| Untracked 
| 191|0x0000000717e00000, 0x0000000718000000, 0x0000000718000000|100%| O|  |TAMS 0x0000000717e00000, 0x0000000717e00000| Untracked 
| 192|0x0000000718000000, 0x0000000718200000, 0x0000000718200000|100%| O|  |TAMS 0x0000000718000000, 0x0000000718000000| Untracked 
| 193|0x0000000718200000, 0x0000000718400000, 0x0000000718400000|100%| O|  |TAMS 0x0000000718200000, 0x0000000718200000| Untracked 
| 194|0x0000000718400000, 0x0000000718600000, 0x0000000718600000|100%| O|  |TAMS 0x0000000718400000, 0x0000000718400000| Untracked 
| 195|0x0000000718600000, 0x0000000718800000, 0x0000000718800000|100%| O|  |TAMS 0x0000000718600000, 0x0000000718600000| Untracked 
| 196|0x0000000718800000, 0x0000000718a00000, 0x0000000718a00000|100%| O|  |TAMS 0x0000000718800000, 0x0000000718800000| Untracked 
| 197|0x0000000718a00000, 0x0000000718c00000, 0x0000000718c00000|100%| O|  |TAMS 0x0000000718a00000, 0x0000000718a00000| Untracked 
| 198|0x0000000718c00000, 0x0000000718e00000, 0x0000000718e00000|100%| O|  |TAMS 0x0000000718c00000, 0x0000000718c00000| Untracked 
| 199|0x0000000718e00000, 0x0000000719000000, 0x0000000719000000|100%| O|  |TAMS 0x0000000718e00000, 0x0000000718e00000| Untracked 
| 200|0x0000000719000000, 0x0000000719200000, 0x0000000719200000|100%| O|  |TAMS 0x0000000719000000, 0x0000000719000000| Untracked 
| 201|0x0000000719200000, 0x0000000719300000, 0x0000000719400000| 50%| O|  |TAMS 0x0000000719200000, 0x0000000719200000| Untracked 
| 202|0x0000000719400000, 0x0000000719400000, 0x0000000719600000|  0%| F|  |TAMS 0x0000000719400000, 0x0000000719400000| Untracked 
| 203|0x0000000719600000, 0x0000000719600000, 0x0000000719800000|  0%| F|  |TAMS 0x0000000719600000, 0x0000000719600000| Untracked 
| 204|0x0000000719800000, 0x0000000719800000, 0x0000000719a00000|  0%| F|  |TAMS 0x0000000719800000, 0x0000000719800000| Untracked 
| 205|0x0000000719a00000, 0x0000000719a00000, 0x0000000719c00000|  0%| F|  |TAMS 0x0000000719a00000, 0x0000000719a00000| Untracked 
| 206|0x0000000719c00000, 0x0000000719c00000, 0x0000000719e00000|  0%| F|  |TAMS 0x0000000719c00000, 0x0000000719c00000| Untracked 
| 207|0x0000000719e00000, 0x0000000719e00000, 0x000000071a000000|  0%| F|  |TAMS 0x0000000719e00000, 0x0000000719e00000| Untracked 
| 208|0x000000071a000000, 0x000000071a000000, 0x000000071a200000|  0%| F|  |TAMS 0x000000071a000000, 0x000000071a000000| Untracked 
| 209|0x000000071a200000, 0x000000071a200000, 0x000000071a400000|  0%| F|  |TAMS 0x000000071a200000, 0x000000071a200000| Untracked 
| 210|0x000000071a400000, 0x000000071a400000, 0x000000071a600000|  0%| F|  |TAMS 0x000000071a400000, 0x000000071a400000| Untracked 
| 211|0x000000071a600000, 0x000000071a600000, 0x000000071a800000|  0%| F|  |TAMS 0x000000071a600000, 0x000000071a600000| Untracked 
| 212|0x000000071a800000, 0x000000071a800000, 0x000000071aa00000|  0%| F|  |TAMS 0x000000071a800000, 0x000000071a800000| Untracked 
| 213|0x000000071aa00000, 0x000000071aa00000, 0x000000071ac00000|  0%| F|  |TAMS 0x000000071aa00000, 0x000000071aa00000| Untracked 
| 214|0x000000071ac00000, 0x000000071ac00000, 0x000000071ae00000|  0%| F|  |TAMS 0x000000071ac00000, 0x000000071ac00000| Untracked 
| 215|0x000000071ae00000, 0x000000071ae00000, 0x000000071b000000|  0%| F|  |TAMS 0x000000071ae00000, 0x000000071ae00000| Untracked 
| 216|0x000000071b000000, 0x000000071b000000, 0x000000071b200000|  0%| F|  |TAMS 0x000000071b000000, 0x000000071b000000| Untracked 
| 217|0x000000071b200000, 0x000000071b200000, 0x000000071b400000|  0%| F|  |TAMS 0x000000071b200000, 0x000000071b200000| Untracked 
| 218|0x000000071b400000, 0x000000071b400000, 0x000000071b600000|  0%| F|  |TAMS 0x000000071b400000, 0x000000071b400000| Untracked 
| 219|0x000000071b600000, 0x000000071b600000, 0x000000071b800000|  0%| F|  |TAMS 0x000000071b600000, 0x000000071b600000| Untracked 
| 220|0x000000071b800000, 0x000000071b800000, 0x000000071ba00000|  0%| F|  |TAMS 0x000000071b800000, 0x000000071b800000| Untracked 
| 221|0x000000071ba00000, 0x000000071ba00000, 0x000000071bc00000|  0%| F|  |TAMS 0x000000071ba00000, 0x000000071ba00000| Untracked 
| 222|0x000000071bc00000, 0x000000071bc00000, 0x000000071be00000|  0%| F|  |TAMS 0x000000071bc00000, 0x000000071bc00000| Untracked 
| 223|0x000000071be00000, 0x000000071be00000, 0x000000071c000000|  0%| F|  |TAMS 0x000000071be00000, 0x000000071be00000| Untracked 
| 224|0x000000071c000000, 0x000000071c000000, 0x000000071c200000|  0%| F|  |TAMS 0x000000071c000000, 0x000000071c000000| Untracked 
| 225|0x000000071c200000, 0x000000071c200000, 0x000000071c400000|  0%| F|  |TAMS 0x000000071c200000, 0x000000071c200000| Untracked 
| 226|0x000000071c400000, 0x000000071c400000, 0x000000071c600000|  0%| F|  |TAMS 0x000000071c400000, 0x000000071c400000| Untracked 
| 227|0x000000071c600000, 0x000000071c600000, 0x000000071c800000|  0%| F|  |TAMS 0x000000071c600000, 0x000000071c600000| Untracked 
| 228|0x000000071c800000, 0x000000071c800000, 0x000000071ca00000|  0%| F|  |TAMS 0x000000071c800000, 0x000000071c800000| Untracked 
| 229|0x000000071ca00000, 0x000000071ca00000, 0x000000071cc00000|  0%| F|  |TAMS 0x000000071ca00000, 0x000000071ca00000| Untracked 
| 230|0x000000071cc00000, 0x000000071cc00000, 0x000000071ce00000|  0%| F|  |TAMS 0x000000071cc00000, 0x000000071cc00000| Untracked 
| 231|0x000000071ce00000, 0x000000071ce00000, 0x000000071d000000|  0%| F|  |TAMS 0x000000071ce00000, 0x000000071ce00000| Untracked 
| 232|0x000000071d000000, 0x000000071d000000, 0x000000071d200000|  0%| F|  |TAMS 0x000000071d000000, 0x000000071d000000| Untracked 
| 233|0x000000071d200000, 0x000000071d200000, 0x000000071d400000|  0%| F|  |TAMS 0x000000071d200000, 0x000000071d200000| Untracked 
| 234|0x000000071d400000, 0x000000071d400000, 0x000000071d600000|  0%| F|  |TAMS 0x000000071d400000, 0x000000071d400000| Untracked 
| 235|0x000000071d600000, 0x000000071d600000, 0x000000071d800000|  0%| F|  |TAMS 0x000000071d600000, 0x000000071d600000| Untracked 
| 236|0x000000071d800000, 0x000000071d800000, 0x000000071da00000|  0%| F|  |TAMS 0x000000071d800000, 0x000000071d800000| Untracked 
| 237|0x000000071da00000, 0x000000071da00000, 0x000000071dc00000|  0%| F|  |TAMS 0x000000071da00000, 0x000000071da00000| Untracked 
| 238|0x000000071dc00000, 0x000000071dc00000, 0x000000071de00000|  0%| F|  |TAMS 0x000000071dc00000, 0x000000071dc00000| Untracked 
| 239|0x000000071de00000, 0x000000071de00000, 0x000000071e000000|  0%| F|  |TAMS 0x000000071de00000, 0x000000071de00000| Untracked 
| 240|0x000000071e000000, 0x000000071e000000, 0x000000071e200000|  0%| F|  |TAMS 0x000000071e000000, 0x000000071e000000| Untracked 
| 241|0x000000071e200000, 0x000000071e200000, 0x000000071e400000|  0%| F|  |TAMS 0x000000071e200000, 0x000000071e200000| Untracked 
| 242|0x000000071e400000, 0x000000071e400000, 0x000000071e600000|  0%| F|  |TAMS 0x000000071e400000, 0x000000071e400000| Untracked 
| 243|0x000000071e600000, 0x000000071e600000, 0x000000071e800000|  0%| F|  |TAMS 0x000000071e600000, 0x000000071e600000| Untracked 
| 244|0x000000071e800000, 0x000000071e800000, 0x000000071ea00000|  0%| F|  |TAMS 0x000000071e800000, 0x000000071e800000| Untracked 
| 245|0x000000071ea00000, 0x000000071ea00000, 0x000000071ec00000|  0%| F|  |TAMS 0x000000071ea00000, 0x000000071ea00000| Untracked 
| 246|0x000000071ec00000, 0x000000071ec00000, 0x000000071ee00000|  0%| F|  |TAMS 0x000000071ec00000, 0x000000071ec00000| Untracked 
| 247|0x000000071ee00000, 0x000000071ee00000, 0x000000071f000000|  0%| F|  |TAMS 0x000000071ee00000, 0x000000071ee00000| Untracked 
| 248|0x000000071f000000, 0x000000071f000000, 0x000000071f200000|  0%| F|  |TAMS 0x000000071f000000, 0x000000071f000000| Untracked 
| 249|0x000000071f200000, 0x000000071f200000, 0x000000071f400000|  0%| F|  |TAMS 0x000000071f200000, 0x000000071f200000| Untracked 
| 250|0x000000071f400000, 0x000000071f400000, 0x000000071f600000|  0%| F|  |TAMS 0x000000071f400000, 0x000000071f400000| Untracked 
| 251|0x000000071f600000, 0x000000071f600000, 0x000000071f800000|  0%| F|  |TAMS 0x000000071f600000, 0x000000071f600000| Untracked 
| 252|0x000000071f800000, 0x000000071f800000, 0x000000071fa00000|  0%| F|  |TAMS 0x000000071f800000, 0x000000071f800000| Untracked 
| 253|0x000000071fa00000, 0x000000071fa00000, 0x000000071fc00000|  0%| F|  |TAMS 0x000000071fa00000, 0x000000071fa00000| Untracked 
| 254|0x000000071fc00000, 0x000000071fc00000, 0x000000071fe00000|  0%| F|  |TAMS 0x000000071fc00000, 0x000000071fc00000| Untracked 
| 255|0x000000071fe00000, 0x000000071fe00000, 0x0000000720000000|  0%| F|  |TAMS 0x000000071fe00000, 0x000000071fe00000| Untracked 
| 256|0x0000000720000000, 0x0000000720000000, 0x0000000720200000|  0%| F|  |TAMS 0x0000000720000000, 0x0000000720000000| Untracked 
| 257|0x0000000720200000, 0x0000000720200000, 0x0000000720400000|  0%| F|  |TAMS 0x0000000720200000, 0x0000000720200000| Untracked 
| 258|0x0000000720400000, 0x0000000720400000, 0x0000000720600000|  0%| F|  |TAMS 0x0000000720400000, 0x0000000720400000| Untracked 
| 259|0x0000000720600000, 0x0000000720600000, 0x0000000720800000|  0%| F|  |TAMS 0x0000000720600000, 0x0000000720600000| Untracked 
| 260|0x0000000720800000, 0x0000000720800000, 0x0000000720a00000|  0%| F|  |TAMS 0x0000000720800000, 0x0000000720800000| Untracked 
| 261|0x0000000720a00000, 0x0000000720a00000, 0x0000000720c00000|  0%| F|  |TAMS 0x0000000720a00000, 0x0000000720a00000| Untracked 
| 262|0x0000000720c00000, 0x0000000720c00000, 0x0000000720e00000|  0%| F|  |TAMS 0x0000000720c00000, 0x0000000720c00000| Untracked 
| 263|0x0000000720e00000, 0x0000000720e00000, 0x0000000721000000|  0%| F|  |TAMS 0x0000000720e00000, 0x0000000720e00000| Untracked 
| 264|0x0000000721000000, 0x0000000721000000, 0x0000000721200000|  0%| F|  |TAMS 0x0000000721000000, 0x0000000721000000| Untracked 
| 265|0x0000000721200000, 0x0000000721200000, 0x0000000721400000|  0%| F|  |TAMS 0x0000000721200000, 0x0000000721200000| Untracked 
| 266|0x0000000721400000, 0x0000000721400000, 0x0000000721600000|  0%| F|  |TAMS 0x0000000721400000, 0x0000000721400000| Untracked 
| 267|0x0000000721600000, 0x0000000721600000, 0x0000000721800000|  0%| F|  |TAMS 0x0000000721600000, 0x0000000721600000| Untracked 
| 268|0x0000000721800000, 0x0000000721800000, 0x0000000721a00000|  0%| F|  |TAMS 0x0000000721800000, 0x0000000721800000| Untracked 
| 269|0x0000000721a00000, 0x0000000721a00000, 0x0000000721c00000|  0%| F|  |TAMS 0x0000000721a00000, 0x0000000721a00000| Untracked 
| 270|0x0000000721c00000, 0x0000000721c00000, 0x0000000721e00000|  0%| F|  |TAMS 0x0000000721c00000, 0x0000000721c00000| Untracked 
| 271|0x0000000721e00000, 0x0000000721e00000, 0x0000000722000000|  0%| F|  |TAMS 0x0000000721e00000, 0x0000000721e00000| Untracked 
| 272|0x0000000722000000, 0x0000000722000000, 0x0000000722200000|  0%| F|  |TAMS 0x0000000722000000, 0x0000000722000000| Untracked 
| 273|0x0000000722200000, 0x0000000722200000, 0x0000000722400000|  0%| F|  |TAMS 0x0000000722200000, 0x0000000722200000| Untracked 
| 274|0x0000000722400000, 0x0000000722400000, 0x0000000722600000|  0%| F|  |TAMS 0x0000000722400000, 0x0000000722400000| Untracked 
| 275|0x0000000722600000, 0x0000000722600000, 0x0000000722800000|  0%| F|  |TAMS 0x0000000722600000, 0x0000000722600000| Untracked 
| 276|0x0000000722800000, 0x0000000722800000, 0x0000000722a00000|  0%| F|  |TAMS 0x0000000722800000, 0x0000000722800000| Untracked 
| 277|0x0000000722a00000, 0x0000000722a00000, 0x0000000722c00000|  0%| F|  |TAMS 0x0000000722a00000, 0x0000000722a00000| Untracked 
| 278|0x0000000722c00000, 0x0000000722c00000, 0x0000000722e00000|  0%| F|  |TAMS 0x0000000722c00000, 0x0000000722c00000| Untracked 
| 279|0x0000000722e00000, 0x0000000722e00000, 0x0000000723000000|  0%| F|  |TAMS 0x0000000722e00000, 0x0000000722e00000| Untracked 
| 280|0x0000000723000000, 0x0000000723000000, 0x0000000723200000|  0%| F|  |TAMS 0x0000000723000000, 0x0000000723000000| Untracked 
| 281|0x0000000723200000, 0x0000000723200000, 0x0000000723400000|  0%| F|  |TAMS 0x0000000723200000, 0x0000000723200000| Untracked 
| 282|0x0000000723400000, 0x0000000723400000, 0x0000000723600000|  0%| F|  |TAMS 0x0000000723400000, 0x0000000723400000| Untracked 
| 283|0x0000000723600000, 0x0000000723600000, 0x0000000723800000|  0%| F|  |TAMS 0x0000000723600000, 0x0000000723600000| Untracked 
| 284|0x0000000723800000, 0x0000000723800000, 0x0000000723a00000|  0%| F|  |TAMS 0x0000000723800000, 0x0000000723800000| Untracked 
| 285|0x0000000723a00000, 0x0000000723a00000, 0x0000000723c00000|  0%| F|  |TAMS 0x0000000723a00000, 0x0000000723a00000| Untracked 
| 286|0x0000000723c00000, 0x0000000723c00000, 0x0000000723e00000|  0%| F|  |TAMS 0x0000000723c00000, 0x0000000723c00000| Untracked 
| 287|0x0000000723e00000, 0x0000000723e00000, 0x0000000724000000|  0%| F|  |TAMS 0x0000000723e00000, 0x0000000723e00000| Untracked 
| 288|0x0000000724000000, 0x0000000724000000, 0x0000000724200000|  0%| F|  |TAMS 0x0000000724000000, 0x0000000724000000| Untracked 
| 289|0x0000000724200000, 0x0000000724200000, 0x0000000724400000|  0%| F|  |TAMS 0x0000000724200000, 0x0000000724200000| Untracked 
| 290|0x0000000724400000, 0x0000000724400000, 0x0000000724600000|  0%| F|  |TAMS 0x0000000724400000, 0x0000000724400000| Untracked 
| 291|0x0000000724600000, 0x0000000724600000, 0x0000000724800000|  0%| F|  |TAMS 0x0000000724600000, 0x0000000724600000| Untracked 
| 292|0x0000000724800000, 0x0000000724800000, 0x0000000724a00000|  0%| F|  |TAMS 0x0000000724800000, 0x0000000724800000| Untracked 
| 293|0x0000000724a00000, 0x0000000724a00000, 0x0000000724c00000|  0%| F|  |TAMS 0x0000000724a00000, 0x0000000724a00000| Untracked 
| 294|0x0000000724c00000, 0x0000000724c00000, 0x0000000724e00000|  0%| F|  |TAMS 0x0000000724c00000, 0x0000000724c00000| Untracked 
| 295|0x0000000724e00000, 0x0000000724e00000, 0x0000000725000000|  0%| F|  |TAMS 0x0000000724e00000, 0x0000000724e00000| Untracked 
| 296|0x0000000725000000, 0x0000000725000000, 0x0000000725200000|  0%| F|  |TAMS 0x0000000725000000, 0x0000000725000000| Untracked 
| 297|0x0000000725200000, 0x0000000725200000, 0x0000000725400000|  0%| F|  |TAMS 0x0000000725200000, 0x0000000725200000| Untracked 
| 298|0x0000000725400000, 0x0000000725400000, 0x0000000725600000|  0%| F|  |TAMS 0x0000000725400000, 0x0000000725400000| Untracked 
| 299|0x0000000725600000, 0x0000000725600000, 0x0000000725800000|  0%| F|  |TAMS 0x0000000725600000, 0x0000000725600000| Untracked 
| 300|0x0000000725800000, 0x0000000725800000, 0x0000000725a00000|  0%| F|  |TAMS 0x0000000725800000, 0x0000000725800000| Untracked 
| 301|0x0000000725a00000, 0x0000000725a00000, 0x0000000725c00000|  0%| F|  |TAMS 0x0000000725a00000, 0x0000000725a00000| Untracked 
| 302|0x0000000725c00000, 0x0000000725c00000, 0x0000000725e00000|  0%| F|  |TAMS 0x0000000725c00000, 0x0000000725c00000| Untracked 
| 303|0x0000000725e00000, 0x0000000725e00000, 0x0000000726000000|  0%| F|  |TAMS 0x0000000725e00000, 0x0000000725e00000| Untracked 
| 304|0x0000000726000000, 0x0000000726000000, 0x0000000726200000|  0%| F|  |TAMS 0x0000000726000000, 0x0000000726000000| Untracked 
| 305|0x0000000726200000, 0x0000000726200000, 0x0000000726400000|  0%| F|  |TAMS 0x0000000726200000, 0x0000000726200000| Untracked 
| 306|0x0000000726400000, 0x0000000726400000, 0x0000000726600000|  0%| F|  |TAMS 0x0000000726400000, 0x0000000726400000| Untracked 
| 307|0x0000000726600000, 0x0000000726600000, 0x0000000726800000|  0%| F|  |TAMS 0x0000000726600000, 0x0000000726600000| Untracked 
| 308|0x0000000726800000, 0x0000000726800000, 0x0000000726a00000|  0%| F|  |TAMS 0x0000000726800000, 0x0000000726800000| Untracked 
| 309|0x0000000726a00000, 0x0000000726a00000, 0x0000000726c00000|  0%| F|  |TAMS 0x0000000726a00000, 0x0000000726a00000| Untracked 
| 310|0x0000000726c00000, 0x0000000726c00000, 0x0000000726e00000|  0%| F|  |TAMS 0x0000000726c00000, 0x0000000726c00000| Untracked 
| 311|0x0000000726e00000, 0x0000000726e00000, 0x0000000727000000|  0%| F|  |TAMS 0x0000000726e00000, 0x0000000726e00000| Untracked 
| 312|0x0000000727000000, 0x0000000727000000, 0x0000000727200000|  0%| F|  |TAMS 0x0000000727000000, 0x0000000727000000| Untracked 
| 313|0x0000000727200000, 0x0000000727200000, 0x0000000727400000|  0%| F|  |TAMS 0x0000000727200000, 0x0000000727200000| Untracked 
| 314|0x0000000727400000, 0x0000000727400000, 0x0000000727600000|  0%| F|  |TAMS 0x0000000727400000, 0x0000000727400000| Untracked 
| 315|0x0000000727600000, 0x0000000727600000, 0x0000000727800000|  0%| F|  |TAMS 0x0000000727600000, 0x0000000727600000| Untracked 
| 316|0x0000000727800000, 0x0000000727800000, 0x0000000727a00000|  0%| F|  |TAMS 0x0000000727800000, 0x0000000727800000| Untracked 
| 317|0x0000000727a00000, 0x0000000727a00000, 0x0000000727c00000|  0%| F|  |TAMS 0x0000000727a00000, 0x0000000727a00000| Untracked 
| 318|0x0000000727c00000, 0x0000000727c00000, 0x0000000727e00000|  0%| F|  |TAMS 0x0000000727c00000, 0x0000000727c00000| Untracked 
| 319|0x0000000727e00000, 0x0000000727e00000, 0x0000000728000000|  0%| F|  |TAMS 0x0000000727e00000, 0x0000000727e00000| Untracked 
| 320|0x0000000728000000, 0x0000000728000000, 0x0000000728200000|  0%| F|  |TAMS 0x0000000728000000, 0x0000000728000000| Untracked 
| 321|0x0000000728200000, 0x0000000728200000, 0x0000000728400000|  0%| F|  |TAMS 0x0000000728200000, 0x0000000728200000| Untracked 
| 322|0x0000000728400000, 0x0000000728400000, 0x0000000728600000|  0%| F|  |TAMS 0x0000000728400000, 0x0000000728400000| Untracked 
| 323|0x0000000728600000, 0x0000000728600000, 0x0000000728800000|  0%| F|  |TAMS 0x0000000728600000, 0x0000000728600000| Untracked 
| 324|0x0000000728800000, 0x0000000728800000, 0x0000000728a00000|  0%| F|  |TAMS 0x0000000728800000, 0x0000000728800000| Untracked 
| 325|0x0000000728a00000, 0x0000000728a00000, 0x0000000728c00000|  0%| F|  |TAMS 0x0000000728a00000, 0x0000000728a00000| Untracked 
| 326|0x0000000728c00000, 0x0000000728c00000, 0x0000000728e00000|  0%| F|  |TAMS 0x0000000728c00000, 0x0000000728c00000| Untracked 
| 327|0x0000000728e00000, 0x0000000728e00000, 0x0000000729000000|  0%| F|  |TAMS 0x0000000728e00000, 0x0000000728e00000| Untracked 
| 328|0x0000000729000000, 0x0000000729000000, 0x0000000729200000|  0%| F|  |TAMS 0x0000000729000000, 0x0000000729000000| Untracked 
| 329|0x0000000729200000, 0x0000000729200000, 0x0000000729400000|  0%| F|  |TAMS 0x0000000729200000, 0x0000000729200000| Untracked 
| 330|0x0000000729400000, 0x0000000729400000, 0x0000000729600000|  0%| F|  |TAMS 0x0000000729400000, 0x0000000729400000| Untracked 
| 331|0x0000000729600000, 0x0000000729600000, 0x0000000729800000|  0%| F|  |TAMS 0x0000000729600000, 0x0000000729600000| Untracked 
| 332|0x0000000729800000, 0x0000000729800000, 0x0000000729a00000|  0%| F|  |TAMS 0x0000000729800000, 0x0000000729800000| Untracked 
| 333|0x0000000729a00000, 0x0000000729a00000, 0x0000000729c00000|  0%| F|  |TAMS 0x0000000729a00000, 0x0000000729a00000| Untracked 
| 334|0x0000000729c00000, 0x0000000729c00000, 0x0000000729e00000|  0%| F|  |TAMS 0x0000000729c00000, 0x0000000729c00000| Untracked 
| 335|0x0000000729e00000, 0x0000000729e00000, 0x000000072a000000|  0%| F|  |TAMS 0x0000000729e00000, 0x0000000729e00000| Untracked 
| 336|0x000000072a000000, 0x000000072a000000, 0x000000072a200000|  0%| F|  |TAMS 0x000000072a000000, 0x000000072a000000| Untracked 
| 337|0x000000072a200000, 0x000000072a200000, 0x000000072a400000|  0%| F|  |TAMS 0x000000072a200000, 0x000000072a200000| Untracked 
| 338|0x000000072a400000, 0x000000072a400000, 0x000000072a600000|  0%| F|  |TAMS 0x000000072a400000, 0x000000072a400000| Untracked 
| 339|0x000000072a600000, 0x000000072a600000, 0x000000072a800000|  0%| F|  |TAMS 0x000000072a600000, 0x000000072a600000| Untracked 
| 340|0x000000072a800000, 0x000000072a800000, 0x000000072aa00000|  0%| F|  |TAMS 0x000000072a800000, 0x000000072a800000| Untracked 
| 341|0x000000072aa00000, 0x000000072aa00000, 0x000000072ac00000|  0%| F|  |TAMS 0x000000072aa00000, 0x000000072aa00000| Untracked 
| 342|0x000000072ac00000, 0x000000072ac00000, 0x000000072ae00000|  0%| F|  |TAMS 0x000000072ac00000, 0x000000072ac00000| Untracked 
| 343|0x000000072ae00000, 0x000000072ae00000, 0x000000072b000000|  0%| F|  |TAMS 0x000000072ae00000, 0x000000072ae00000| Untracked 
| 344|0x000000072b000000, 0x000000072b000000, 0x000000072b200000|  0%| F|  |TAMS 0x000000072b000000, 0x000000072b000000| Untracked 
| 345|0x000000072b200000, 0x000000072b200000, 0x000000072b400000|  0%| F|  |TAMS 0x000000072b200000, 0x000000072b200000| Untracked 
| 346|0x000000072b400000, 0x000000072b400000, 0x000000072b600000|  0%| F|  |TAMS 0x000000072b400000, 0x000000072b400000| Untracked 
| 347|0x000000072b600000, 0x000000072b600000, 0x000000072b800000|  0%| F|  |TAMS 0x000000072b600000, 0x000000072b600000| Untracked 
| 348|0x000000072b800000, 0x000000072b800000, 0x000000072ba00000|  0%| F|  |TAMS 0x000000072b800000, 0x000000072b800000| Untracked 
| 349|0x000000072ba00000, 0x000000072ba00000, 0x000000072bc00000|  0%| F|  |TAMS 0x000000072ba00000, 0x000000072ba00000| Untracked 
| 350|0x000000072bc00000, 0x000000072bc00000, 0x000000072be00000|  0%| F|  |TAMS 0x000000072bc00000, 0x000000072bc00000| Untracked 
| 351|0x000000072be00000, 0x000000072be00000, 0x000000072c000000|  0%| F|  |TAMS 0x000000072be00000, 0x000000072be00000| Untracked 
| 352|0x000000072c000000, 0x000000072c000000, 0x000000072c200000|  0%| F|  |TAMS 0x000000072c000000, 0x000000072c000000| Untracked 
| 353|0x000000072c200000, 0x000000072c200000, 0x000000072c400000|  0%| F|  |TAMS 0x000000072c200000, 0x000000072c200000| Untracked 
| 354|0x000000072c400000, 0x000000072c400000, 0x000000072c600000|  0%| F|  |TAMS 0x000000072c400000, 0x000000072c400000| Untracked 
| 355|0x000000072c600000, 0x000000072c600000, 0x000000072c800000|  0%| F|  |TAMS 0x000000072c600000, 0x000000072c600000| Untracked 
| 356|0x000000072c800000, 0x000000072c800000, 0x000000072ca00000|  0%| F|  |TAMS 0x000000072c800000, 0x000000072c800000| Untracked 
| 357|0x000000072ca00000, 0x000000072ca00000, 0x000000072cc00000|  0%| F|  |TAMS 0x000000072ca00000, 0x000000072ca00000| Untracked 
| 358|0x000000072cc00000, 0x000000072cc00000, 0x000000072ce00000|  0%| F|  |TAMS 0x000000072cc00000, 0x000000072cc00000| Untracked 
| 359|0x000000072ce00000, 0x000000072ce00000, 0x000000072d000000|  0%| F|  |TAMS 0x000000072ce00000, 0x000000072ce00000| Untracked 
| 360|0x000000072d000000, 0x000000072d000000, 0x000000072d200000|  0%| F|  |TAMS 0x000000072d000000, 0x000000072d000000| Untracked 
| 361|0x000000072d200000, 0x000000072d200000, 0x000000072d400000|  0%| F|  |TAMS 0x000000072d200000, 0x000000072d200000| Untracked 
| 362|0x000000072d400000, 0x000000072d400000, 0x000000072d600000|  0%| F|  |TAMS 0x000000072d400000, 0x000000072d400000| Untracked 
| 363|0x000000072d600000, 0x000000072d600000, 0x000000072d800000|  0%| F|  |TAMS 0x000000072d600000, 0x000000072d600000| Untracked 
| 364|0x000000072d800000, 0x000000072d800000, 0x000000072da00000|  0%| F|  |TAMS 0x000000072d800000, 0x000000072d800000| Untracked 
| 365|0x000000072da00000, 0x000000072da00000, 0x000000072dc00000|  0%| F|  |TAMS 0x000000072da00000, 0x000000072da00000| Untracked 
| 366|0x000000072dc00000, 0x000000072dc00000, 0x000000072de00000|  0%| F|  |TAMS 0x000000072dc00000, 0x000000072dc00000| Untracked 
| 367|0x000000072de00000, 0x000000072de00000, 0x000000072e000000|  0%| F|  |TAMS 0x000000072de00000, 0x000000072de00000| Untracked 
| 368|0x000000072e000000, 0x000000072e000000, 0x000000072e200000|  0%| F|  |TAMS 0x000000072e000000, 0x000000072e000000| Untracked 
| 369|0x000000072e200000, 0x000000072e200000, 0x000000072e400000|  0%| F|  |TAMS 0x000000072e200000, 0x000000072e200000| Untracked 
| 370|0x000000072e400000, 0x000000072e400000, 0x000000072e600000|  0%| F|  |TAMS 0x000000072e400000, 0x000000072e400000| Untracked 
| 371|0x000000072e600000, 0x000000072e600000, 0x000000072e800000|  0%| F|  |TAMS 0x000000072e600000, 0x000000072e600000| Untracked 
| 372|0x000000072e800000, 0x000000072e800000, 0x000000072ea00000|  0%| F|  |TAMS 0x000000072e800000, 0x000000072e800000| Untracked 
| 373|0x000000072ea00000, 0x000000072ea00000, 0x000000072ec00000|  0%| F|  |TAMS 0x000000072ea00000, 0x000000072ea00000| Untracked 
| 374|0x000000072ec00000, 0x000000072ec00000, 0x000000072ee00000|  0%| F|  |TAMS 0x000000072ec00000, 0x000000072ec00000| Untracked 
| 375|0x000000072ee00000, 0x000000072ee00000, 0x000000072f000000|  0%| F|  |TAMS 0x000000072ee00000, 0x000000072ee00000| Untracked 
| 376|0x000000072f000000, 0x000000072f000000, 0x000000072f200000|  0%| F|  |TAMS 0x000000072f000000, 0x000000072f000000| Untracked 
| 377|0x000000072f200000, 0x000000072f200000, 0x000000072f400000|  0%| F|  |TAMS 0x000000072f200000, 0x000000072f200000| Untracked 
| 378|0x000000072f400000, 0x000000072f400000, 0x000000072f600000|  0%| F|  |TAMS 0x000000072f400000, 0x000000072f400000| Untracked 
| 379|0x000000072f600000, 0x000000072f600000, 0x000000072f800000|  0%| F|  |TAMS 0x000000072f600000, 0x000000072f600000| Untracked 
| 380|0x000000072f800000, 0x000000072f800000, 0x000000072fa00000|  0%| F|  |TAMS 0x000000072f800000, 0x000000072f800000| Untracked 
| 381|0x000000072fa00000, 0x000000072fa00000, 0x000000072fc00000|  0%| F|  |TAMS 0x000000072fa00000, 0x000000072fa00000| Untracked 
| 382|0x000000072fc00000, 0x000000072fc00000, 0x000000072fe00000|  0%| F|  |TAMS 0x000000072fc00000, 0x000000072fc00000| Untracked 
| 383|0x000000072fe00000, 0x000000072fe00000, 0x0000000730000000|  0%| F|  |TAMS 0x000000072fe00000, 0x000000072fe00000| Untracked 
| 384|0x0000000730000000, 0x0000000730000000, 0x0000000730200000|  0%| F|  |TAMS 0x0000000730000000, 0x0000000730000000| Untracked 
| 385|0x0000000730200000, 0x0000000730200000, 0x0000000730400000|  0%| F|  |TAMS 0x0000000730200000, 0x0000000730200000| Untracked 
| 386|0x0000000730400000, 0x0000000730400000, 0x0000000730600000|  0%| F|  |TAMS 0x0000000730400000, 0x0000000730400000| Untracked 
| 387|0x0000000730600000, 0x0000000730600000, 0x0000000730800000|  0%| F|  |TAMS 0x0000000730600000, 0x0000000730600000| Untracked 
| 388|0x0000000730800000, 0x0000000730800000, 0x0000000730a00000|  0%| F|  |TAMS 0x0000000730800000, 0x0000000730800000| Untracked 
| 389|0x0000000730a00000, 0x0000000730a00000, 0x0000000730c00000|  0%| F|  |TAMS 0x0000000730a00000, 0x0000000730a00000| Untracked 
| 390|0x0000000730c00000, 0x0000000730c00000, 0x0000000730e00000|  0%| F|  |TAMS 0x0000000730c00000, 0x0000000730c00000| Untracked 
| 391|0x0000000730e00000, 0x0000000730e00000, 0x0000000731000000|  0%| F|  |TAMS 0x0000000730e00000, 0x0000000730e00000| Untracked 
| 392|0x0000000731000000, 0x0000000731000000, 0x0000000731200000|  0%| F|  |TAMS 0x0000000731000000, 0x0000000731000000| Untracked 
| 393|0x0000000731200000, 0x0000000731200000, 0x0000000731400000|  0%| F|  |TAMS 0x0000000731200000, 0x0000000731200000| Untracked 
| 394|0x0000000731400000, 0x0000000731400000, 0x0000000731600000|  0%| F|  |TAMS 0x0000000731400000, 0x0000000731400000| Untracked 
| 395|0x0000000731600000, 0x0000000731600000, 0x0000000731800000|  0%| F|  |TAMS 0x0000000731600000, 0x0000000731600000| Untracked 
| 396|0x0000000731800000, 0x0000000731800000, 0x0000000731a00000|  0%| F|  |TAMS 0x0000000731800000, 0x0000000731800000| Untracked 
| 397|0x0000000731a00000, 0x0000000731a00000, 0x0000000731c00000|  0%| F|  |TAMS 0x0000000731a00000, 0x0000000731a00000| Untracked 
| 398|0x0000000731c00000, 0x0000000731c00000, 0x0000000731e00000|  0%| F|  |TAMS 0x0000000731c00000, 0x0000000731c00000| Untracked 
| 399|0x0000000731e00000, 0x0000000731e00000, 0x0000000732000000|  0%| F|  |TAMS 0x0000000731e00000, 0x0000000731e00000| Untracked 
| 400|0x0000000732000000, 0x0000000732000000, 0x0000000732200000|  0%| F|  |TAMS 0x0000000732000000, 0x0000000732000000| Untracked 
| 401|0x0000000732200000, 0x0000000732200000, 0x0000000732400000|  0%| F|  |TAMS 0x0000000732200000, 0x0000000732200000| Untracked 
| 402|0x0000000732400000, 0x0000000732400000, 0x0000000732600000|  0%| F|  |TAMS 0x0000000732400000, 0x0000000732400000| Untracked 
| 403|0x0000000732600000, 0x0000000732600000, 0x0000000732800000|  0%| F|  |TAMS 0x0000000732600000, 0x0000000732600000| Untracked 
| 404|0x0000000732800000, 0x0000000732800000, 0x0000000732a00000|  0%| F|  |TAMS 0x0000000732800000, 0x0000000732800000| Untracked 
| 405|0x0000000732a00000, 0x0000000732a00000, 0x0000000732c00000|  0%| F|  |TAMS 0x0000000732a00000, 0x0000000732a00000| Untracked 
| 406|0x0000000732c00000, 0x0000000732c00000, 0x0000000732e00000|  0%| F|  |TAMS 0x0000000732c00000, 0x0000000732c00000| Untracked 
| 407|0x0000000732e00000, 0x0000000732e00000, 0x0000000733000000|  0%| F|  |TAMS 0x0000000732e00000, 0x0000000732e00000| Untracked 
| 408|0x0000000733000000, 0x0000000733000000, 0x0000000733200000|  0%| F|  |TAMS 0x0000000733000000, 0x0000000733000000| Untracked 
| 409|0x0000000733200000, 0x0000000733200000, 0x0000000733400000|  0%| F|  |TAMS 0x0000000733200000, 0x0000000733200000| Untracked 
| 410|0x0000000733400000, 0x0000000733400000, 0x0000000733600000|  0%| F|  |TAMS 0x0000000733400000, 0x0000000733400000| Untracked 
| 411|0x0000000733600000, 0x0000000733600000, 0x0000000733800000|  0%| F|  |TAMS 0x0000000733600000, 0x0000000733600000| Untracked 
| 412|0x0000000733800000, 0x0000000733800000, 0x0000000733a00000|  0%| F|  |TAMS 0x0000000733800000, 0x0000000733800000| Untracked 
| 413|0x0000000733a00000, 0x0000000733a00000, 0x0000000733c00000|  0%| F|  |TAMS 0x0000000733a00000, 0x0000000733a00000| Untracked 
| 414|0x0000000733c00000, 0x0000000733c00000, 0x0000000733e00000|  0%| F|  |TAMS 0x0000000733c00000, 0x0000000733c00000| Untracked 
| 415|0x0000000733e00000, 0x0000000733e00000, 0x0000000734000000|  0%| F|  |TAMS 0x0000000733e00000, 0x0000000733e00000| Untracked 
| 416|0x0000000734000000, 0x0000000734000000, 0x0000000734200000|  0%| F|  |TAMS 0x0000000734000000, 0x0000000734000000| Untracked 
| 417|0x0000000734200000, 0x0000000734200000, 0x0000000734400000|  0%| F|  |TAMS 0x0000000734200000, 0x0000000734200000| Untracked 
| 418|0x0000000734400000, 0x0000000734400000, 0x0000000734600000|  0%| F|  |TAMS 0x0000000734400000, 0x0000000734400000| Untracked 
| 419|0x0000000734600000, 0x0000000734600000, 0x0000000734800000|  0%| F|  |TAMS 0x0000000734600000, 0x0000000734600000| Untracked 
| 420|0x0000000734800000, 0x0000000734800000, 0x0000000734a00000|  0%| F|  |TAMS 0x0000000734800000, 0x0000000734800000| Untracked 
| 421|0x0000000734a00000, 0x0000000734a00000, 0x0000000734c00000|  0%| F|  |TAMS 0x0000000734a00000, 0x0000000734a00000| Untracked 
| 422|0x0000000734c00000, 0x0000000734c00000, 0x0000000734e00000|  0%| F|  |TAMS 0x0000000734c00000, 0x0000000734c00000| Untracked 
| 423|0x0000000734e00000, 0x0000000734e00000, 0x0000000735000000|  0%| F|  |TAMS 0x0000000734e00000, 0x0000000734e00000| Untracked 
| 424|0x0000000735000000, 0x0000000735000000, 0x0000000735200000|  0%| F|  |TAMS 0x0000000735000000, 0x0000000735000000| Untracked 
| 425|0x0000000735200000, 0x0000000735200000, 0x0000000735400000|  0%| F|  |TAMS 0x0000000735200000, 0x0000000735200000| Untracked 
| 426|0x0000000735400000, 0x0000000735400000, 0x0000000735600000|  0%| F|  |TAMS 0x0000000735400000, 0x0000000735400000| Untracked 
| 427|0x0000000735600000, 0x0000000735600000, 0x0000000735800000|  0%| F|  |TAMS 0x0000000735600000, 0x0000000735600000| Untracked 
| 428|0x0000000735800000, 0x0000000735800000, 0x0000000735a00000|  0%| F|  |TAMS 0x0000000735800000, 0x0000000735800000| Untracked 
| 429|0x0000000735a00000, 0x0000000735a00000, 0x0000000735c00000|  0%| F|  |TAMS 0x0000000735a00000, 0x0000000735a00000| Untracked 
| 430|0x0000000735c00000, 0x0000000735c00000, 0x0000000735e00000|  0%| F|  |TAMS 0x0000000735c00000, 0x0000000735c00000| Untracked 
| 431|0x0000000735e00000, 0x0000000735e00000, 0x0000000736000000|  0%| F|  |TAMS 0x0000000735e00000, 0x0000000735e00000| Untracked 
| 432|0x0000000736000000, 0x0000000736000000, 0x0000000736200000|  0%| F|  |TAMS 0x0000000736000000, 0x0000000736000000| Untracked 
| 433|0x0000000736200000, 0x0000000736200000, 0x0000000736400000|  0%| F|  |TAMS 0x0000000736200000, 0x0000000736200000| Untracked 
| 434|0x0000000736400000, 0x0000000736400000, 0x0000000736600000|  0%| F|  |TAMS 0x0000000736400000, 0x0000000736400000| Untracked 
| 435|0x0000000736600000, 0x0000000736600000, 0x0000000736800000|  0%| F|  |TAMS 0x0000000736600000, 0x0000000736600000| Untracked 
| 436|0x0000000736800000, 0x0000000736800000, 0x0000000736a00000|  0%| F|  |TAMS 0x0000000736800000, 0x0000000736800000| Untracked 
| 437|0x0000000736a00000, 0x0000000736a00000, 0x0000000736c00000|  0%| F|  |TAMS 0x0000000736a00000, 0x0000000736a00000| Untracked 
| 438|0x0000000736c00000, 0x0000000736c00000, 0x0000000736e00000|  0%| F|  |TAMS 0x0000000736c00000, 0x0000000736c00000| Untracked 
| 439|0x0000000736e00000, 0x0000000736e00000, 0x0000000737000000|  0%| F|  |TAMS 0x0000000736e00000, 0x0000000736e00000| Untracked 
| 440|0x0000000737000000, 0x0000000737000000, 0x0000000737200000|  0%| F|  |TAMS 0x0000000737000000, 0x0000000737000000| Untracked 
| 441|0x0000000737200000, 0x0000000737200000, 0x0000000737400000|  0%| F|  |TAMS 0x0000000737200000, 0x0000000737200000| Untracked 
| 442|0x0000000737400000, 0x0000000737400000, 0x0000000737600000|  0%| F|  |TAMS 0x0000000737400000, 0x0000000737400000| Untracked 
| 443|0x0000000737600000, 0x0000000737600000, 0x0000000737800000|  0%| F|  |TAMS 0x0000000737600000, 0x0000000737600000| Untracked 
| 444|0x0000000737800000, 0x0000000737800000, 0x0000000737a00000|  0%| F|  |TAMS 0x0000000737800000, 0x0000000737800000| Untracked 
| 445|0x0000000737a00000, 0x0000000737a00000, 0x0000000737c00000|  0%| F|  |TAMS 0x0000000737a00000, 0x0000000737a00000| Untracked 
| 446|0x0000000737c00000, 0x0000000737c00000, 0x0000000737e00000|  0%| F|  |TAMS 0x0000000737c00000, 0x0000000737c00000| Untracked 
| 447|0x0000000737e00000, 0x0000000737e00000, 0x0000000738000000|  0%| F|  |TAMS 0x0000000737e00000, 0x0000000737e00000| Untracked 
| 448|0x0000000738000000, 0x0000000738000000, 0x0000000738200000|  0%| F|  |TAMS 0x0000000738000000, 0x0000000738000000| Untracked 
| 449|0x0000000738200000, 0x0000000738200000, 0x0000000738400000|  0%| F|  |TAMS 0x0000000738200000, 0x0000000738200000| Untracked 
| 450|0x0000000738400000, 0x0000000738400000, 0x0000000738600000|  0%| F|  |TAMS 0x0000000738400000, 0x0000000738400000| Untracked 
| 451|0x0000000738600000, 0x0000000738600000, 0x0000000738800000|  0%| F|  |TAMS 0x0000000738600000, 0x0000000738600000| Untracked 
| 452|0x0000000738800000, 0x0000000738800000, 0x0000000738a00000|  0%| F|  |TAMS 0x0000000738800000, 0x0000000738800000| Untracked 
| 453|0x0000000738a00000, 0x0000000738a00000, 0x0000000738c00000|  0%| F|  |TAMS 0x0000000738a00000, 0x0000000738a00000| Untracked 
| 454|0x0000000738c00000, 0x0000000738c00000, 0x0000000738e00000|  0%| F|  |TAMS 0x0000000738c00000, 0x0000000738c00000| Untracked 
| 455|0x0000000738e00000, 0x0000000738e00000, 0x0000000739000000|  0%| F|  |TAMS 0x0000000738e00000, 0x0000000738e00000| Untracked 
| 456|0x0000000739000000, 0x0000000739000000, 0x0000000739200000|  0%| F|  |TAMS 0x0000000739000000, 0x0000000739000000| Untracked 
| 457|0x0000000739200000, 0x0000000739200000, 0x0000000739400000|  0%| F|  |TAMS 0x0000000739200000, 0x0000000739200000| Untracked 
| 458|0x0000000739400000, 0x0000000739400000, 0x0000000739600000|  0%| F|  |TAMS 0x0000000739400000, 0x0000000739400000| Untracked 
| 459|0x0000000739600000, 0x0000000739600000, 0x0000000739800000|  0%| F|  |TAMS 0x0000000739600000, 0x0000000739600000| Untracked 
| 460|0x0000000739800000, 0x0000000739800000, 0x0000000739a00000|  0%| F|  |TAMS 0x0000000739800000, 0x0000000739800000| Untracked 
| 461|0x0000000739a00000, 0x0000000739a00000, 0x0000000739c00000|  0%| F|  |TAMS 0x0000000739a00000, 0x0000000739a00000| Untracked 
| 462|0x0000000739c00000, 0x0000000739c00000, 0x0000000739e00000|  0%| F|  |TAMS 0x0000000739c00000, 0x0000000739c00000| Untracked 
| 463|0x0000000739e00000, 0x0000000739e00000, 0x000000073a000000|  0%| F|  |TAMS 0x0000000739e00000, 0x0000000739e00000| Untracked 
| 464|0x000000073a000000, 0x000000073a000000, 0x000000073a200000|  0%| F|  |TAMS 0x000000073a000000, 0x000000073a000000| Untracked 
| 465|0x000000073a200000, 0x000000073a200000, 0x000000073a400000|  0%| F|  |TAMS 0x000000073a200000, 0x000000073a200000| Untracked 
| 466|0x000000073a400000, 0x000000073a400000, 0x000000073a600000|  0%| F|  |TAMS 0x000000073a400000, 0x000000073a400000| Untracked 
| 467|0x000000073a600000, 0x000000073a600000, 0x000000073a800000|  0%| F|  |TAMS 0x000000073a600000, 0x000000073a600000| Untracked 
| 468|0x000000073a800000, 0x000000073a800000, 0x000000073aa00000|  0%| F|  |TAMS 0x000000073a800000, 0x000000073a800000| Untracked 
| 469|0x000000073aa00000, 0x000000073aa00000, 0x000000073ac00000|  0%| F|  |TAMS 0x000000073aa00000, 0x000000073aa00000| Untracked 
| 470|0x000000073ac00000, 0x000000073ac00000, 0x000000073ae00000|  0%| F|  |TAMS 0x000000073ac00000, 0x000000073ac00000| Untracked 
| 471|0x000000073ae00000, 0x000000073ae00000, 0x000000073b000000|  0%| F|  |TAMS 0x000000073ae00000, 0x000000073ae00000| Untracked 
| 472|0x000000073b000000, 0x000000073b000000, 0x000000073b200000|  0%| F|  |TAMS 0x000000073b000000, 0x000000073b000000| Untracked 
| 473|0x000000073b200000, 0x000000073b200000, 0x000000073b400000|  0%| F|  |TAMS 0x000000073b200000, 0x000000073b200000| Untracked 
| 474|0x000000073b400000, 0x000000073b400000, 0x000000073b600000|  0%| F|  |TAMS 0x000000073b400000, 0x000000073b400000| Untracked 
| 475|0x000000073b600000, 0x000000073b600000, 0x000000073b800000|  0%| F|  |TAMS 0x000000073b600000, 0x000000073b600000| Untracked 
| 476|0x000000073b800000, 0x000000073b800000, 0x000000073ba00000|  0%| F|  |TAMS 0x000000073b800000, 0x000000073b800000| Untracked 
| 477|0x000000073ba00000, 0x000000073ba00000, 0x000000073bc00000|  0%| F|  |TAMS 0x000000073ba00000, 0x000000073ba00000| Untracked 
| 478|0x000000073bc00000, 0x000000073bc00000, 0x000000073be00000|  0%| F|  |TAMS 0x000000073bc00000, 0x000000073bc00000| Untracked 
| 479|0x000000073be00000, 0x000000073be00000, 0x000000073c000000|  0%| F|  |TAMS 0x000000073be00000, 0x000000073be00000| Untracked 
| 480|0x000000073c000000, 0x000000073c000000, 0x000000073c200000|  0%| F|  |TAMS 0x000000073c000000, 0x000000073c000000| Untracked 
| 481|0x000000073c200000, 0x000000073c200000, 0x000000073c400000|  0%| F|  |TAMS 0x000000073c200000, 0x000000073c200000| Untracked 
| 482|0x000000073c400000, 0x000000073c400000, 0x000000073c600000|  0%| F|  |TAMS 0x000000073c400000, 0x000000073c400000| Untracked 
| 483|0x000000073c600000, 0x000000073c600000, 0x000000073c800000|  0%| F|  |TAMS 0x000000073c600000, 0x000000073c600000| Untracked 
| 484|0x000000073c800000, 0x000000073c800000, 0x000000073ca00000|  0%| F|  |TAMS 0x000000073c800000, 0x000000073c800000| Untracked 
| 485|0x000000073ca00000, 0x000000073ca00000, 0x000000073cc00000|  0%| F|  |TAMS 0x000000073ca00000, 0x000000073ca00000| Untracked 
| 486|0x000000073cc00000, 0x000000073cc00000, 0x000000073ce00000|  0%| F|  |TAMS 0x000000073cc00000, 0x000000073cc00000| Untracked 
| 487|0x000000073ce00000, 0x000000073ce00000, 0x000000073d000000|  0%| F|  |TAMS 0x000000073ce00000, 0x000000073ce00000| Untracked 
| 488|0x000000073d000000, 0x000000073d000000, 0x000000073d200000|  0%| F|  |TAMS 0x000000073d000000, 0x000000073d000000| Untracked 
| 489|0x000000073d200000, 0x000000073d200000, 0x000000073d400000|  0%| F|  |TAMS 0x000000073d200000, 0x000000073d200000| Untracked 
| 490|0x000000073d400000, 0x000000073d400000, 0x000000073d600000|  0%| F|  |TAMS 0x000000073d400000, 0x000000073d400000| Untracked 
| 491|0x000000073d600000, 0x000000073d600000, 0x000000073d800000|  0%| F|  |TAMS 0x000000073d600000, 0x000000073d600000| Untracked 
| 492|0x000000073d800000, 0x000000073d800000, 0x000000073da00000|  0%| F|  |TAMS 0x000000073d800000, 0x000000073d800000| Untracked 
| 493|0x000000073da00000, 0x000000073da00000, 0x000000073dc00000|  0%| F|  |TAMS 0x000000073da00000, 0x000000073da00000| Untracked 
| 494|0x000000073dc00000, 0x000000073dd00000, 0x000000073de00000| 50%| S|CS|TAMS 0x000000073dc00000, 0x000000073dc00000| Complete 
| 495|0x000000073de00000, 0x000000073e000000, 0x000000073e000000|100%| S|CS|TAMS 0x000000073de00000, 0x000000073de00000| Complete 
| 496|0x000000073e000000, 0x000000073e200000, 0x000000073e200000|100%| S|CS|TAMS 0x000000073e000000, 0x000000073e000000| Complete 
| 497|0x000000073e200000, 0x000000073e200000, 0x000000073e400000|  0%| F|  |TAMS 0x000000073e200000, 0x000000073e200000| Untracked 
| 498|0x000000073e400000, 0x000000073e400000, 0x000000073e600000|  0%| F|  |TAMS 0x000000073e400000, 0x000000073e400000| Untracked 
| 499|0x000000073e600000, 0x000000073e600000, 0x000000073e800000|  0%| F|  |TAMS 0x000000073e600000, 0x000000073e600000| Untracked 
| 500|0x000000073e800000, 0x000000073e800000, 0x000000073ea00000|  0%| F|  |TAMS 0x000000073e800000, 0x000000073e800000| Untracked 
| 501|0x000000073ea00000, 0x000000073ea00000, 0x000000073ec00000|  0%| F|  |TAMS 0x000000073ea00000, 0x000000073ea00000| Untracked 
| 502|0x000000073ec00000, 0x000000073ec00000, 0x000000073ee00000|  0%| F|  |TAMS 0x000000073ec00000, 0x000000073ec00000| Untracked 
| 503|0x000000073ee00000, 0x000000073ee00000, 0x000000073f000000|  0%| F|  |TAMS 0x000000073ee00000, 0x000000073ee00000| Untracked 
| 504|0x000000073f000000, 0x000000073f000000, 0x000000073f200000|  0%| F|  |TAMS 0x000000073f000000, 0x000000073f000000| Untracked 
| 505|0x000000073f200000, 0x000000073f200000, 0x000000073f400000|  0%| F|  |TAMS 0x000000073f200000, 0x000000073f200000| Untracked 
| 506|0x000000073f400000, 0x000000073f400000, 0x000000073f600000|  0%| F|  |TAMS 0x000000073f400000, 0x000000073f400000| Untracked 
| 507|0x000000073f600000, 0x000000073f600000, 0x000000073f800000|  0%| F|  |TAMS 0x000000073f600000, 0x000000073f600000| Untracked 
| 508|0x000000073f800000, 0x000000073f800000, 0x000000073fa00000|  0%| F|  |TAMS 0x000000073f800000, 0x000000073f800000| Untracked 
| 509|0x000000073fa00000, 0x000000073fa00000, 0x000000073fc00000|  0%| F|  |TAMS 0x000000073fa00000, 0x000000073fa00000| Untracked 
| 510|0x000000073fc00000, 0x000000073fc00000, 0x000000073fe00000|  0%| F|  |TAMS 0x000000073fc00000, 0x000000073fc00000| Untracked 
| 511|0x000000073fe00000, 0x000000073fe00000, 0x0000000740000000|  0%| F|  |TAMS 0x000000073fe00000, 0x000000073fe00000| Untracked 
| 512|0x0000000740000000, 0x0000000740000000, 0x0000000740200000|  0%| F|  |TAMS 0x0000000740000000, 0x0000000740000000| Untracked 
|2034|0x00000007fe400000, 0x00000007fe600000, 0x00000007fe600000|100%| O|  |TAMS 0x00000007fe600000, 0x00000007fe400000| Untracked 
|2035|0x00000007fe600000, 0x00000007fe800000, 0x00000007fe800000|100%| O|  |TAMS 0x00000007fe800000, 0x00000007fe600000| Untracked 
|2036|0x00000007fe800000, 0x00000007fea00000, 0x00000007fea00000|100%| O|  |TAMS 0x00000007fea00000, 0x00000007fe800000| Untracked 
|2037|0x00000007fea00000, 0x00000007fec00000, 0x00000007fec00000|100%| O|  |TAMS 0x00000007fec00000, 0x00000007fea00000| Untracked 
|2038|0x00000007fec00000, 0x00000007fee00000, 0x00000007fee00000|100%| O|  |TAMS 0x00000007fee00000, 0x00000007fec00000| Untracked 
|2039|0x00000007fee00000, 0x00000007ff000000, 0x00000007ff000000|100%| O|  |TAMS 0x00000007ff000000, 0x00000007fee00000| Untracked 
|2040|0x00000007ff000000, 0x00000007ff200000, 0x00000007ff200000|100%| O|  |TAMS 0x00000007ff200000, 0x00000007ff000000| Untracked 
|2041|0x00000007ff200000, 0x00000007ff400000, 0x00000007ff400000|100%| O|  |TAMS 0x00000007ff400000, 0x00000007ff200000| Untracked 
|2042|0x00000007ff400000, 0x00000007ff600000, 0x00000007ff600000|100%| O|  |TAMS 0x00000007ff600000, 0x00000007ff400000| Untracked 
|2043|0x00000007ff600000, 0x00000007ff800000, 0x00000007ff800000|100%| O|  |TAMS 0x00000007ff800000, 0x00000007ff600000| Untracked 
|2044|0x00000007ff800000, 0x00000007ffa00000, 0x00000007ffa00000|100%| O|  |TAMS 0x00000007ffa00000, 0x00000007ff800000| Untracked 
|2045|0x00000007ffa00000, 0x00000007ffc00000, 0x00000007ffc00000|100%| O|  |TAMS 0x00000007ffc00000, 0x00000007ffa00000| Untracked 
|2046|0x00000007ffc00000, 0x00000007ffd75000, 0x00000007ffe00000| 72%|OA|  |TAMS 0x00000007ffd75000, 0x00000007ffc00000| Untracked 
|2047|0x00000007ffe00000, 0x00000007ffe78000, 0x0000000800000000| 23%|CA|  |TAMS 0x00000007ffe78000, 0x00000007ffe00000| Untracked 

Card table byte_map: [0x00007f3998477000,0x00007f3998c77000] _byte_map_base: 0x00007f3994c77000

Marking Bits (Prev, Next): (CMBitMap*) 0x00007f3994086ad0, (CMBitMap*) 0x00007f3994086a90
 Prev Bits: [0x00007f3974d4d000, 0x00007f3978d4d000)
 Next Bits: [0x00007f3978d4d000, 0x00007f397cd4d000)

Polling page: 0x00007f399b239000

Metaspace:

Usage:
  Non-class:     50.29 MB used.
      Class:      8.07 MB used.
       Both:     58.36 MB used.

Virtual space:
  Non-class space:       64.00 MB reserved,      50.56 MB ( 79%) committed,  1 nodes.
      Class space:        1.00 GB reserved,       8.38 MB ( <1%) committed,  1 nodes.
             Both:        1.06 GB reserved,      58.94 MB (  5%) committed. 

Chunk freelists:
   Non-Class:  12.97 MB
       Class:  7.48 MB
        Both:  20.45 MB

MaxMetaspaceSize: unlimited
CompressedClassSpaceSize: 1.00 GB
Initial GC threshold: 21.00 MB
Current GC threshold: 97.50 MB
CDS: on
MetaspaceReclaimPolicy: balanced
 - commit_granule_bytes: 65536.
 - commit_granule_words: 8192.
 - virtual_space_node_default_size: 8388608.
 - enlarge_chunks_in_place: 1.
 - new_chunks_are_fully_committed: 0.
 - uncommit_free_chunks: 1.
 - use_allocation_guard: 0.
 - handle_deallocations: 1.


Internal statistics:

num_allocs_failed_limit: 6.
num_arena_births: 614.
num_arena_deaths: 0.
num_vsnodes_births: 2.
num_vsnodes_deaths: 0.
num_space_committed: 943.
num_space_uncommitted: 0.
num_chunks_returned_to_freelist: 6.
num_chunks_taken_from_freelist: 2883.
num_chunk_merges: 6.
num_chunk_splits: 1860.
num_chunks_enlarged: 1213.
num_inconsistent_stats: 0.

CodeHeap 'non-profiled nmethods': size=120036Kb used=3190Kb max_used=3727Kb free=116845Kb
 bounds [0x00007f3985014000, 0x00007f39853c4000, 0x00007f398c54d000]
CodeHeap 'profiled nmethods': size=120032Kb used=11800Kb max_used=13472Kb free=108232Kb
 bounds [0x00007f397d54d000, 0x00007f397e27d000, 0x00007f3984a85000]
CodeHeap 'non-nmethods': size=5692Kb used=2363Kb max_used=2469Kb free=3328Kb
 bounds [0x00007f3984a85000, 0x00007f3984d05000, 0x00007f3985014000]
 total_blobs=7385 nmethods=6509 adapters=789
 compilation: enabled
              stopped_count=0, restarted_count=0
 full_count=0

Compilation events (20 events):
Event: 30.873 Thread 0x00007f39940f3960 8174       2       org.objectweb.asm.tree.IincInsnNode::accept (18 bytes)
Event: 30.873 Thread 0x00007f39940f3960 nmethod 8174 0x00007f397db34410 code [0x00007f397db345c0, 0x00007f397db34710]
Event: 30.873 Thread 0x00007f39940f3960 8175       2       org.objectweb.asm.MethodWriter::visitIincInsn (135 bytes)
Event: 30.874 Thread 0x00007f39940f3960 nmethod 8175 0x00007f397e0d4510 code [0x00007f397e0d4700, 0x00007f397e0d49b0]
Event: 30.888 Thread 0x00007f39940f3960 8177 %     3       org.objectweb.asm.tree.ClassNode::accept @ 689 (723 bytes)
Event: 30.891 Thread 0x00007f39940f3960 nmethod 8177% 0x00007f397dc0a110 code [0x00007f397dc0a6c0, 0x00007f397dc0e160]
Event: 30.891 Thread 0x00007f39940f3960 8178       3       org.objectweb.asm.tree.ClassNode::accept (723 bytes)
Event: 30.893 Thread 0x00007f39940f3960 nmethod 8178 0x00007f397d87bf90 code [0x00007f397d87c540, 0x00007f397d87ff40]
Event: 30.896 Thread 0x00007f39940f3960 8179       3       org.objectweb.asm.Type::getArgumentsAndReturnSizes (140 bytes)
Event: 30.950 Thread 0x00007f39940f3960 nmethod 8179 0x00007f397d959990 code [0x00007f397d959da0, 0x00007f397d95bc50]
Event: 30.950 Thread 0x00007f39940f3960 8180       3       java.util.concurrent.locks.AbstractQueuedSynchronizer$Node::getAndUnsetStatus (14 bytes)
Event: 30.950 Thread 0x00007f39940f3960 nmethod 8180 0x00007f397dd5e890 code [0x00007f397dd5ea40, 0x00007f397dd5ed20]
Event: 30.950 Thread 0x00007f39940f3960 8181       2       java.lang.invoke.DirectMethodHandle$Holder::invokeStatic (17 bytes)
Event: 30.950 Thread 0x00007f39940f3960 nmethod 8181 0x00007f397db57810 code [0x00007f397db579c0, 0x00007f397db57b10]
Event: 30.956 Thread 0x00007f39940f3960 8183       3       java.util.HashMap::removeNode (291 bytes)
Event: 30.957 Thread 0x00007f39940f3960 nmethod 8183 0x00007f397e16c890 code [0x00007f397e16cb40, 0x00007f397e16df50]
Event: 30.957 Thread 0x00007f39940f3960 8184       3       org.objectweb.asm.Type::getDescriptor (93 bytes)
Event: 30.957 Thread 0x00007f39940f3960 nmethod 8184 0x00007f397e0a9210 code [0x00007f397e0a9440, 0x00007f397e0a97f0]
Event: 30.957 Thread 0x00007f39940f3960 8185       3       org.objectweb.asm.ByteVector::put112 (80 bytes)
Event: 30.957 Thread 0x00007f39940f3960 nmethod 8185 0x00007f397dddf310 code [0x00007f397dddf4c0, 0x00007f397dddf720]

GC Heap History (20 events):
Event: 21.753 GC heap after
{Heap after GC invocations=39 (full 0):
 garbage-first heap   total 483328K, used 117778K [0x0000000700000000, 0x0000000800000000)
  region size 2048K, 3 young (6144K), 3 survivors (6144K)
 Metaspace       used 59345K, committed 59904K, reserved 1114112K
  class space    used 8248K, committed 8512K, reserved 1048576K
}
Event: 22.252 GC heap before
{Heap before GC invocations=39 (full 0):
 garbage-first heap   total 483328K, used 216082K [0x0000000700000000, 0x0000000800000000)
  region size 2048K, 51 young (104448K), 3 survivors (6144K)
 Metaspace       used 59346K, committed 59904K, reserved 1114112K
  class space    used 8248K, committed 8512K, reserved 1048576K
}
Event: 22.262 GC heap after
{Heap after GC invocations=40 (full 0):
 garbage-first heap   total 483328K, used 119480K [0x0000000700000000, 0x0000000800000000)
  region size 2048K, 4 young (8192K), 4 survivors (8192K)
 Metaspace       used 59346K, committed 59904K, reserved 1114112K
  class space    used 8248K, committed 8512K, reserved 1048576K
}
Event: 23.755 GC heap before
{Heap before GC invocations=40 (full 0):
 garbage-first heap   total 483328K, used 367288K [0x0000000700000000, 0x0000000800000000)
  region size 2048K, 126 young (258048K), 4 survivors (8192K)
 Metaspace       used 59347K, committed 59904K, reserved 1114112K
  class space    used 8248K, committed 8512K, reserved 1048576K
}
Event: 23.770 GC heap after
{Heap after GC invocations=41 (full 0):
 garbage-first heap   total 483328K, used 125442K [0x0000000700000000, 0x0000000800000000)
  region size 2048K, 7 young (14336K), 7 survivors (14336K)
 Metaspace       used 59347K, committed 59904K, reserved 1114112K
  class space    used 8248K, committed 8512K, reserved 1048576K
}
Event: 25.085 GC heap before
{Heap before GC invocations=41 (full 0):
 garbage-first heap   total 483328K, used 373250K [0x0000000700000000, 0x0000000800000000)
  region size 2048K, 128 young (262144K), 7 survivors (14336K)
 Metaspace       used 59356K, committed 59904K, reserved 1114112K
  class space    used 8248K, committed 8512K, reserved 1048576K
}
Event: 25.351 GC heap after
{Heap after GC invocations=42 (full 0):
 garbage-first heap   total 485376K, used 219602K [0x0000000700000000, 0x0000000800000000)
  region size 2048K, 16 young (32768K), 16 survivors (32768K)
 Metaspace       used 59356K, committed 59904K, reserved 1114112K
  class space    used 8248K, committed 8512K, reserved 1048576K
}
Event: 25.794 GC heap before
{Heap before GC invocations=42 (full 0):
 garbage-first heap   total 485376K, used 348626K [0x0000000700000000, 0x0000000800000000)
  region size 2048K, 79 young (161792K), 16 survivors (32768K)
 Metaspace       used 59384K, committed 59904K, reserved 1114112K
  class space    used 8251K, committed 8512K, reserved 1048576K
}
Event: 25.995 GC heap after
{Heap after GC invocations=43 (full 0):
 garbage-first heap   total 485376K, used 271284K [0x0000000700000000, 0x0000000800000000)
  region size 2048K, 10 young (20480K), 10 survivors (20480K)
 Metaspace       used 59384K, committed 59904K, reserved 1114112K
  class space    used 8251K, committed 8512K, reserved 1048576K
}
Event: 26.289 GC heap before
{Heap before GC invocations=43 (full 0):
 garbage-first heap   total 485376K, used 361396K [0x0000000700000000, 0x0000000800000000)
  region size 2048K, 54 young (110592K), 10 survivors (20480K)
 Metaspace       used 59385K, committed 59904K, reserved 1114112K
  class space    used 8251K, committed 8512K, reserved 1048576K
}
Event: 26.378 GC heap after
{Heap after GC invocations=44 (full 0):
 garbage-first heap   total 1079296K, used 281524K [0x0000000700000000, 0x0000000800000000)
  region size 2048K, 5 young (10240K), 5 survivors (10240K)
 Metaspace       used 59385K, committed 59904K, reserved 1114112K
  class space    used 8251K, committed 8512K, reserved 1048576K
}
Event: 27.484 GC heap before
{Heap before GC invocations=44 (full 0):
 garbage-first heap   total 1079296K, used 457652K [0x0000000700000000, 0x0000000800000000)
  region size 2048K, 91 young (186368K), 5 survivors (10240K)
 Metaspace       used 59400K, committed 59904K, reserved 1114112K
  class space    used 8252K, committed 8512K, reserved 1048576K
}
Event: 27.571 GC heap after
{Heap after GC invocations=45 (full 0):
 garbage-first heap   total 1079296K, used 305076K [0x0000000700000000, 0x0000000800000000)
  region size 2048K, 12 young (24576K), 12 survivors (24576K)
 Metaspace       used 59400K, committed 59904K, reserved 1114112K
  class space    used 8252K, committed 8512K, reserved 1048576K
}
Event: 28.381 GC heap before
{Heap before GC invocations=46 (full 0):
 garbage-first heap   total 1079296K, used 442292K [0x0000000700000000, 0x0000000800000000)
  region size 2048K, 79 young (161792K), 12 survivors (24576K)
 Metaspace       used 59405K, committed 59968K, reserved 1114112K
  class space    used 8252K, committed 8512K, reserved 1048576K
}
Event: 28.590 GC heap after
{Heap after GC invocations=47 (full 0):
 garbage-first heap   total 1079296K, used 359348K [0x0000000700000000, 0x0000000800000000)
  region size 2048K, 10 young (20480K), 10 survivors (20480K)
 Metaspace       used 59405K, committed 59968K, reserved 1114112K
  class space    used 8252K, committed 8512K, reserved 1048576K
}
Event: 28.751 GC heap before
{Heap before GC invocations=47 (full 0):
 garbage-first heap   total 1079296K, used 392116K [0x0000000700000000, 0x0000000800000000)
  region size 2048K, 26 young (53248K), 10 survivors (20480K)
 Metaspace       used 59405K, committed 59968K, reserved 1114112K
  class space    used 8252K, committed 8512K, reserved 1048576K
}
Event: 28.798 GC heap after
{Heap after GC invocations=48 (full 0):
 garbage-first heap   total 1079296K, used 371636K [0x0000000700000000, 0x0000000800000000)
  region size 2048K, 4 young (8192K), 4 survivors (8192K)
 Metaspace       used 59405K, committed 59968K, reserved 1114112K
  class space    used 8252K, committed 8512K, reserved 1048576K
}
Event: 30.176 GC heap before
{Heap before GC invocations=48 (full 0):
 garbage-first heap   total 1079296K, used 590772K [0x0000000700000000, 0x0000000800000000)
  region size 2048K, 111 young (227328K), 4 survivors (8192K)
 Metaspace       used 59695K, committed 60288K, reserved 1114112K
  class space    used 8265K, committed 8576K, reserved 1048576K
}
Event: 30.377 GC heap after
{Heap after GC invocations=49 (full 0):
 garbage-first heap   total 1079296K, used 438196K [0x0000000700000000, 0x0000000800000000)
  region size 2048K, 14 young (28672K), 14 survivors (28672K)
 Metaspace       used 59695K, committed 60288K, reserved 1114112K
  class space    used 8265K, committed 8576K, reserved 1048576K
}
Event: 30.981 GC heap before
{Heap before GC invocations=49 (full 0):
 garbage-first heap   total 1079296K, used 470964K [0x0000000700000000, 0x0000000800000000)
  region size 2048K, 30 young (61440K), 14 survivors (28672K)
 Metaspace       used 59760K, committed 60352K, reserved 1114112K
  class space    used 8265K, committed 8576K, reserved 1048576K
}

Dll operation events (14 events):
Event: 0.004 Loaded shared library /usr/lib/jvm/java-17-openjdk-amd64/lib/libjava.so
Event: 0.075 Loaded shared library /usr/lib/jvm/java-17-openjdk-amd64/lib/libjsvml.so
Event: 0.170 Loaded shared library /usr/lib/jvm/java-17-openjdk-amd64/lib/libzip.so
Event: 0.172 Loaded shared library /usr/lib/jvm/java-17-openjdk-amd64/lib/libinstrument.so
Event: 0.174 Loaded shared library /usr/lib/jvm/java-17-openjdk-amd64/lib/libnio.so
Event: 0.178 Loaded shared library /usr/lib/jvm/java-17-openjdk-amd64/lib/libzip.so
Event: 0.349 Loaded shared library /usr/lib/jvm/java-17-openjdk-amd64/lib/libjimage.so
Event: 0.385 Loaded shared library /usr/lib/jvm/java-17-openjdk-amd64/lib/libverify.so
Event: 0.666 Loaded shared library /usr/lib/jvm/java-17-openjdk-amd64/lib/libnet.so
Event: 0.667 Loaded shared library /root/.gradle/native/68d5fa5c4cc2d200863cafc0d521ce42e7d3e7ee720ec0a83991735586a16f82/linux-amd64/libnative-platform.so
Event: 0.674 Loaded shared library /root/.gradle/native/e376f236ea51e6404a007f0833ffe2c6e607c4080706a723a18a27aeea778392/linux-amd64/libnative-platform-file-events.so
Event: 1.864 Loaded shared library /usr/lib/jvm/java-17-openjdk-amd64/lib/libmanagement.so
Event: 1.865 Loaded shared library /usr/lib/jvm/java-17-openjdk-amd64/lib/libmanagement_ext.so
Event: 2.165 Loaded shared library /usr/lib/jvm/java-17-openjdk-amd64/lib/libextnet.so

Deoptimization events (20 events):
Event: 29.383 Thread 0x00007f390c00cef0 DEOPT PACKING pc=0x00007f397e24604e sp=0x00007f3964df3d10
Event: 29.383 Thread 0x00007f390c00cef0 DEOPT UNPACKING pc=0x00007f3984adf64f sp=0x00007f3964df3460 mode 0
Event: 29.389 Thread 0x00007f390c00cef0 DEOPT PACKING pc=0x00007f397e24604e sp=0x00007f3964df3d10
Event: 29.389 Thread 0x00007f390c00cef0 DEOPT UNPACKING pc=0x00007f3984adf64f sp=0x00007f3964df3460 mode 0
Event: 29.450 Thread 0x00007f390c00cef0 DEOPT PACKING pc=0x00007f397e24604e sp=0x00007f3964df3d10
Event: 29.450 Thread 0x00007f390c00cef0 DEOPT UNPACKING pc=0x00007f3984adf64f sp=0x00007f3964df3460 mode 0
Event: 29.892 Thread 0x00007f390c00cef0 Uncommon trap: trap_request=0xffffffcc fr.pc=0x00007f398517ae14 relative=0x0000000000000274
Event: 29.892 Thread 0x00007f390c00cef0 Uncommon trap: reason=intrinsic_or_type_checked_inlining action=make_not_entrant pc=0x00007f398517ae14 method=java.util.ArrayList.toArray([Ljava/lang/Object;)[Ljava/lang/Object; @ 36 c2
Event: 29.892 Thread 0x00007f390c00cef0 DEOPT PACKING pc=0x00007f398517ae14 sp=0x00007f3964df45b0
Event: 29.892 Thread 0x00007f390c00cef0 DEOPT UNPACKING pc=0x00007f3984adeb19 sp=0x00007f3964df4580 mode 2
Event: 30.096 Thread 0x00007f390c00cef0 DEOPT PACKING pc=0x00007f397d8795c5 sp=0x00007f3964df4460
Event: 30.096 Thread 0x00007f390c00cef0 DEOPT UNPACKING pc=0x00007f3984adf64f sp=0x00007f3964df3988 mode 0
Event: 30.577 Thread 0x00007f390c00cef0 DEOPT PACKING pc=0x00007f397d6721a3 sp=0x00007f3964df4140
Event: 30.578 Thread 0x00007f390c00cef0 DEOPT UNPACKING pc=0x00007f3984adf64f sp=0x00007f3964df3678 mode 0
Event: 30.665 Thread 0x00007f390c00cef0 DEOPT PACKING pc=0x00007f397d6a79a8 sp=0x00007f3964df44e0
Event: 30.665 Thread 0x00007f390c00cef0 DEOPT UNPACKING pc=0x00007f3984adf64f sp=0x00007f3964df3ab8 mode 0
Event: 30.865 Thread 0x00007f390c00cef0 DEOPT PACKING pc=0x00007f397dacd730 sp=0x00007f3964df4210
Event: 30.865 Thread 0x00007f390c00cef0 DEOPT UNPACKING pc=0x00007f3984adf64f sp=0x00007f3964df36f0 mode 0
Event: 30.893 Thread 0x00007f390c00cef0 DEOPT PACKING pc=0x00007f397e19cb1e sp=0x00007f3964df45b0
Event: 30.893 Thread 0x00007f390c00cef0 DEOPT UNPACKING pc=0x00007f3984adf64f sp=0x00007f3964df3b08 mode 0

Classes loaded (20 events):
Event: 18.950 Loading class java/io/FilterReader
Event: 18.951 Loading class java/io/FilterReader done
Event: 19.805 Loading class java/util/zip/ZipOutputStream
Event: 19.805 Loading class java/util/zip/ZipOutputStream done
Event: 19.805 Loading class java/util/zip/Deflater
Event: 19.805 Loading class java/util/zip/Deflater done
Event: 19.805 Loading class java/util/zip/Deflater$DeflaterZStreamRef
Event: 19.805 Loading class java/util/zip/Deflater$DeflaterZStreamRef done
Event: 19.887 Loading class java/util/regex/Pattern$1
Event: 19.887 Loading class java/util/regex/Pattern$1 done
Event: 25.351 Loading class sun/security/ssl/Alert
Event: 25.352 Loading class sun/security/ssl/Alert done
Event: 25.352 Loading class sun/security/ssl/Alert$AlertConsumer
Event: 25.352 Loading class sun/security/ssl/Alert$AlertConsumer done
Event: 25.352 Loading class sun/security/ssl/Alert$Level
Event: 25.352 Loading class sun/security/ssl/Alert$Level done
Event: 25.357 Loading class java/net/SocketTimeoutException
Event: 25.357 Loading class java/io/InterruptedIOException
Event: 25.357 Loading class java/io/InterruptedIOException done
Event: 25.357 Loading class java/net/SocketTimeoutException done

Classes unloaded (0 events):
No events

Classes redefined (0 events):
No events

Internal exceptions (20 events):
Event: 18.953 Thread 0x00007f390c00cef0 Exception <a 'java/lang/ClassNotFoundException'{0x000000070bda50a0}: org/gradle/api/tasks/bundling/AbstractArchiveTaskCustomizer> (0x000000070bda50a0) 
thrown [./src/hotspot/share/classfile/systemDictionary.cpp, line 256]
Event: 18.954 Thread 0x00007f390c00cef0 Exception <a 'java/lang/ClassNotFoundException'{0x000000070bde35b0}: org/gradle/api/tasks/bundling/ZipCustomizer> (0x000000070bde35b0) 
thrown [./src/hotspot/share/classfile/systemDictionary.cpp, line 256]
Event: 18.955 Thread 0x00007f390c00cef0 Exception <a 'java/lang/ClassNotFoundException'{0x000000070ba194c0}: org/gradle/jvm/tasks/JarCustomizer> (0x000000070ba194c0) 
thrown [./src/hotspot/share/classfile/systemDictionary.cpp, line 256]
Event: 18.956 Thread 0x00007f390c00cef0 Exception <a 'java/lang/ClassNotFoundException'{0x000000070ba524a0}: org/gradle/api/tasks/bundling/JarCustomizer> (0x000000070ba524a0) 
thrown [./src/hotspot/share/classfile/systemDictionary.cpp, line 256]
Event: 18.957 Thread 0x00007f390c00cef0 Exception <a 'java/lang/ClassNotFoundException'{0x000000070ba86be0}: org/gradle/api/tasks/bundling/Jar_DecoratedCustomizer> (0x000000070ba86be0) 
thrown [./src/hotspot/share/classfile/systemDictionary.cpp, line 256]
Event: 18.983 Thread 0x00007f390c00cef0 Exception <a 'java/lang/ClassNotFoundException'{0x000000070b9a1f60}: org/gradle/api/tasks/javadoc/Javadoc_DecoratedBeanInfo> (0x000000070b9a1f60) 
thrown [./src/hotspot/share/classfile/systemDictionary.cpp, line 256]
Event: 18.983 Thread 0x00007f390c00cef0 Exception <a 'java/lang/ClassNotFoundException'{0x000000070b9b7f38}: org/gradle/api/tasks/javadoc/JavadocBeanInfo> (0x000000070b9b7f38) 
thrown [./src/hotspot/share/classfile/systemDictionary.cpp, line 256]
Event: 18.983 Thread 0x00007f390c00cef0 Exception <a 'java/lang/ClassNotFoundException'{0x000000070b9cb7f0}: org/gradle/api/tasks/SourceTaskBeanInfo> (0x000000070b9cb7f0) 
thrown [./src/hotspot/share/classfile/systemDictionary.cpp, line 256]
Event: 18.984 Thread 0x00007f390c00cef0 Exception <a 'java/lang/ClassNotFoundException'{0x000000070b9df0e0}: org/gradle/api/tasks/SourceTaskCustomizer> (0x000000070b9df0e0) 
thrown [./src/hotspot/share/classfile/systemDictionary.cpp, line 256]
Event: 18.985 Thread 0x00007f390c00cef0 Exception <a 'java/lang/ClassNotFoundException'{0x000000070b619420}: org/gradle/api/tasks/javadoc/JavadocCustomizer> (0x000000070b619420) 
thrown [./src/hotspot/share/classfile/systemDictionary.cpp, line 256]
Event: 18.986 Thread 0x00007f390c00cef0 Exception <a 'java/lang/ClassNotFoundException'{0x000000070b654088}: org/gradle/api/tasks/javadoc/Javadoc_DecoratedCustomizer> (0x000000070b654088) 
thrown [./src/hotspot/share/classfile/systemDictionary.cpp, line 256]
Event: 18.992 Thread 0x00007f390c00cef0 Exception <a 'java/lang/ClassNotFoundException'{0x000000070b7288e0}: org/gradle/external/javadoc/StandardJavadocDocletOptionsBeanInfo> (0x000000070b7288e0) 
thrown [./src/hotspot/share/classfile/systemDictionary.cpp, line 256]
Event: 18.993 Thread 0x00007f390c00cef0 Exception <a 'java/lang/ClassNotFoundException'{0x000000070b73e8c0}: org/gradle/external/javadoc/CoreJavadocOptionsBeanInfo> (0x000000070b73e8c0) 
thrown [./src/hotspot/share/classfile/systemDictionary.cpp, line 256]
Event: 18.993 Thread 0x00007f390c00cef0 Exception <a 'java/lang/ClassNotFoundException'{0x000000070b754c98}: org/gradle/external/javadoc/CoreJavadocOptionsCustomizer> (0x000000070b754c98) 
thrown [./src/hotspot/share/classfile/systemDictionary.cpp, line 256]
Event: 18.995 Thread 0x00007f390c00cef0 Exception <a 'java/lang/ClassNotFoundException'{0x000000070b7af438}: org/gradle/external/javadoc/StandardJavadocDocletOptionsCustomizer> (0x000000070b7af438) 
thrown [./src/hotspot/share/classfile/systemDictionary.cpp, line 256]
Event: 19.053 Thread 0x00007f390c00cef0 Exception <a 'sun/nio/fs/UnixException'{0x000000070b48cbe8}> (0x000000070b48cbe8) 
thrown [./src/hotspot/share/prims/jni.cpp, line 516]
Event: 19.059 Thread 0x00007f390c00cef0 Exception <a 'sun/nio/fs/UnixException'{0x000000070b493880}> (0x000000070b493880) 
thrown [./src/hotspot/share/prims/jni.cpp, line 516]
Event: 19.597 Thread 0x00007f390c00cef0 Implicit null exception at 0x00007f398515d453 to 0x00007f398515def0
Event: 19.804 Thread 0x00007f390c00cef0 Exception <a 'sun/nio/fs/UnixException'{0x000000070d016608}> (0x000000070d016608) 
thrown [./src/hotspot/share/prims/jni.cpp, line 516]
Event: 25.353 Thread 0x00007f39593e77f0 Implicit null exception at 0x00007f39852ca1f3 to 0x00007f39852ca908

VM Operations (20 events):
Event: 29.884 Executing VM operation: HandshakeAllThreads done
Event: 29.886 Executing VM operation: HandshakeAllThreads
Event: 29.886 Executing VM operation: HandshakeAllThreads done
Event: 29.887 Executing VM operation: HandshakeAllThreads
Event: 29.887 Executing VM operation: HandshakeAllThreads done
Event: 29.889 Executing VM operation: HandshakeAllThreads
Event: 29.889 Executing VM operation: HandshakeAllThreads done
Event: 29.895 Executing VM operation: HandshakeAllThreads
Event: 29.895 Executing VM operation: HandshakeAllThreads done
Event: 29.897 Executing VM operation: HandshakeAllThreads
Event: 29.897 Executing VM operation: HandshakeAllThreads done
Event: 29.956 Executing VM operation: HandshakeAllThreads
Event: 29.956 Executing VM operation: HandshakeAllThreads done
Event: 29.976 Executing VM operation: HandshakeAllThreads
Event: 29.982 Executing VM operation: HandshakeAllThreads done
Event: 30.059 Executing VM operation: HandshakeAllThreads
Event: 30.059 Executing VM operation: HandshakeAllThreads done
Event: 30.175 Executing VM operation: G1CollectForAllocation
Event: 30.377 Executing VM operation: G1CollectForAllocation done
Event: 30.981 Executing VM operation: G1CollectForAllocation

Memory protections (20 events):
Event: 4.677 Protecting memory [0x00007f39643f3000,0x00007f39643f7000] with protection modes 0
Event: 4.898 Protecting memory [0x00007f39642f2000,0x00007f39642f6000] with protection modes 0
Event: 4.951 Protecting memory [0x00007f39641f1000,0x00007f39641f5000] with protection modes 0
Event: 5.173 Protecting memory [0x00007f39640f0000,0x00007f39640f4000] with protection modes 0
Event: 6.867 Protecting memory [0x00007f3916f00000,0x00007f3916f04000] with protection modes 0
Event: 7.455 Protecting memory [0x00007f3916dff000,0x00007f3916e03000] with protection modes 0
Event: 7.667 Protecting memory [0x00007f3916cfe000,0x00007f3916d02000] with protection modes 0
Event: 8.279 Protecting memory [0x00007f3916bfd000,0x00007f3916c01000] with protection modes 0
Event: 8.978 Protecting memory [0x00007f3916afc000,0x00007f3916b00000] with protection modes 0
Event: 10.878 Protecting memory [0x00007f39169fb000,0x00007f39169ff000] with protection modes 0
Event: 10.895 Protecting memory [0x00007f39168fa000,0x00007f39168fe000] with protection modes 0
Event: 11.078 Protecting memory [0x00007f39167f9000,0x00007f39167fd000] with protection modes 0
Event: 11.584 Protecting memory [0x00007f39166f8000,0x00007f39166fc000] with protection modes 0
Event: 12.187 Protecting memory [0x00007f39165f7000,0x00007f39165fb000] with protection modes 0
Event: 12.468 Protecting memory [0x00007f39164f6000,0x00007f39164fa000] with protection modes 0
Event: 13.260 Protecting memory [0x00007f3974098000,0x00007f397409c000] with protection modes 0
Event: 14.961 Protecting memory [0x00007f39163f5000,0x00007f39163f9000] with protection modes 0
Event: 15.084 Protecting memory [0x00007f39163f5000,0x00007f39163f9000] with protection modes 0
Event: 15.295 Protecting memory [0x00007f39162f4000,0x00007f39162f8000] with protection modes 0
Event: 16.046 Protecting memory [0x00007f39162f4000,0x00007f39162f8000] with protection modes 0

Nmethod flushes (20 events):
Event: 30.079 Thread 0x00007f39940f4dd0 flushing  nmethod 0x00007f397e1a8810
Event: 30.079 Thread 0x00007f39940f4dd0 flushing  nmethod 0x00007f397e1ab310
Event: 30.079 Thread 0x00007f39940f4dd0 flushing  nmethod 0x00007f397e1b5e10
Event: 30.079 Thread 0x00007f39940f4dd0 flushing osr nmethod 0x00007f397e1ca390
Event: 30.079 Thread 0x00007f39940f4dd0 flushing  nmethod 0x00007f397e1e6110
Event: 30.079 Thread 0x00007f39940f4dd0 flushing  nmethod 0x00007f397e206510
Event: 30.079 Thread 0x00007f39940f4dd0 flushing  nmethod 0x00007f397e20b910
Event: 30.079 Thread 0x00007f39940f4dd0 flushing  nmethod 0x00007f397e218010
Event: 30.079 Thread 0x00007f39940f4dd0 flushing  nmethod 0x00007f397e218410
Event: 30.079 Thread 0x00007f39940f4dd0 flushing osr nmethod 0x00007f397e221390
Event: 30.079 Thread 0x00007f39940f4dd0 flushing  nmethod 0x00007f397e23eb90
Event: 30.079 Thread 0x00007f39940f4dd0 flushing  nmethod 0x00007f397e24ec90
Event: 30.079 Thread 0x00007f39940f4dd0 flushing  nmethod 0x00007f397e255a10
Event: 30.079 Thread 0x00007f39940f4dd0 flushing  nmethod 0x00007f397e256090
Event: 30.079 Thread 0x00007f39940f4dd0 flushing  nmethod 0x00007f397e256b10
Event: 30.079 Thread 0x00007f39940f4dd0 flushing  nmethod 0x00007f397e257190
Event: 30.079 Thread 0x00007f39940f4dd0 flushing  nmethod 0x00007f397e258090
Event: 30.079 Thread 0x00007f39940f4dd0 flushing  nmethod 0x00007f397e25f090
Event: 30.079 Thread 0x00007f39940f4dd0 flushing  nmethod 0x00007f397e260090
Event: 30.079 Thread 0x00007f39940f4dd0 flushing  nmethod 0x00007f397e260590

Events (20 events):
Event: 6.867 Thread 0x00007f390c00cef0 Thread added: 0x00007f3958a11d70
Event: 7.455 Thread 0x00007f390c00cef0 Thread added: 0x00007f3958c59f00
Event: 7.659 Thread 0x00007f390c00cef0 Thread added: 0x00007f3958d20810
Event: 8.277 Thread 0x00007f390c00cef0 Thread added: 0x00007f3958dff970
Event: 8.971 Thread 0x00007f390c00cef0 Thread added: 0x00007f3958e8b040
Event: 10.877 Thread 0x00007f390c00cef0 Thread added: 0x00007f3958c17890
Event: 10.885 Thread 0x00007f3958c17890 Thread added: 0x00007f396c00b5d0
Event: 11.064 Thread 0x00007f396c00b5d0 Thread added: 0x00007f3968009e00
Event: 11.576 Thread 0x00007f396c00b5d0 Thread added: 0x00007f396808ae60
Event: 12.177 Thread 0x00007f390c00cef0 Thread added: 0x00007f3958c1c0a0
Event: 12.460 Thread 0x00007f390c00cef0 Thread added: 0x00007f3958826610
Event: 13.255 Thread 0x00007f390c00cef0 Thread added: 0x00007f395920bc40
Event: 14.959 Thread 0x00007f390c00cef0 Thread added: 0x00007f39593e3820
Event: 14.961 Thread 0x00007f39593e3820 Thread exited: 0x00007f39593e3820
Event: 15.083 Thread 0x00007f390c00cef0 Thread added: 0x00007f39593e77f0
Event: 15.295 Thread 0x00007f390c00cef0 Thread added: 0x00007f39593e68e0
Event: 15.296 Thread 0x00007f39593e68e0 Thread exited: 0x00007f39593e68e0
Event: 16.046 Thread 0x00007f390c00cef0 Thread added: 0x00007f3958589250
Event: 16.046 Thread 0x00007f3958589250 Thread exited: 0x00007f3958589250
Event: 25.361 Thread 0x00007f39593e77f0 Thread exited: 0x00007f39593e77f0


Dynamic libraries:
700000000-740200000 rw-p 00000000 00:00 0 
78ac00000-7fe400000 ---p 00000000 00:00 0 
7fe400000-7ffd00000 rw-p 00000000 00:00 0 
7ffd00000-7ffd75000 rw-p 00c7a000 00:25 13842                            /usr/lib/jvm/java-17-openjdk-amd64/lib/server/classes.jsa
7ffd75000-7ffe00000 rw-p 00000000 00:00 0 
7ffe00000-7ffe78000 rw-p 00c02000 00:25 13842                            /usr/lib/jvm/java-17-openjdk-amd64/lib/server/classes.jsa
7ffe78000-800000000 rw-p 00000000 00:00 0 
55c0b31e5000-55c0b31e6000 r--p 00000000 00:25 13485                      /usr/lib/jvm/java-17-openjdk-amd64/bin/java
55c0b31e6000-55c0b31e7000 r-xp 00001000 00:25 13485                      /usr/lib/jvm/java-17-openjdk-amd64/bin/java
55c0b31e7000-55c0b31e8000 r--p 00002000 00:25 13485                      /usr/lib/jvm/java-17-openjdk-amd64/bin/java
55c0b31e8000-55c0b31e9000 r--p 00002000 00:25 13485                      /usr/lib/jvm/java-17-openjdk-amd64/bin/java
55c0b31e9000-55c0b31ea000 rw-p 00003000 00:25 13485                      /usr/lib/jvm/java-17-openjdk-amd64/bin/java
55c0b4c98000-55c0b4cdf000 rw-p 00000000 00:00 0                          [heap]
7f38f0000000-7f38f08dd000 rw-p 00000000 00:00 0 
7f38f08dd000-7f38f4000000 ---p 00000000 00:00 0 
7f38f4000000-7f38f4021000 rw-p 00000000 00:00 0 
7f38f4021000-7f38f8000000 ---p 00000000 00:00 0 
7f38f8000000-7f38f8021000 rw-p 00000000 00:00 0 
7f38f8021000-7f38fc000000 ---p 00000000 00:00 0 
7f38fc000000-7f38fe341000 rw-p 00000000 00:00 0 
7f38fe341000-7f3900000000 ---p 00000000 00:00 0 
7f3900000000-7f3900021000 rw-p 00000000 00:00 0 
7f3900021000-7f3904000000 ---p 00000000 00:00 0 
7f3904000000-7f3904054000 rw-p 00000000 00:00 0 
7f3904054000-7f3908000000 ---p 00000000 00:00 0 
7f3908000000-7f3908027000 rw-p 00000000 00:00 0 
7f3908027000-7f390c000000 ---p 00000000 00:00 0 
7f390c000000-7f390c021000 rw-p 00000000 00:00 0 
7f390c021000-7f3910000000 ---p 00000000 00:00 0 
7f3910000000-7f391062a000 rw-p 00000000 00:00 0 
7f391062a000-7f3914000000 ---p 00000000 00:00 0 
7f39162f3000-7f39162f4000 ---p 00000000 00:00 0 
7f39162f4000-7f39162f8000 ---p 00000000 00:00 0 
7f39162f8000-7f39163f4000 rw-p 00000000 00:00 0 
7f39163f4000-7f39163f5000 ---p 00000000 00:00 0 
7f39163f5000-7f39163f9000 ---p 00000000 00:00 0 
7f39163f9000-7f39164f5000 rw-p 00000000 00:00 0 
7f39164f5000-7f39164f6000 ---p 00000000 00:00 0 
7f39164f6000-7f39164fa000 ---p 00000000 00:00 0 
7f39164fa000-7f39165f6000 rw-p 00000000 00:00 0 
7f39165f6000-7f39165f7000 ---p 00000000 00:00 0 
7f39165f7000-7f39165fb000 ---p 00000000 00:00 0 
7f39165fb000-7f39166f7000 rw-p 00000000 00:00 0 
7f39166f7000-7f39166f8000 ---p 00000000 00:00 0 
7f39166f8000-7f39166fc000 ---p 00000000 00:00 0 
7f39166fc000-7f39167f8000 rw-p 00000000 00:00 0 
7f39167f8000-7f39167f9000 ---p 00000000 00:00 0 
7f39167f9000-7f39167fd000 ---p 00000000 00:00 0 
7f39167fd000-7f39168f9000 rw-p 00000000 00:00 0 
7f39168f9000-7f39168fa000 ---p 00000000 00:00 0 
7f39168fa000-7f39168fe000 ---p 00000000 00:00 0 
7f39168fe000-7f39169fa000 rw-p 00000000 00:00 0 
7f39169fa000-7f39169fb000 ---p 00000000 00:00 0 
7f39169fb000-7f39169ff000 ---p 00000000 00:00 0 
7f39169ff000-7f3916afb000 rw-p 00000000 00:00 0 
7f3916afb000-7f3916afc000 ---p 00000000 00:00 0 
7f3916afc000-7f3916b00000 ---p 00000000 00:00 0 
7f3916b00000-7f3916bfc000 rw-p 00000000 00:00 0 
7f3916bfc000-7f3916bfd000 ---p 00000000 00:00 0 
7f3916bfd000-7f3916c01000 ---p 00000000 00:00 0 
7f3916c01000-7f3916cfd000 rw-p 00000000 00:00 0 
7f3916cfd000-7f3916cfe000 ---p 00000000 00:00 0 
7f3916cfe000-7f3916d02000 ---p 00000000 00:00 0 
7f3916d02000-7f3916dfe000 rw-p 00000000 00:00 0 
7f3916dfe000-7f3916dff000 ---p 00000000 00:00 0 
7f3916dff000-7f3916e03000 ---p 00000000 00:00 0 
7f3916e03000-7f3916eff000 rw-p 00000000 00:00 0 
7f3916eff000-7f3916f00000 ---p 00000000 00:00 0 
7f3916f00000-7f3916f04000 ---p 00000000 00:00 0 
7f3916f04000-7f3917000000 rw-p 00000000 00:00 0 
7f3917000000-7f3917455000 rw-p 00001000 00:25 13842                      /usr/lib/jvm/java-17-openjdk-amd64/lib/server/classes.jsa
7f3917455000-7f3917bca000 rw-p 00456000 00:25 13842                      /usr/lib/jvm/java-17-openjdk-amd64/lib/server/classes.jsa
7f3917bca000-7f3918000000 ---p 00000000 00:00 0 
7f3918000000-7f3918040000 rw-p 00000000 00:00 0 
7f3918040000-7f3918080000 rw-p 00000000 00:00 0 
7f3918080000-7f3918140000 rw-p 00000000 00:00 0 
7f3918140000-7f39183e0000 rw-p 00000000 00:00 0 
7f39183e0000-7f3918440000 rw-p 00000000 00:00 0 
7f3918440000-7f3918480000 rw-p 00000000 00:00 0 
7f3918480000-7f39187a0000 rw-p 00000000 00:00 0 
7f39187a0000-7f39187c0000 rw-p 00000000 00:00 0 
7f39187c0000-7f3918840000 rw-p 00000000 00:00 0 
7f3918840000-7f3918850000 rw-p 00000000 00:00 0 
7f3918850000-7f3918880000 ---p 00000000 00:00 0 
7f3918880000-7f3918890000 rw-p 00000000 00:00 0 
7f3918890000-7f3958000000 ---p 00000000 00:00 0 
7f3958000000-7f3959560000 rw-p 00000000 00:00 0 
7f3959560000-7f395c000000 ---p 00000000 00:00 0 
7f395c000000-7f395c400000 rw-p 00000000 00:00 0 
7f395c400000-7f395c900000 rw-p 00000000 00:00 0 
7f395c900000-7f395ca00000 rw-p 00000000 00:00 0 
7f395ca00000-7f395d500000 rw-p 00000000 00:00 0 
7f395d500000-7f395d600000 rw-p 00000000 00:00 0 
7f395d600000-7f395d700000 rw-p 00000000 00:00 0 
7f395d700000-7f395d800000 rw-p 00000000 00:00 0 
7f395d800000-7f395d900000 rw-p 00000000 00:00 0 
7f395d900000-7f395da00000 rw-p 00000000 00:00 0 
7f395da00000-7f395e900000 rw-p 00000000 00:00 0 
7f395e900000-7f395ea00000 rw-p 00000000 00:00 0 
7f395ea00000-7f395ebe0000 rw-p 00000000 00:00 0 
7f395ebe0000-7f395ed00000 rw-p 00000000 00:00 0 
7f395ed00000-7f395ed40000 rw-p 00000000 00:00 0 
7f395ed40000-7f395ed80000 rw-p 00000000 00:00 0 
7f395ed80000-7f395ef00000 rw-p 00000000 00:00 0 
7f395ef00000-7f395ef40000 rw-p 00000000 00:00 0 
7f395ef40000-7f395ef80000 rw-p 00000000 00:00 0 
7f395ef80000-7f395f100000 rw-p 00000000 00:00 0 
7f395f100000-7f395f180000 rw-p 00000000 00:00 0 
7f395f180000-7f395f200000 ---p 00000000 00:00 0 
7f395f200000-7f395f310000 rw-p 00000000 00:00 0 
7f395f310000-7f3960000000 ---p 00000000 00:00 0 
7f3960000000-7f3960021000 rw-p 00000000 00:00 0 
7f3960021000-7f3964000000 ---p 00000000 00:00 0 
7f39640ef000-7f39640f0000 ---p 00000000 00:00 0 
7f39640f0000-7f39640f4000 ---p 00000000 00:00 0 
7f39640f4000-7f39641f0000 rw-p 00000000 00:00 0 
7f39641f0000-7f39641f1000 ---p 00000000 00:00 0 
7f39641f1000-7f39641f5000 ---p 00000000 00:00 0 
7f39641f5000-7f39642f1000 rw-p 00000000 00:00 0 
7f39642f1000-7f39642f2000 ---p 00000000 00:00 0 
7f39642f2000-7f39642f6000 ---p 00000000 00:00 0 
7f39642f6000-7f39643f2000 rw-p 00000000 00:00 0 
7f39643f2000-7f39643f3000 ---p 00000000 00:00 0 
7f39643f3000-7f39643f7000 ---p 00000000 00:00 0 
7f39643f7000-7f39644f3000 rw-p 00000000 00:00 0 
7f39644f3000-7f39644f4000 ---p 00000000 00:00 0 
7f39644f4000-7f39644f8000 ---p 00000000 00:00 0 
7f39644f8000-7f39645f4000 rw-p 00000000 00:00 0 
7f39645f4000-7f39645f5000 ---p 00000000 00:00 0 
7f39645f5000-7f39645f9000 ---p 00000000 00:00 0 
7f39645f9000-7f39646f5000 rw-p 00000000 00:00 0 
7f39646f5000-7f39646f6000 ---p 00000000 00:00 0 
7f39646f6000-7f39646fa000 ---p 00000000 00:00 0 
7f39646fa000-7f39647f6000 rw-p 00000000 00:00 0 
7f39647f6000-7f39647f7000 ---p 00000000 00:00 0 
7f39647f7000-7f39647fb000 ---p 00000000 00:00 0 
7f39647fb000-7f39648f7000 rw-p 00000000 00:00 0 
7f39648f7000-7f39648f8000 ---p 00000000 00:00 0 
7f39648f8000-7f39648fc000 ---p 00000000 00:00 0 
7f39648fc000-7f39649f8000 rw-p 00000000 00:00 0 
7f39649f8000-7f39649f9000 ---p 00000000 00:00 0 
7f39649f9000-7f39649fd000 ---p 00000000 00:00 0 
7f39649fd000-7f3964af9000 rw-p 00000000 00:00 0 
7f3964af9000-7f3964afa000 ---p 00000000 00:00 0 
7f3964afa000-7f3964afe000 ---p 00000000 00:00 0 
7f3964afe000-7f3964bfa000 rw-p 00000000 00:00 0 
7f3964bfa000-7f3964bfb000 ---p 00000000 00:00 0 
7f3964bfb000-7f3964bff000 ---p 00000000 00:00 0 
7f3964bff000-7f3964cfb000 rw-p 00000000 00:00 0 
7f3964cfb000-7f3964cfc000 ---p 00000000 00:00 0 
7f3964cfc000-7f3964d00000 ---p 00000000 00:00 0 
7f3964d00000-7f3964dfc000 rw-p 00000000 00:00 0 
7f3964dfc000-7f3964dfd000 ---p 00000000 00:00 0 
7f3964dfd000-7f3964e01000 ---p 00000000 00:00 0 
7f3964e01000-7f3964efd000 rw-p 00000000 00:00 0 
7f3964efd000-7f3964efe000 ---p 00000000 00:00 0 
7f3964efe000-7f3964f02000 ---p 00000000 00:00 0 
7f3964f02000-7f3964ffe000 rw-p 00000000 00:00 0 
7f3964ffe000-7f3964fff000 ---p 00000000 00:00 0 
7f3964fff000-7f3965003000 ---p 00000000 00:00 0 
7f3965003000-7f39650ff000 rw-p 00000000 00:00 0 
7f39650ff000-7f3965100000 ---p 00000000 00:00 0 
7f3965100000-7f3965104000 ---p 00000000 00:00 0 
7f3965104000-7f3965200000 rw-p 00000000 00:00 0 
7f3965200000-7f3965253000 r-xp 00000000 fe:00 132238                     /root/.gradle/native/e376f236ea51e6404a007f0833ffe2c6e607c4080706a723a18a27aeea778392/linux-amd64/libnative-platform-file-events.so
7f3965253000-7f3965452000 ---p 00053000 fe:00 132238                     /root/.gradle/native/e376f236ea51e6404a007f0833ffe2c6e607c4080706a723a18a27aeea778392/linux-amd64/libnative-platform-file-events.so
7f3965452000-7f3965453000 r--p 00052000 fe:00 132238                     /root/.gradle/native/e376f236ea51e6404a007f0833ffe2c6e607c4080706a723a18a27aeea778392/linux-amd64/libnative-platform-file-events.so
7f3965453000-7f3965455000 rw-p 00053000 fe:00 132238                     /root/.gradle/native/e376f236ea51e6404a007f0833ffe2c6e607c4080706a723a18a27aeea778392/linux-amd64/libnative-platform-file-events.so
7f39654ff000-7f3965500000 ---p 00000000 00:00 0 
7f3965500000-7f3965504000 ---p 00000000 00:00 0 
7f3965504000-7f3965600000 rw-p 00000000 00:00 0 
7f3965600000-7f3965605000 r-xp 00000000 fe:00 132218                     /root/.gradle/native/68d5fa5c4cc2d200863cafc0d521ce42e7d3e7ee720ec0a83991735586a16f82/linux-amd64/libnative-platform.so
7f3965605000-7f3965805000 ---p 00005000 fe:00 132218                     /root/.gradle/native/68d5fa5c4cc2d200863cafc0d521ce42e7d3e7ee720ec0a83991735586a16f82/linux-amd64/libnative-platform.so
7f3965805000-7f3965806000 r--p 00005000 fe:00 132218                     /root/.gradle/native/68d5fa5c4cc2d200863cafc0d521ce42e7d3e7ee720ec0a83991735586a16f82/linux-amd64/libnative-platform.so
7f3965806000-7f3965807000 rw-p 00006000 fe:00 132218                     /root/.gradle/native/68d5fa5c4cc2d200863cafc0d521ce42e7d3e7ee720ec0a83991735586a16f82/linux-amd64/libnative-platform.so
7f39658f9000-7f39658fa000 ---p 00000000 00:00 0 
7f39658fa000-7f39658fe000 ---p 00000000 00:00 0 
7f39658fe000-7f39659fa000 rw-p 00000000 00:00 0 
7f39659fa000-7f39659fb000 ---p 00000000 00:00 0 
7f39659fb000-7f3965afb000 rw-p 00000000 00:00 0 
7f3965afb000-7f3965afc000 ---p 00000000 00:00 0 
7f3965afc000-7f3965bfc000 rw-p 00000000 00:00 0 
7f3965bfc000-7f3965bfd000 ---p 00000000 00:00 0 
7f3965bfd000-7f3965c01000 ---p 00000000 00:00 0 
7f3965c01000-7f3965cfd000 rw-p 00000000 00:00 0 
7f3965cfd000-7f3965cfe000 ---p 00000000 00:00 0 
7f3965cfe000-7f3965d02000 ---p 00000000 00:00 0 
7f3965d02000-7f3965dfe000 rw-p 00000000 00:00 0 
7f3965dfe000-7f3965dff000 ---p 00000000 00:00 0 
7f3965dff000-7f3965e03000 ---p 00000000 00:00 0 
7f3965e03000-7f3965eff000 rw-p 00000000 00:00 0 
7f3965eff000-7f3965f00000 ---p 00000000 00:00 0 
7f3965f00000-7f3965f04000 ---p 00000000 00:00 0 
7f3965f04000-7f3968000000 rw-p 00000000 00:00 0 
7f3968000000-7f39680c4000 rw-p 00000000 00:00 0 
7f39680c4000-7f396c000000 ---p 00000000 00:00 0 
7f396c000000-7f396c046000 rw-p 00000000 00:00 0 
7f396c046000-7f3970000000 ---p 00000000 00:00 0 
7f3970000000-7f3970049000 rw-p 00000000 00:00 0 
7f3970049000-7f3974000000 ---p 00000000 00:00 0 
7f3974097000-7f3974098000 ---p 00000000 00:00 0 
7f3974098000-7f397409c000 ---p 00000000 00:00 0 
7f397409c000-7f39740ba000 rw-p 00000000 00:00 0 
7f39740ba000-7f39740bb000 r--p 00000000 00:25 13802                      /usr/lib/jvm/java-17-openjdk-amd64/lib/libextnet.so
7f39740bb000-7f39740bc000 r-xp 00001000 00:25 13802                      /usr/lib/jvm/java-17-openjdk-amd64/lib/libextnet.so
7f39740bc000-7f39740bd000 r--p 00002000 00:25 13802                      /usr/lib/jvm/java-17-openjdk-amd64/lib/libextnet.so
7f39740bd000-7f39740be000 r--p 00002000 00:25 13802                      /usr/lib/jvm/java-17-openjdk-amd64/lib/libextnet.so
7f39740be000-7f39740bf000 rw-p 00003000 00:25 13802                      /usr/lib/jvm/java-17-openjdk-amd64/lib/libextnet.so
7f39740bf000-7f39740c1000 r--p 00000000 00:25 13821                      /usr/lib/jvm/java-17-openjdk-amd64/lib/libmanagement_ext.so
7f39740c1000-7f39740c4000 r-xp 00002000 00:25 13821                      /usr/lib/jvm/java-17-openjdk-amd64/lib/libmanagement_ext.so
7f39740c4000-7f39740c5000 r--p 00005000 00:25 13821                      /usr/lib/jvm/java-17-openjdk-amd64/lib/libmanagement_ext.so
7f39740c5000-7f39740c6000 r--p 00006000 00:25 13821                      /usr/lib/jvm/java-17-openjdk-amd64/lib/libmanagement_ext.so
7f39740c6000-7f39740c7000 rw-p 00007000 00:25 13821                      /usr/lib/jvm/java-17-openjdk-amd64/lib/libmanagement_ext.so
7f39740c7000-7f39740c8000 ---p 00000000 00:00 0 
7f39740c8000-7f39740cc000 ---p 00000000 00:00 0 
7f39740cc000-7f39741c8000 rw-p 00000000 00:00 0 
7f39741c8000-7f39741c9000 ---p 00000000 00:00 0 
7f39741c9000-7f39741cd000 ---p 00000000 00:00 0 
7f39741cd000-7f39742c9000 rw-p 00000000 00:00 0 
7f39742c9000-7f39742ca000 ---p 00000000 00:00 0 
7f39742ca000-7f39742ce000 ---p 00000000 00:00 0 
7f39742ce000-7f39743ca000 rw-p 00000000 00:00 0 
7f39743ca000-7f39743cb000 ---p 00000000 00:00 0 
7f39743cb000-7f39743cf000 ---p 00000000 00:00 0 
7f39743cf000-7f39744cb000 rw-p 00000000 00:00 0 
7f39744cb000-7f3974522000 r--p 00000000 00:25 13882                      /usr/lib/locale/C.utf8/LC_CTYPE
7f3974522000-7f3974523000 ---p 00000000 00:00 0 
7f3974523000-7f3974527000 ---p 00000000 00:00 0 
7f3974527000-7f3974623000 rw-p 00000000 00:00 0 
7f3974623000-7f3974624000 ---p 00000000 00:00 0 
7f3974624000-7f3974628000 ---p 00000000 00:00 0 
7f3974628000-7f3974724000 rw-p 00000000 00:00 0 
7f3974724000-7f3974725000 ---p 00000000 00:00 0 
7f3974725000-7f3974825000 rw-p 00000000 00:00 0 
7f3974825000-7f397482a000 r--p 00000000 00:25 13817                      /usr/lib/jvm/java-17-openjdk-amd64/lib/libjsvml.so
7f397482a000-7f397486b000 r-xp 00005000 00:25 13817                      /usr/lib/jvm/java-17-openjdk-amd64/lib/libjsvml.so
7f397486b000-7f39748f4000 r--p 00046000 00:25 13817                      /usr/lib/jvm/java-17-openjdk-amd64/lib/libjsvml.so
7f39748f4000-7f39748f5000 r--p 000ce000 00:25 13817                      /usr/lib/jvm/java-17-openjdk-amd64/lib/libjsvml.so
7f39748f5000-7f39748f6000 rw-p 000cf000 00:25 13817                      /usr/lib/jvm/java-17-openjdk-amd64/lib/libjsvml.so
7f39748f6000-7f3974a13000 rw-p 00000000 00:00 0 
7f3974a16000-7f3974a17000 r--p 00000000 00:25 18147                      /usr/lib/x86_64-linux-gnu/libpthread.so.0
7f3974a17000-7f3974a18000 r-xp 00001000 00:25 18147                      /usr/lib/x86_64-linux-gnu/libpthread.so.0
7f3974a18000-7f3974a19000 r--p 00002000 00:25 18147                      /usr/lib/x86_64-linux-gnu/libpthread.so.0
7f3974a19000-7f3974a1a000 r--p 00002000 00:25 18147                      /usr/lib/x86_64-linux-gnu/libpthread.so.0
7f3974a1a000-7f3974a1b000 rw-p 00003000 00:25 18147                      /usr/lib/x86_64-linux-gnu/libpthread.so.0
7f3974a1c000-7f3974a1e000 r--p 00000000 00:25 13819                      /usr/lib/jvm/java-17-openjdk-amd64/lib/libmanagement.so
7f3974a1e000-7f3974a1f000 r-xp 00002000 00:25 13819                      /usr/lib/jvm/java-17-openjdk-amd64/lib/libmanagement.so
7f3974a1f000-7f3974a20000 r--p 00003000 00:25 13819                      /usr/lib/jvm/java-17-openjdk-amd64/lib/libmanagement.so
7f3974a20000-7f3974a21000 r--p 00003000 00:25 13819                      /usr/lib/jvm/java-17-openjdk-amd64/lib/libmanagement.so
7f3974a21000-7f3974a22000 rw-p 00004000 00:25 13819                      /usr/lib/jvm/java-17-openjdk-amd64/lib/libmanagement.so
7f3974a22000-7f3974a26000 r--p 00000000 00:25 13831                      /usr/lib/jvm/java-17-openjdk-amd64/lib/libverify.so
7f3974a26000-7f3974a2d000 r-xp 00004000 00:25 13831                      /usr/lib/jvm/java-17-openjdk-amd64/lib/libverify.so
7f3974a2d000-7f3974a2f000 r--p 0000b000 00:25 13831                      /usr/lib/jvm/java-17-openjdk-amd64/lib/libverify.so
7f3974a2f000-7f3974a31000 r--p 0000c000 00:25 13831                      /usr/lib/jvm/java-17-openjdk-amd64/lib/libverify.so
7f3974a31000-7f3974a32000 rw-p 0000e000 00:25 13831                      /usr/lib/jvm/java-17-openjdk-amd64/lib/libverify.so
7f3974a32000-7f3974a36000 r--p 00000000 00:25 13823                      /usr/lib/jvm/java-17-openjdk-amd64/lib/libnet.so
7f3974a36000-7f3974a44000 r-xp 00004000 00:25 13823                      /usr/lib/jvm/java-17-openjdk-amd64/lib/libnet.so
7f3974a44000-7f3974a48000 r--p 00012000 00:25 13823                      /usr/lib/jvm/java-17-openjdk-amd64/lib/libnet.so
7f3974a48000-7f3974a49000 r--p 00015000 00:25 13823                      /usr/lib/jvm/java-17-openjdk-amd64/lib/libnet.so
7f3974a49000-7f3974a4a000 rw-p 00016000 00:25 13823                      /usr/lib/jvm/java-17-openjdk-amd64/lib/libnet.so
7f3974a4a000-7f3974a4b000 ---p 00000000 00:00 0 
7f3974a4b000-7f3974b4b000 rw-p 00000000 00:00 0 
7f3974b4b000-7f3974b4c000 ---p 00000000 00:00 0 
7f3974b4c000-7f3975d55000 rw-p 00000000 00:00 0 
7f3975d55000-7f3978cdd000 ---p 00000000 00:00 0 
7f3978cdd000-7f3979d55000 rw-p 00000000 00:00 0 
7f3979d55000-7f397ccdd000 ---p 00000000 00:00 0 
7f397ccdd000-7f397cf4e000 rw-p 00000000 00:00 0 
7f397cf4e000-7f397d53f000 ---p 00000000 00:00 0 
7f397d53f000-7f397d54d000 rw-p 00000000 00:00 0 
7f397d54d000-7f397e27d000 rwxp 00000000 00:00 0 
7f397e27d000-7f3984a85000 ---p 00000000 00:00 0 
7f3984a85000-7f3984d05000 rwxp 00000000 00:00 0 
7f3984d05000-7f3985014000 ---p 00000000 00:00 0 
7f3985014000-7f39853c4000 rwxp 00000000 00:00 0 
7f39853c4000-7f398c54d000 ---p 00000000 00:00 0 
7f398c54d000-7f3994000000 r--s 00000000 00:25 13833                      /usr/lib/jvm/java-17-openjdk-amd64/lib/modules
7f3994000000-7f39952a2000 rw-p 00000000 00:00 0 
7f39952a2000-7f3998000000 ---p 00000000 00:00 0 
7f3998001000-7f3998007000 r--p 00000000 00:25 13824                      /usr/lib/jvm/java-17-openjdk-amd64/lib/libnio.so
7f3998007000-7f3998010000 r-xp 00006000 00:25 13824                      /usr/lib/jvm/java-17-openjdk-amd64/lib/libnio.so
7f3998010000-7f3998014000 r--p 0000f000 00:25 13824                      /usr/lib/jvm/java-17-openjdk-amd64/lib/libnio.so
7f3998014000-7f3998015000 r--p 00013000 00:25 13824                      /usr/lib/jvm/java-17-openjdk-amd64/lib/libnio.so
7f3998015000-7f3998016000 rw-p 00014000 00:25 13824                      /usr/lib/jvm/java-17-openjdk-amd64/lib/libnio.so
7f3998016000-7f3998018000 r--p 00000000 00:25 13832                      /usr/lib/jvm/java-17-openjdk-amd64/lib/libzip.so
7f3998018000-7f399801c000 r-xp 00002000 00:25 13832                      /usr/lib/jvm/java-17-openjdk-amd64/lib/libzip.so
7f399801c000-7f399801e000 r--p 00006000 00:25 13832                      /usr/lib/jvm/java-17-openjdk-amd64/lib/libzip.so
7f399801e000-7f399801f000 r--p 00007000 00:25 13832                      /usr/lib/jvm/java-17-openjdk-amd64/lib/libzip.so
7f399801f000-7f3998020000 rw-p 00008000 00:25 13832                      /usr/lib/jvm/java-17-openjdk-amd64/lib/libzip.so
7f3998020000-7f3998021000 r--p 00000000 00:25 13888                      /usr/lib/locale/C.utf8/LC_NUMERIC
7f3998021000-7f3998022000 r--p 00000000 00:25 13891                      /usr/lib/locale/C.utf8/LC_TIME
7f3998022000-7f3998023000 r--p 00000000 00:25 13881                      /usr/lib/locale/C.utf8/LC_COLLATE
7f3998023000-7f3998024000 r--p 00000000 00:25 13886                      /usr/lib/locale/C.utf8/LC_MONETARY
7f3998024000-7f3998025000 r--p 00000000 00:25 13885                      /usr/lib/locale/C.utf8/LC_MESSAGES/SYS_LC_MESSAGES
7f3998025000-7f3998026000 r--p 00000000 00:25 13889                      /usr/lib/locale/C.utf8/LC_PAPER
7f3998026000-7f3998027000 r--p 00000000 00:25 13887                      /usr/lib/locale/C.utf8/LC_NAME
7f3998027000-7f399802e000 r--s 00000000 00:25 17572                      /usr/lib/x86_64-linux-gnu/gconv/gconv-modules.cache
7f399802e000-7f399812f000 rw-p 00000000 00:00 0 
7f399812f000-7f3998130000 ---p 00000000 00:00 0 
7f3998130000-7f3998230000 rw-p 00000000 00:00 0 
7f3998230000-7f3998231000 ---p 00000000 00:00 0 
7f3998231000-7f3998331000 rw-p 00000000 00:00 0 
7f3998331000-7f3998332000 ---p 00000000 00:00 0 
7f3998332000-7f3998678000 rw-p 00000000 00:00 0 
7f3998678000-7f3998c69000 ---p 00000000 00:00 0 
7f3998c69000-7f3998e78000 rw-p 00000000 00:00 0 
7f3998e78000-7f3999469000 ---p 00000000 00:00 0 
7f3999469000-7f3999681000 rw-p 00000000 00:00 0 
7f3999681000-7f3999764000 ---p 00000000 00:00 0 
7f3999764000-7f399977f000 rw-p 00000000 00:00 0 
7f399977f000-7f399984f000 ---p 00000000 00:00 0 
7f399984f000-7f3999854000 rw-p 00000000 00:00 0 
7f3999854000-7f399985b000 ---p 00000000 00:00 0 
7f399985b000-7f3999863000 rw-s 00000000 fe:00 133033                     /tmp/hsperfdata_root/1488
7f3999863000-7f399986f000 r--p 00000000 00:25 13809                      /usr/lib/jvm/java-17-openjdk-amd64/lib/libjava.so
7f399986f000-7f3999880000 r-xp 0000c000 00:25 13809                      /usr/lib/jvm/java-17-openjdk-amd64/lib/libjava.so
7f3999880000-7f3999886000 r--p 0001d000 00:25 13809                      /usr/lib/jvm/java-17-openjdk-amd64/lib/libjava.so
7f3999886000-7f3999887000 r--p 00022000 00:25 13809                      /usr/lib/jvm/java-17-openjdk-amd64/lib/libjava.so
7f3999887000-7f3999888000 rw-p 00023000 00:25 13809                      /usr/lib/jvm/java-17-openjdk-amd64/lib/libjava.so
7f3999888000-7f3999889000 rw-p 00000000 00:00 0 
7f3999889000-7f399988a000 r--p 00000000 00:25 13804                      /usr/lib/jvm/java-17-openjdk-amd64/lib/libinstrument.so
7f399988a000-7f3999890000 r-xp 00001000 00:25 13804                      /usr/lib/jvm/java-17-openjdk-amd64/lib/libinstrument.so
7f3999890000-7f3999893000 r--p 00007000 00:25 13804                      /usr/lib/jvm/java-17-openjdk-amd64/lib/libinstrument.so
7f3999893000-7f3999894000 r--p 00009000 00:25 13804                      /usr/lib/jvm/java-17-openjdk-amd64/lib/libinstrument.so
7f3999894000-7f3999895000 rw-p 0000a000 00:25 13804                      /usr/lib/jvm/java-17-openjdk-amd64/lib/libinstrument.so
7f3999895000-7f3999897000 r--p 00000000 00:25 13813                      /usr/lib/jvm/java-17-openjdk-amd64/lib/libjimage.so
7f3999897000-7f399989a000 r-xp 00002000 00:25 13813                      /usr/lib/jvm/java-17-openjdk-amd64/lib/libjimage.so
7f399989a000-7f399989b000 r--p 00005000 00:25 13813                      /usr/lib/jvm/java-17-openjdk-amd64/lib/libjimage.so
7f399989b000-7f399989c000 r--p 00006000 00:25 13813                      /usr/lib/jvm/java-17-openjdk-amd64/lib/libjimage.so
7f399989c000-7f399989d000 rw-p 00007000 00:25 13813                      /usr/lib/jvm/java-17-openjdk-amd64/lib/libjimage.so
7f399989d000-7f39998a1000 ---p 00000000 00:00 0 
7f39998a1000-7f399999d000 rw-p 00000000 00:00 0 
7f399999d000-7f39999a0000 r--p 00000000 00:25 17958                      /usr/lib/x86_64-linux-gnu/libgcc_s.so.1
7f39999a0000-7f39999b7000 r-xp 00003000 00:25 17958                      /usr/lib/x86_64-linux-gnu/libgcc_s.so.1
7f39999b7000-7f39999bb000 r--p 0001a000 00:25 17958                      /usr/lib/x86_64-linux-gnu/libgcc_s.so.1
7f39999bb000-7f39999bc000 r--p 0001d000 00:25 17958                      /usr/lib/x86_64-linux-gnu/libgcc_s.so.1
7f39999bc000-7f39999bd000 rw-p 0001e000 00:25 17958                      /usr/lib/x86_64-linux-gnu/libgcc_s.so.1
7f39999bd000-7f39999cd000 r--p 00000000 00:25 18057                      /usr/lib/x86_64-linux-gnu/libm.so.6
7f39999cd000-7f3999a41000 r-xp 00010000 00:25 18057                      /usr/lib/x86_64-linux-gnu/libm.so.6
7f3999a41000-7f3999a9b000 r--p 00084000 00:25 18057                      /usr/lib/x86_64-linux-gnu/libm.so.6
7f3999a9b000-7f3999a9c000 r--p 000dd000 00:25 18057                      /usr/lib/x86_64-linux-gnu/libm.so.6
7f3999a9c000-7f3999a9d000 rw-p 000de000 00:25 18057                      /usr/lib/x86_64-linux-gnu/libm.so.6
7f3999a9d000-7f3999b36000 r--p 00000000 00:25 18224                      /usr/lib/x86_64-linux-gnu/libstdc++.so.6.0.30
7f3999b36000-7f3999c37000 r-xp 00099000 00:25 18224                      /usr/lib/x86_64-linux-gnu/libstdc++.so.6.0.30
7f3999c37000-7f3999ca6000 r--p 0019a000 00:25 18224                      /usr/lib/x86_64-linux-gnu/libstdc++.so.6.0.30
7f3999ca6000-7f3999cb1000 r--p 00209000 00:25 18224                      /usr/lib/x86_64-linux-gnu/libstdc++.so.6.0.30
7f3999cb1000-7f3999cb4000 rw-p 00214000 00:25 18224                      /usr/lib/x86_64-linux-gnu/libstdc++.so.6.0.30
7f3999cb4000-7f3999cb7000 rw-p 00000000 00:00 0 
7f3999cb7000-7f3999f08000 r--p 00000000 00:25 13845                      /usr/lib/jvm/java-17-openjdk-amd64/lib/server/libjvm.so
7f3999f08000-7f399ac5a000 r-xp 00251000 00:25 13845                      /usr/lib/jvm/java-17-openjdk-amd64/lib/server/libjvm.so
7f399ac5a000-7f399aedb000 r--p 00fa3000 00:25 13845                      /usr/lib/jvm/java-17-openjdk-amd64/lib/server/libjvm.so
7f399aedb000-7f399af93000 r--p 01224000 00:25 13845                      /usr/lib/jvm/java-17-openjdk-amd64/lib/server/libjvm.so
7f399af93000-7f399afc8000 rw-p 012dc000 00:25 13845                      /usr/lib/jvm/java-17-openjdk-amd64/lib/server/libjvm.so
7f399afc8000-7f399b024000 rw-p 00000000 00:00 0 
7f399b024000-7f399b04a000 r--p 00000000 00:25 17847                      /usr/lib/x86_64-linux-gnu/libc.so.6
7f399b04a000-7f399b1a0000 r-xp 00026000 00:25 17847                      /usr/lib/x86_64-linux-gnu/libc.so.6
7f399b1a0000-7f399b1f3000 r--p 0017c000 00:25 17847                      /usr/lib/x86_64-linux-gnu/libc.so.6
7f399b1f3000-7f399b1f7000 r--p 001cf000 00:25 17847                      /usr/lib/x86_64-linux-gnu/libc.so.6
7f399b1f7000-7f399b1f9000 rw-p 001d3000 00:25 17847                      /usr/lib/x86_64-linux-gnu/libc.so.6
7f399b1f9000-7f399b206000 rw-p 00000000 00:00 0 
7f399b206000-7f399b208000 r--p 00000000 00:25 13814                      /usr/lib/jvm/java-17-openjdk-amd64/lib/libjli.so
7f399b208000-7f399b211000 r-xp 00002000 00:25 13814                      /usr/lib/jvm/java-17-openjdk-amd64/lib/libjli.so
7f399b211000-7f399b214000 r--p 0000b000 00:25 13814                      /usr/lib/jvm/java-17-openjdk-amd64/lib/libjli.so
7f399b214000-7f399b215000 r--p 0000d000 00:25 13814                      /usr/lib/jvm/java-17-openjdk-amd64/lib/libjli.so
7f399b215000-7f399b216000 rw-p 0000e000 00:25 13814                      /usr/lib/jvm/java-17-openjdk-amd64/lib/libjli.so
7f399b216000-7f399b219000 r--p 00000000 00:25 1006                       /usr/lib/x86_64-linux-gnu/libz.so.1.2.13
7f399b219000-7f399b22c000 r-xp 00003000 00:25 1006                       /usr/lib/x86_64-linux-gnu/libz.so.1.2.13
7f399b22c000-7f399b233000 r--p 00016000 00:25 1006                       /usr/lib/x86_64-linux-gnu/libz.so.1.2.13
7f399b233000-7f399b234000 r--p 0001c000 00:25 1006                       /usr/lib/x86_64-linux-gnu/libz.so.1.2.13
7f399b234000-7f399b235000 rw-p 0001d000 00:25 1006                       /usr/lib/x86_64-linux-gnu/libz.so.1.2.13
7f399b235000-7f399b236000 r--p 00000000 00:25 13880                      /usr/lib/locale/C.utf8/LC_ADDRESS
7f399b236000-7f399b237000 r--p 00000000 00:25 13890                      /usr/lib/locale/C.utf8/LC_TELEPHONE
7f399b237000-7f399b238000 r--p 00000000 00:25 13884                      /usr/lib/locale/C.utf8/LC_MEASUREMENT
7f399b238000-7f399b239000 r--p 00000000 00:25 13883                      /usr/lib/locale/C.utf8/LC_IDENTIFICATION
7f399b239000-7f399b23a000 ---p 00000000 00:00 0 
7f399b23a000-7f399b23b000 r--p 00000000 00:00 0 
7f399b23b000-7f399b23c000 ---p 00000000 00:00 0 
7f399b23c000-7f399b23e000 rw-p 00000000 00:00 0 
7f399b23e000-7f399b23f000 r--p 00000000 00:25 17633                      /usr/lib/x86_64-linux-gnu/ld-linux-x86-64.so.2
7f399b23f000-7f399b265000 r-xp 00001000 00:25 17633                      /usr/lib/x86_64-linux-gnu/ld-linux-x86-64.so.2
7f399b265000-7f399b26f000 r--p 00027000 00:25 17633                      /usr/lib/x86_64-linux-gnu/ld-linux-x86-64.so.2
7f399b26f000-7f399b271000 r--p 00031000 00:25 17633                      /usr/lib/x86_64-linux-gnu/ld-linux-x86-64.so.2
7f399b271000-7f399b273000 rw-p 00033000 00:25 17633                      /usr/lib/x86_64-linux-gnu/ld-linux-x86-64.so.2
7ffe40694000-7ffe406b5000 rw-p 00000000 00:00 0                          [stack]
7ffe406ef000-7ffe406f2000 r--p 00000000 00:00 0                          [vvar]
7ffe406f2000-7ffe406f4000 r-xp 00000000 00:00 0                          [vdso]
ffffffffff600000-ffffffffff601000 r-xp 00000000 00:00 0                  [vsyscall]


VM Arguments:
jvm_args: --add-opens=java.base/java.util=ALL-UNNAMED --add-opens=java.base/java.lang=ALL-UNNAMED --add-opens=java.base/java.lang.invoke=ALL-UNNAMED --add-opens=java.prefs/java.util.prefs=ALL-UNNAMED --add-opens=java.base/java.nio.charset=ALL-UNNAMED --add-opens=java.base/java.net=ALL-UNNAMED --add-opens=java.base/java.util.concurrent.atomic=ALL-UNNAMED -Xmx4G -Dfile.encoding=UTF-8 -Duser.country -Duser.language=en -Duser.variant -javaagent:/root/.gradle/wrapper/dists/gradle-8.2-bin/bbg7u40eoinfdyxsxr3z4i7ta/gradle-8.2/lib/agents/gradle-instrumentation-agent-8.2.jar 
java_command: org.gradle.launcher.daemon.bootstrap.GradleDaemon 8.2
java_class_path (initial): /root/.gradle/wrapper/dists/gradle-8.2-bin/bbg7u40eoinfdyxsxr3z4i7ta/gradle-8.2/lib/gradle-launcher-8.2.jar
Launcher Type: SUN_STANDARD

[Global flags]
     intx CICompilerCount                          = 2                                         {product} {ergonomic}
     uint ConcGCThreads                            = 1                                         {product} {ergonomic}
     uint G1ConcRefinementThreads                  = 2                                         {product} {ergonomic}
   size_t G1HeapRegionSize                         = 2097152                                   {product} {ergonomic}
    uintx GCDrainStackTargetSize                   = 64                                        {product} {ergonomic}
   size_t InitialHeapSize                          = 33554432                                  {product} {ergonomic}
   size_t MarkStackSize                            = 4194304                                   {product} {ergonomic}
   size_t MaxHeapSize                              = 4294967296                                {product} {command line}
   size_t MaxNewSize                               = 2575302656                                {product} {ergonomic}
   size_t MinHeapDeltaBytes                        = 2097152                                   {product} {ergonomic}
   size_t MinHeapSize                              = 8388608                                   {product} {ergonomic}
    uintx NonNMethodCodeHeapSize                   = 5826188                                {pd product} {ergonomic}
    uintx NonProfiledCodeHeapSize                  = 122916026                              {pd product} {ergonomic}
    uintx ProfiledCodeHeapSize                     = 122916026                              {pd product} {ergonomic}
    uintx ReservedCodeCacheSize                    = 251658240                              {pd product} {ergonomic}
     bool SegmentedCodeCache                       = true                                      {product} {ergonomic}
   size_t SoftMaxHeapSize                          = 4294967296                             {manageable} {ergonomic}
     bool UseCompressedClassPointers               = true                           {product lp64_product} {ergonomic}
     bool UseCompressedOops                        = true                           {product lp64_product} {ergonomic}
     bool UseG1GC                                  = true                                      {product} {ergonomic}

Logging:
Log output configuration:
 #0: stdout all=warning uptime,level,tags
 #1: stderr all=off uptime,level,tags

Environment Variables:
PATH=/usr/local/sbin:/usr/local/bin:/usr/sbin:/usr/bin:/sbin:/bin
SHELL=/bin/bash
LANG=C.UTF-8
LC_ALL=C.UTF-8
TERM=tmux-256color

Active Locale:
LC_ALL=C.UTF-8
LC_COLLATE=C.UTF-8
LC_CTYPE=C.UTF-8
LC_MESSAGES=C.UTF-8
LC_MONETARY=C.UTF-8
LC_NUMERIC=C.UTF-8
LC_TIME=C.UTF-8

Signal Handlers:
   SIGSEGV: crash_handler in libjvm.so, mask=11100100010111111101111111111110, flags=SA_RESTART|SA_SIGINFO, unblocked
    SIGBUS: crash_handler in libjvm.so, mask=11100100010111111101111111111110, flags=SA_RESTART|SA_SIGINFO, unblocked
    SIGFPE: crash_handler in libjvm.so, mask=11100100010111111101111111111110, flags=SA_RESTART|SA_SIGINFO, unblocked
   SIGPIPE: javaSignalHandler in libjvm.so, mask=11100100010111111101111111111110, flags=SA_RESTART|SA_SIGINFO, unblocked
   SIGXFSZ: javaSignalHandler in libjvm.so, mask=11100100010111111101111111111110, flags=SA_RESTART|SA_SIGINFO, unblocked
    SIGILL: crash_handler in libjvm.so, mask=11100100010111111101111111111110, flags=SA_RESTART|SA_SIGINFO, unblocked
   SIGUSR2: SR_handler in libjvm.so, mask=00100000000000000000000000000000, flags=SA_RESTART|SA_SIGINFO, unblocked
    SIGHUP: UserHandler in libjvm.so, mask=11100100010111111101111111111110, flags=SA_RESTART|SA_SIGINFO, unblocked
    SIGINT: UserHandler in libjvm.so, mask=11100100010111111101111111111110, flags=SA_RESTART|SA_SIGINFO, unblocked
   SIGTERM: UserHandler in libjvm.so, mask=11100100010111111101111111111110, flags=SA_RESTART|SA_SIGINFO, unblocked
   SIGQUIT: UserHandler in libjvm.so, mask=11100100010111111101111111111110, flags=SA_RESTART|SA_SIGINFO, unblocked
   SIGTRAP: crash_handler in libjvm.so, mask=11100100010111111101111111111110, flags=SA_RESTART|SA_SIGINFO, unblocked


Periodic native trim disabled


---------------  S Y S T E M  ---------------

OS:
PRETTY_NAME="Debian GNU/Linux 12 (bookworm)"
NAME="Debian GNU/Linux"
VERSION_ID="12"
VERSION="12 (bookworm)"
VERSION_CODENAME=bookworm
ID=debian
HOME_URL="https://www.debian.org/"
SUPPORT_URL="https://www.debian.org/support"
BUG_REPORT_URL="https://bugs.debian.org/"
uname: Linux 4.19.91-c8dfc93.al7.x86_64 #1 SMP Tue Sep 26 10:25:51 UTC 2023 x86_64
OS uptime: 0 days 0:12 hours
libc: glibc 2.36 NPTL 2.36 
rlimit (soft/hard): STACK 8192k/infinity , CORE 0k/0k , NPROC 100000/100000 , NOFILE 100000/100000 , AS infinity/infinity , CPU infinity/infinity , DATA infinity/infinity , FSIZE infinity/infinity , MEMLOCK 64k/64k
load average: 1.21 0.41 0.25

/proc/meminfo:
MemTotal:        2152516 kB
MemFree:          301832 kB
MemAvailable:     738436 kB
Buffers:            4504 kB
Cached:           480960 kB
SwapCached:            0 kB
Active:          1541500 kB
Inactive:         223212 kB
Active(anon):    1279408 kB
Inactive(anon):       16 kB
Active(file):     262092 kB
Inactive(file):   223196 kB
Unevictable:           0 kB
Mlocked:               0 kB
SwapTotal:             0 kB
SwapFree:              0 kB
Dirty:               180 kB
Writeback:             0 kB
AnonPages:       1279420 kB
Mapped:            62164 kB
Shmem:                32 kB
Slab:              38044 kB
SReclaimable:      26276 kB
SUnreclaim:        11768 kB
KernelStack:        2576 kB
PageTables:         3900 kB
NFS_Unstable:          0 kB
Bounce:                0 kB
WritebackTmp:          0 kB
CommitLimit:     1076256 kB
Committed_AS:    1902124 kB
VmallocTotal:   34359738367 kB
VmallocUsed:           0 kB
VmallocChunk:          0 kB
Percpu:              400 kB
AnonHugePages:    788480 kB
ShmemHugePages:        0 kB
ShmemPmdMapped:        0 kB
HugePages_Total:       0
HugePages_Free:        0
HugePages_Rsvd:        0
HugePages_Surp:        0
Hugepagesize:       2048 kB
Hugetlb:               0 kB
DirectMap4k:        8192 kB
DirectMap2M:     2523136 kB
DirectMap1G:           0 kB

/sys/kernel/mm/transparent_hugepage/enabled: [always] madvise never
/sys/kernel/mm/transparent_hugepage/hpage_pmd_size: 2097152
/sys/kernel/mm/transparent_hugepage/defrag (defrag/compaction efforts parameter): always defer defer+madvise madvise [never]

Process Memory:
Virtual Size: 5737260K (peak: 6965148K)
Resident Set Size: 968032K (peak: 968032K) (anon: 943772K, file: 24260K, shmem: 0K)
Swapped out: 0K
C-Heap outstanding allocations: 68797K, retained: 31722K
glibc malloc tunables: (default)

/proc/sys/kernel/threads-max (system-wide limit on the number of threads): 1129
/proc/sys/vm/max_map_count (maximum number of memory map areas a process may have): 65530
/proc/sys/vm/swappiness (control to define how aggressively the kernel swaps out anonymous memory): 60
/proc/sys/kernel/pid_max (system-wide limit on number of process identifiers): 32768

container (cgroup) information:
container_type: cgroupv1
cpu_cpuset_cpus: 0-1
cpu_memory_nodes: 0
active_processor_count: 2
cpu_quota: no quota
cpu_period: 100000
cpu_shares: 12288
memory_limit_in_bytes: 2097152 k
memory_and_swap_limit_in_bytes: unlimited
memory_soft_limit_in_bytes: unlimited
memory_usage_in_bytes: 1789432 k
memory_max_usage_in_bytes: 1789432 k
kernel_memory_limit_in_bytes: unlimited
kernel_memory_usage_in_bytes: 31980 k
kernel_memory_max_usage_in_bytes: 45328 k
maximum number of tasks: unlimited
current number of tasks: 86

KVM virtualization detected
Steal ticks since vm start: 2713
Steal ticks percentage since vm start:  0.429

CPU: total 2 (initial active 2) (2 cores per cpu, 1 threads per core) family 6 model 85 stepping 7 microcode 0x1, cx8, cmov, fxsr, mmx, 3dnowpref, sse, sse2, sse3, ssse3, sse4.1, sse4.2, popcnt, lzcnt, tsc, tscinvbit, avx, avx2, aes, erms, clmul, bmi1, bmi2, adx, avx512f, avx512dq, avx512cd, avx512bw, avx512vl, fma, vzeroupper, avx512_vnni, clflush, clflushopt, clwb, hv
CPU Model and flags from /proc/cpuinfo:
model name	: Intel(R) Xeon(R) Processor @ 2.50GHz
flags		: fpu vme de pse tsc msr pae mce cx8 apic sep mtrr pge mca cmov pat pse36 clflush mmx fxsr sse sse2 ss ht syscall nx pdpe1gb rdtscp lm constant_tsc rep_good nopl xtopology nonstop_tsc cpuid tsc_known_freq pni pclmulqdq ssse3 fma cx16 pcid sse4_1 sse4_2 x2apic movbe popcnt tsc_deadline_timer aes xsave avx f16c rdrand hypervisor lahf_lm abm 3dnowprefetch cpuid_fault invpcid_single ssbd ibrs ibpb stibp ibrs_enhanced fsgsbase tsc_adjust bmi1 avx2 smep bmi2 erms invpcid mpx avx512f avx512dq rdseed adx smap clflushopt clwb avx512cd avx512bw avx512vl xsaveopt xsavec xgetbv1 xsaves umip avx512_vnni md_clear arch_capabilities

Online cpus: 0-1
Offline cpus: 
BIOS frequency limitation: <Not Available>
Frequency switch latency (ns): <Not Available>
Available cpu frequencies: <Not Available>
Current governor: <Not Available>
Core performance/turbo boost: <Not Available>

Memory: 4k page, physical 2097152k(307720k free), swap 0k(0k free)
Page Sizes: 4k

vm_info: OpenJDK 64-Bit Server VM (17.0.16+8-Debian-1deb12u1) for linux-amd64 JRE (17.0.16+8-Debian-1deb12u1), built on Aug 11 2025 10:28:33 by "buildd" with gcc 12.2.0

END.
