#
# There is insufficient memory for the Java Runtime Environment to continue.
# Native memory allocation (mmap) failed to map 1384120320 bytes. Error detail: committing reserved memory.
# Possible reasons:
#   The system is out of physical RAM or swap space
#   This process is running with CompressedOops enabled, and the Java Heap may be blocking the growth of the native heap
# Possible solutions:
#   Reduce memory load on the system
#   Increase physical memory or swap space
#   Check if swap backing store is full
#   Decrease Java heap size (-Xmx/-Xms)
#   Decrease number of Java threads
#   Decrease Java thread stack sizes (-Xss)
#   Set larger code cache with -XX:ReservedCodeCacheSize=
#   JVM is running with Zero Based Compressed Oops mode in which the Java heap is
#     placed in the first 32GB address space. The Java Heap base address is the
#     maximum limit for the native heap growth. Please use -XX:HeapBaseMinAddress
#     to set the Java Heap base and to place the Java Heap above 32GB virtual address.
# This output file may be truncated or incomplete.
#
#  Out of Memory Error (os_linux.cpp:2832), pid=1660, tid=1670
#
# JRE version: OpenJDK Runtime Environment (17.0.16+8) (build 17.0.16+8-Debian-1deb12u1)
# Java VM: OpenJDK 64-Bit Server VM (17.0.16+8-Debian-1deb12u1, mixed mode, sharing, tiered, compressed oops, compressed class ptrs, g1 gc, linux-amd64)
# No core dump will be written. Core dumps have been disabled. To enable core dumping, try "ulimit -c unlimited" before starting Java again
#

---------------  S U M M A R Y ------------

Command Line: --add-opens=java.base/java.util=ALL-UNNAMED --add-opens=java.base/java.lang=ALL-UNNAMED --add-opens=java.base/java.lang.invoke=ALL-UNNAMED --add-opens=java.prefs/java.util.prefs=ALL-UNNAMED --add-opens=java.base/java.nio.charset=ALL-UNNAMED --add-opens=java.base/java.net=ALL-UNNAMED --add-opens=java.base/java.util.concurrent.atomic=ALL-UNNAMED -Xmx4G -Dfile.encoding=UTF-8 -Duser.country -Duser.language=en -Duser.variant -javaagent:/root/.gradle/wrapper/dists/gradle-8.2-bin/bbg7u40eoinfdyxsxr3z4i7ta/gradle-8.2/lib/agents/gradle-instrumentation-agent-8.2.jar org.gradle.launcher.daemon.bootstrap.GradleDaemon 8.2

Host: Intel(R) Xeon(R) Processor @ 2.50GHz, 2 cores, 2G, Debian GNU/Linux 12 (bookworm)
Time: Wed Aug 19 11:56:20 2026 UTC elapsed time: 103.677229 seconds (0d 0h 1m 43s)

---------------  T H R E A D  ---------------

Current thread (0x00007f14ec0e2140):  VMThread "VM Thread" [stack: 0x00007f14cc725000,0x00007f14cc825000] [id=1670]

Stack: [0x00007f14cc725000,0x00007f14cc825000],  sp=0x00007f14cc822d70,  free space=1015k
Native frames: (J=compiled Java code, j=interpreted, Vv=VM code, C=native code)
V  [libjvm.so+0xf21441]  VMError::report_and_die(int, char const*, char const*, __va_list_tag*, Thread*, unsigned char*, void*, void*, char const*, int, unsigned long)+0x171
V  [libjvm.so+0xf21fad]  VMError::report_and_die(Thread*, char const*, int, unsigned long, VMErrorType, char const*, __va_list_tag*)+0x2d
V  [libjvm.so+0x602fcc]  report_vm_out_of_memory(char const*, int, unsigned long, VMErrorType, char const*, ...)+0xdc
V  [libjvm.so+0xc29a4b]  os::pd_commit_memory_or_exit(char*, unsigned long, unsigned long, bool, char const*)+0xeb
V  [libjvm.so+0xc2395b]  os::commit_memory_or_exit(char*, unsigned long, unsigned long, bool, char const*)+0x1b
V  [libjvm.so+0x732af6]  G1PageBasedVirtualSpace::commit(unsigned long, unsigned long)+0x66
V  [libjvm.so+0x746a70]  G1RegionsLargerThanCommitSizeMapper::commit_regions(unsigned int, unsigned long, WorkGang*)+0x110
V  [libjvm.so+0x7da028]  HeapRegionManager::commit_regions(unsigned int, unsigned long, WorkGang*)+0x88
V  [libjvm.so+0x7dbe6b]  HeapRegionManager::expand(unsigned int, unsigned int, WorkGang*)+0x2b
V  [libjvm.so+0x7dc087]  HeapRegionManager::expand_by(unsigned int, WorkGang*)+0x77
V  [libjvm.so+0x6eb548]  G1CollectedHeap::expand(unsigned long, WorkGang*, double*)+0xe8
V  [libjvm.so+0x6ef189]  G1CollectedHeap::do_collection_pause_at_safepoint_helper(double)+0x8a9
V  [libjvm.so+0x6ef1ef]  G1CollectedHeap::do_collection_pause_at_safepoint(double)+0x2f
V  [libjvm.so+0x76b0d7]  VM_G1CollectForAllocation::doit()+0x47
V  [libjvm.so+0xf26945]  VM_Operation::evaluate()+0xe5
V  [libjvm.so+0xf28235]  VMThread::evaluate_operation(VM_Operation*)+0x105
V  [libjvm.so+0xf287af]  VMThread::inner_execute(VM_Operation*)+0x28f
V  [libjvm.so+0xf289bf]  VMThread::run()+0xbf
V  [libjvm.so+0xea3585]  Thread::call_run()+0xa5
V  [libjvm.so+0xc2c1f3]  thread_native_entry(Thread*)+0xe3

VM_Operation (0x00007f14bcdf40c0): G1CollectForAllocation, mode: safepoint, requested by thread 0x00007f1464009ae0


---------------  P R O C E S S  ---------------

Threads class SMR info:
_java_thread_list=0x00007f14b05e2610, length=43, elements={
0x00007f14ec01a760, 0x00007f14ec0e6200, 0x00007f14ec0e75e0, 0x00007f14ec0ee2c0,
0x00007f14ec0ef670, 0x00007f14ec0f0a80, 0x00007f14ec0f2430, 0x00007f14ec0f3960,
0x00007f14ec0f4dd0, 0x00007f14ec100730, 0x00007f14ec1c8090, 0x00007f14ed068380,
0x00007f14ed0a7e50, 0x00007f14ed10d960, 0x00007f145c01a840, 0x00007f1464002c80,
0x00007f14640080b0, 0x00007f1464009ae0, 0x00007f14b00038e0, 0x00007f14b0009f50,
0x00007f14b000d180, 0x00007f14b0195b20, 0x00007f14b019ee10, 0x00007f14b024fb40,
0x00007f14b07679e0, 0x00007f14b0777460, 0x00007f14b0787870, 0x00007f14b07d1f20,
0x00007f14b07e0d70, 0x00007f14b0848bc0, 0x00007f14b0a9d380, 0x00007f14b0be08b0,
0x00007f14b0d05d10, 0x00007f14b0de5a50, 0x00007f14b0e70ec0, 0x00007f14c00097a0,
0x00007f14c8023e20, 0x00007f14c80bd390, 0x00007f14b044eb60, 0x00007f14b0c28be0,
0x00007f14b0306c70, 0x00007f14b05e14d0, 0x00007f14b05e1a90
}

Java Threads: ( => current thread )
  0x00007f14ec01a760 JavaThread "main" [_thread_blocked, id=1662, stack(0x00007f14f187c000,0x00007f14f197c000)]
  0x00007f14ec0e6200 JavaThread "Reference Handler" daemon [_thread_blocked, id=1671, stack(0x00007f14cc624000,0x00007f14cc724000)]
  0x00007f14ec0e75e0 JavaThread "Finalizer" daemon [_thread_blocked, id=1672, stack(0x00007f14cc523000,0x00007f14cc623000)]
  0x00007f14ec0ee2c0 JavaThread "Signal Dispatcher" daemon [_thread_blocked, id=1673, stack(0x00007f14cc3cb000,0x00007f14cc4cb000)]
  0x00007f14ec0ef670 JavaThread "Service Thread" daemon [_thread_blocked, id=1674, stack(0x00007f14cc2ca000,0x00007f14cc3ca000)]
  0x00007f14ec0f0a80 JavaThread "Monitor Deflation Thread" daemon [_thread_blocked, id=1675, stack(0x00007f14cc1c9000,0x00007f14cc2c9000)]
  0x00007f14ec0f2430 JavaThread "C2 CompilerThread0" daemon [_thread_blocked, id=1676, stack(0x00007f14cc0c8000,0x00007f14cc1c8000)]
  0x00007f14ec0f3960 JavaThread "C1 CompilerThread0" daemon [_thread_blocked, id=1677, stack(0x00007f14bdf00000,0x00007f14be000000)]
  0x00007f14ec0f4dd0 JavaThread "Sweeper thread" daemon [_thread_blocked, id=1678, stack(0x00007f14bddff000,0x00007f14bdeff000)]
  0x00007f14ec100730 JavaThread "Common-Cleaner" daemon [_thread_blocked, id=1679, stack(0x00007f14bdcfe000,0x00007f14bddfe000)]
  0x00007f14ec1c8090 JavaThread "Notification Thread" daemon [_thread_blocked, id=1680, stack(0x00007f14bdbfd000,0x00007f14bdcfd000)]
  0x00007f14ed068380 JavaThread "Daemon health stats" [_thread_blocked, id=1686, stack(0x00007f14bd8fa000,0x00007f14bd9fa000)]
  0x00007f14ed0a7e50 JavaThread "Incoming local TCP Connector on port 38719" [_thread_in_native, id=1688, stack(0x00007f14bd500000,0x00007f14bd600000)]
  0x00007f14ed10d960 JavaThread "Daemon periodic checks" [_thread_blocked, id=1689, stack(0x00007f14bd100000,0x00007f14bd200000)]
  0x00007f145c01a840 JavaThread "Daemon" [_thread_blocked, id=1690, stack(0x00007f14bcfff000,0x00007f14bd0ff000)]
  0x00007f1464002c80 JavaThread "Handler for socket connection from /127.0.0.1:38719 to /127.0.0.1:53386" [_thread_in_native, id=1691, stack(0x00007f14bcefe000,0x00007f14bcffe000)]
  0x00007f14640080b0 JavaThread "Cancel handler" [_thread_blocked, id=1692, stack(0x00007f14bcdfd000,0x00007f14bcefd000)]
  0x00007f1464009ae0 JavaThread "Daemon worker" [_thread_blocked, id=1693, stack(0x00007f14bccfc000,0x00007f14bcdfc000)]
  0x00007f14b00038e0 JavaThread "Asynchronous log dispatcher for DefaultDaemonConnection: socket connection from /127.0.0.1:38719 to /127.0.0.1:53386" [_thread_blocked, id=1696, stack(0x00007f14bcbfb000,0x00007f14bccfb000)]
  0x00007f14b0009f50 JavaThread "Stdin handler" [_thread_blocked, id=1697, stack(0x00007f14bcafa000,0x00007f14bcbfa000)]
  0x00007f14b000d180 JavaThread "Daemon client event forwarder" [_thread_blocked, id=1698, stack(0x00007f14bc9f9000,0x00007f14bcaf9000)]
  0x00007f14b0195b20 JavaThread "Cache worker for journal cache (/root/.gradle/caches/journal-1)" [_thread_blocked, id=1700, stack(0x00007f14bc8f8000,0x00007f14bc9f8000)]
  0x00007f14b019ee10 JavaThread "File lock request listener" [_thread_in_native, id=1701, stack(0x00007f14bc7f7000,0x00007f14bc8f7000)]
  0x00007f14b024fb40 JavaThread "Cache worker for file hash cache (/root/.gradle/caches/8.2/fileHashes)" [_thread_blocked, id=1703, stack(0x00007f14bc6f6000,0x00007f14bc7f6000)]
  0x00007f14b07679e0 JavaThread "Cache worker for checksums cache (/workspace/.gradle/8.2/checksums)" [_thread_blocked, id=1705, stack(0x00007f14bc5f5000,0x00007f14bc6f5000)]
  0x00007f14b0777460 JavaThread "Cache worker for cache directory md-rule (/root/.gradle/caches/8.2/md-rule)" [_thread_blocked, id=1707, stack(0x00007f14bc4f4000,0x00007f14bc5f4000)]
  0x00007f14b0787870 JavaThread "Cache worker for file content cache (/root/.gradle/caches/8.2/fileContent)" [_thread_blocked, id=1708, stack(0x00007f14bc3f3000,0x00007f14bc4f3000)]
  0x00007f14b07d1f20 JavaThread "Cache worker for file hash cache (/workspace/.gradle/8.2/fileHashes)" [_thread_blocked, id=1709, stack(0x00007f14bc2f2000,0x00007f14bc3f2000)]
  0x00007f14b07e0d70 JavaThread "Cache worker for cache directory md-supplier (/root/.gradle/caches/8.2/md-supplier)" [_thread_blocked, id=1710, stack(0x00007f14bc1f1000,0x00007f14bc2f1000)]
  0x00007f14b0848bc0 JavaThread "Cache worker for execution history cache (/root/.gradle/caches/8.2/executionHistory)" [_thread_blocked, id=1713, stack(0x00007f146ef00000,0x00007f146f000000)]
  0x00007f14b0a9d380 JavaThread "jar transforms" [_thread_blocked, id=1716, stack(0x00007f146edff000,0x00007f146eeff000)]
  0x00007f14b0be08b0 JavaThread "jar transforms Thread 2" [_thread_blocked, id=1719, stack(0x00007f146ecfe000,0x00007f146edfe000)]
  0x00007f14b0d05d10 JavaThread "Cache worker for dependencies-accessors (/workspace/.gradle/8.2/dependencies-accessors)" [_thread_blocked, id=1720, stack(0x00007f146ebfd000,0x00007f146ecfd000)]
  0x00007f14b0de5a50 JavaThread "Cache worker for Build Output Cleanup Cache (/workspace/buildSrc/.gradle/buildOutputCleanup)" [_thread_blocked, id=1722, stack(0x00007f146eafc000,0x00007f146ebfc000)]
  0x00007f14b0e70ec0 JavaThread "Memory manager" [_thread_blocked, id=1724, stack(0x00007f146e9fb000,0x00007f146eafb000)]
  0x00007f14c00097a0 JavaThread "Execution worker" [_thread_blocked, id=1729, stack(0x00007f146e7f9000,0x00007f146e8f9000)]
  0x00007f14c8023e20 JavaThread "Cache worker for execution history cache (/workspace/buildSrc/.gradle/8.2/executionHistory)" [_thread_blocked, id=1730, stack(0x00007f146e6f8000,0x00007f146e7f8000)]
  0x00007f14c80bd390 JavaThread "Unconstrained build operations" [_thread_blocked, id=1732, stack(0x00007f146e5f7000,0x00007f146e6f7000)]
  0x00007f14b044eb60 JavaThread "Unconstrained build operations Thread 2" [_thread_blocked, id=1734, stack(0x00007f146e4f6000,0x00007f146e5f6000)]
  0x00007f14b0c28be0 JavaThread "Cache worker for Build Output Cleanup Cache (/workspace/.gradle/buildOutputCleanup)" [_thread_blocked, id=1736, stack(0x00007f146e3f5000,0x00007f146e4f5000)]
  0x00007f14b0306c70 JavaThread "Unconstrained build operations Thread 3" [_thread_blocked, id=1912, stack(0x00007f146e2f4000,0x00007f146e3f4000)]
  0x00007f14b05e14d0 JavaThread "pool-1-thread-1" [_thread_blocked, id=1919, stack(0x00007f146e8fa000,0x00007f146e9fa000)]
  0x00007f14b05e1a90 JavaThread "pool-1-thread-2" [_thread_blocked, id=1920, stack(0x00007f146e1f3000,0x00007f146e2f3000)]

Other Threads:
=>0x00007f14ec0e2140 VMThread "VM Thread" [stack: 0x00007f14cc725000,0x00007f14cc825000] [id=1670]
  0x00007f14ec01cad0 WatcherThread [stack: 0x00007f14bdafc000,0x00007f14bdbfc000] [id=1681]
  0x00007f14ec086000 GCTaskThread "GC Thread#0" [stack: 0x00007f14f0311000,0x00007f14f0411000] [id=1665]
  0x00007f14680047b0 GCTaskThread "GC Thread#1" [stack: 0x00007f14bd9fb000,0x00007f14bdafb000] [id=1683]
  0x00007f14ec0975e0 ConcurrentGCThread "G1 Main Marker" [stack: 0x00007f14f0210000,0x00007f14f0310000] [id=1666]
  0x00007f14ec098550 ConcurrentGCThread "G1 Conc#0" [stack: 0x00007f14f010f000,0x00007f14f020f000] [id=1667]
  0x00007f14ec0b4780 ConcurrentGCThread "G1 Refine#0" [stack: 0x00007f14ccb4c000,0x00007f14ccc4c000] [id=1668]
  0x00007f14b8008580 ConcurrentGCThread "G1 Refine#1" [stack: 0x00007f14bc0f0000,0x00007f14bc1f0000] [id=1711]
  0x00007f14ec0b5680 ConcurrentGCThread "G1 Service" [stack: 0x00007f14cca4b000,0x00007f14ccb4b000] [id=1669]

Threads with active compile tasks:

VM state: at safepoint (normal execution)

VM Mutex/Monitor currently owned by a thread:  ([mutex/lock_event])
[0x00007f14ec017550] Threads_lock - owner thread: 0x00007f14ec0e2140
[0x00007f14ec017d00] Heap_lock - owner thread: 0x00007f1464009ae0

Heap address: 0x0000000700000000, size: 4096 MB, Compressed Oops mode: Zero based, Oop shift amount: 3

CDS archive(s) mapped at: [0x00007f146f000000-0x00007f146fbca000-0x00007f146fbca000), size 12361728, SharedBaseAddress: 0x00007f146f000000, ArchiveRelocationMode: 1.
Compressed class space mapped at: 0x00007f1470000000-0x00007f14b0000000, reserved size: 1073741824
Narrow klass base: 0x00007f146f000000, Narrow klass shift: 0, Narrow klass range: 0x100000000

GC Precious Log:
 CPUs: 2 total, 2 available
 Memory: 2048M
 Large Page Support: Disabled
 NUMA Support: Disabled
 Compressed Oops: Enabled (Zero based)
 Heap Region Size: 2M
 Heap Min Capacity: 8M
 Heap Initial Capacity: 32M
 Heap Max Capacity: 4G
 Pre-touch: Disabled
 Parallel Workers: 2
 Concurrent Workers: 1
 Concurrent Refinement Workers: 2
 Periodic GC: Disabled

Heap:
 garbage-first heap   total 675840K, used 473012K [0x0000000700000000, 0x0000000800000000)
  region size 2048K, 2 young (4096K), 2 survivors (4096K)
 Metaspace       used 64455K, committed 65024K, reserved 1114112K
  class space    used 8754K, committed 9024K, reserved 1048576K

Heap Regions: E=young(eden), S=young(survivor), O=old, HS=humongous(starts), HC=humongous(continues), CS=collection set, F=free, OA=open archive, CA=closed archive, TAMS=top-at-mark-start (previous, next)
|   0|0x0000000700000000, 0x0000000700200000, 0x0000000700200000|100%|HS|  |TAMS 0x0000000700200000, 0x0000000700200000| Complete 
|   1|0x0000000700200000, 0x0000000700400000, 0x0000000700400000|100%|HC|  |TAMS 0x0000000700400000, 0x0000000700400000| Complete 
|   2|0x0000000700400000, 0x0000000700600000, 0x0000000700600000|100%| O|  |TAMS 0x0000000700600000, 0x0000000700600000| Untracked 
|   3|0x0000000700600000, 0x0000000700800000, 0x0000000700800000|100%| O|  |TAMS 0x0000000700800000, 0x0000000700800000| Untracked 
|   4|0x0000000700800000, 0x0000000700a00000, 0x0000000700a00000|100%| O|  |TAMS 0x0000000700a00000, 0x0000000700a00000| Untracked 
|   5|0x0000000700a00000, 0x0000000700c00000, 0x0000000700c00000|100%| O|  |TAMS 0x0000000700c00000, 0x0000000700c00000| Untracked 
|   6|0x0000000700c00000, 0x0000000700e00000, 0x0000000700e00000|100%| O|  |TAMS 0x0000000700e00000, 0x0000000700e00000| Untracked 
|   7|0x0000000700e00000, 0x0000000701000000, 0x0000000701000000|100%| O|  |TAMS 0x0000000701000000, 0x0000000701000000| Untracked 
|   8|0x0000000701000000, 0x0000000701200000, 0x0000000701200000|100%| O|  |TAMS 0x0000000701000000, 0x0000000701200000| Untracked 
|   9|0x0000000701200000, 0x0000000701400000, 0x0000000701400000|100%| O|  |TAMS 0x0000000701400000, 0x0000000701400000| Untracked 
|  10|0x0000000701400000, 0x0000000701600000, 0x0000000701600000|100%| O|  |TAMS 0x0000000701600000, 0x0000000701600000| Untracked 
|  11|0x0000000701600000, 0x0000000701800000, 0x0000000701800000|100%| O|  |TAMS 0x0000000701800000, 0x0000000701800000| Untracked 
|  12|0x0000000701800000, 0x0000000701a00000, 0x0000000701a00000|100%| O|  |TAMS 0x0000000701a00000, 0x0000000701a00000| Untracked 
|  13|0x0000000701a00000, 0x0000000701c00000, 0x0000000701c00000|100%| O|  |TAMS 0x0000000701c00000, 0x0000000701c00000| Untracked 
|  14|0x0000000701c00000, 0x0000000701e00000, 0x0000000701e00000|100%|HS|  |TAMS 0x0000000701c00000, 0x0000000701e00000| Complete 
|  15|0x0000000701e00000, 0x0000000702000000, 0x0000000702000000|100%| O|  |TAMS 0x0000000702000000, 0x0000000702000000| Untracked 
|  16|0x0000000702000000, 0x0000000702200000, 0x0000000702200000|100%| O|  |TAMS 0x0000000702200000, 0x0000000702200000| Untracked 
|  17|0x0000000702200000, 0x0000000702400000, 0x0000000702400000|100%| O|  |TAMS 0x0000000702247e00, 0x0000000702400000| Untracked 
|  18|0x0000000702400000, 0x0000000702600000, 0x0000000702600000|100%| O|  |TAMS 0x0000000702400000, 0x0000000702600000| Untracked 
|  19|0x0000000702600000, 0x0000000702800000, 0x0000000702800000|100%| O|  |TAMS 0x0000000702600000, 0x0000000702800000| Untracked 
|  20|0x0000000702800000, 0x0000000702a00000, 0x0000000702a00000|100%| O|  |TAMS 0x0000000702800000, 0x0000000702a00000| Untracked 
|  21|0x0000000702a00000, 0x0000000702c00000, 0x0000000702c00000|100%| O|  |TAMS 0x0000000702a00000, 0x0000000702c00000| Untracked 
|  22|0x0000000702c00000, 0x0000000702e00000, 0x0000000702e00000|100%| O|  |TAMS 0x0000000702c00000, 0x0000000702e00000| Untracked 
|  23|0x0000000702e00000, 0x0000000703000000, 0x0000000703000000|100%| O|  |TAMS 0x0000000702e00000, 0x0000000703000000| Untracked 
|  24|0x0000000703000000, 0x0000000703200000, 0x0000000703200000|100%| O|  |TAMS 0x0000000703000000, 0x0000000703200000| Untracked 
|  25|0x0000000703200000, 0x0000000703400000, 0x0000000703400000|100%| O|  |TAMS 0x0000000703200000, 0x0000000703400000| Untracked 
|  26|0x0000000703400000, 0x0000000703600000, 0x0000000703600000|100%| O|  |TAMS 0x0000000703400000, 0x0000000703600000| Untracked 
|  27|0x0000000703600000, 0x0000000703800000, 0x0000000703800000|100%| O|  |TAMS 0x0000000703600000, 0x0000000703800000| Untracked 
|  28|0x0000000703800000, 0x0000000703a00000, 0x0000000703a00000|100%| O|  |TAMS 0x0000000703800000, 0x0000000703a00000| Untracked 
|  29|0x0000000703a00000, 0x0000000703c00000, 0x0000000703c00000|100%| O|  |TAMS 0x0000000703a00000, 0x0000000703c00000| Untracked 
|  30|0x0000000703c00000, 0x0000000703e00000, 0x0000000703e00000|100%| O|  |TAMS 0x0000000703c00000, 0x0000000703e00000| Untracked 
|  31|0x0000000703e00000, 0x0000000704000000, 0x0000000704000000|100%| O|  |TAMS 0x0000000703e00000, 0x0000000704000000| Untracked 
|  32|0x0000000704000000, 0x0000000704200000, 0x0000000704200000|100%| O|  |TAMS 0x0000000704000000, 0x0000000704200000| Untracked 
|  33|0x0000000704200000, 0x0000000704400000, 0x0000000704400000|100%| O|  |TAMS 0x0000000704200000, 0x0000000704400000| Untracked 
|  34|0x0000000704400000, 0x0000000704600000, 0x0000000704600000|100%| O|  |TAMS 0x0000000704400000, 0x0000000704600000| Untracked 
|  35|0x0000000704600000, 0x0000000704800000, 0x0000000704800000|100%| O|  |TAMS 0x0000000704600000, 0x0000000704800000| Untracked 
|  36|0x0000000704800000, 0x0000000704a00000, 0x0000000704a00000|100%| O|  |TAMS 0x0000000704800000, 0x0000000704a00000| Untracked 
|  37|0x0000000704a00000, 0x0000000704c00000, 0x0000000704c00000|100%| O|  |TAMS 0x0000000704a00000, 0x0000000704c00000| Untracked 
|  38|0x0000000704c00000, 0x0000000704e00000, 0x0000000704e00000|100%| O|  |TAMS 0x0000000704c00000, 0x0000000704e00000| Untracked 
|  39|0x0000000704e00000, 0x0000000705000000, 0x0000000705000000|100%| O|  |TAMS 0x0000000704e00000, 0x0000000705000000| Untracked 
|  40|0x0000000705000000, 0x0000000705200000, 0x0000000705200000|100%| O|  |TAMS 0x0000000705000000, 0x0000000705200000| Untracked 
|  41|0x0000000705200000, 0x0000000705400000, 0x0000000705400000|100%| O|  |TAMS 0x0000000705200000, 0x0000000705400000| Untracked 
|  42|0x0000000705400000, 0x0000000705600000, 0x0000000705600000|100%| O|  |TAMS 0x0000000705400000, 0x0000000705600000| Untracked 
|  43|0x0000000705600000, 0x0000000705800000, 0x0000000705800000|100%| O|  |TAMS 0x0000000705600000, 0x0000000705800000| Untracked 
|  44|0x0000000705800000, 0x0000000705a00000, 0x0000000705a00000|100%| O|  |TAMS 0x0000000705800000, 0x0000000705a00000| Untracked 
|  45|0x0000000705a00000, 0x0000000705c00000, 0x0000000705c00000|100%| O|  |TAMS 0x0000000705a00000, 0x0000000705c00000| Untracked 
|  46|0x0000000705c00000, 0x0000000705e00000, 0x0000000705e00000|100%| O|  |TAMS 0x0000000705c00000, 0x0000000705e00000| Untracked 
|  47|0x0000000705e00000, 0x0000000706000000, 0x0000000706000000|100%| O|  |TAMS 0x0000000705e00000, 0x0000000706000000| Untracked 
|  48|0x0000000706000000, 0x0000000706200000, 0x0000000706200000|100%| O|  |TAMS 0x0000000706000000, 0x0000000706200000| Untracked 
|  49|0x0000000706200000, 0x0000000706400000, 0x0000000706400000|100%| O|  |TAMS 0x0000000706200000, 0x0000000706400000| Untracked 
|  50|0x0000000706400000, 0x0000000706600000, 0x0000000706600000|100%| O|  |TAMS 0x0000000706400000, 0x0000000706600000| Untracked 
|  51|0x0000000706600000, 0x0000000706800000, 0x0000000706800000|100%| O|  |TAMS 0x0000000706600000, 0x0000000706800000| Untracked 
|  52|0x0000000706800000, 0x0000000706a00000, 0x0000000706a00000|100%| O|  |TAMS 0x0000000706800000, 0x0000000706a00000| Untracked 
|  53|0x0000000706a00000, 0x0000000706c00000, 0x0000000706c00000|100%| O|  |TAMS 0x0000000706a00000, 0x0000000706c00000| Untracked 
|  54|0x0000000706c00000, 0x0000000706e00000, 0x0000000706e00000|100%| O|  |TAMS 0x0000000706c00000, 0x0000000706e00000| Untracked 
|  55|0x0000000706e00000, 0x0000000707000000, 0x0000000707000000|100%| O|  |TAMS 0x0000000706e00000, 0x0000000707000000| Untracked 
|  56|0x0000000707000000, 0x0000000707200000, 0x0000000707200000|100%| O|  |TAMS 0x0000000707000000, 0x0000000707200000| Untracked 
|  57|0x0000000707200000, 0x0000000707400000, 0x0000000707400000|100%| O|  |TAMS 0x0000000707200000, 0x0000000707400000| Untracked 
|  58|0x0000000707400000, 0x0000000707600000, 0x0000000707600000|100%| O|  |TAMS 0x0000000707400000, 0x0000000707600000| Untracked 
|  59|0x0000000707600000, 0x0000000707800000, 0x0000000707800000|100%| O|  |TAMS 0x0000000707600000, 0x0000000707800000| Untracked 
|  60|0x0000000707800000, 0x0000000707a00000, 0x0000000707a00000|100%| O|  |TAMS 0x0000000707800000, 0x0000000707a00000| Untracked 
|  61|0x0000000707a00000, 0x0000000707c00000, 0x0000000707c00000|100%| O|  |TAMS 0x0000000707a00000, 0x0000000707c00000| Untracked 
|  62|0x0000000707c00000, 0x0000000707e00000, 0x0000000707e00000|100%| O|  |TAMS 0x0000000707c00000, 0x0000000707e00000| Untracked 
|  63|0x0000000707e00000, 0x0000000708000000, 0x0000000708000000|100%| O|  |TAMS 0x0000000707e00000, 0x0000000708000000| Untracked 
|  64|0x0000000708000000, 0x0000000708200000, 0x0000000708200000|100%| O|  |TAMS 0x0000000708000000, 0x0000000708200000| Untracked 
|  65|0x0000000708200000, 0x0000000708400000, 0x0000000708400000|100%| O|  |TAMS 0x0000000708200000, 0x0000000708400000| Untracked 
|  66|0x0000000708400000, 0x0000000708600000, 0x0000000708600000|100%| O|  |TAMS 0x0000000708400000, 0x0000000708600000| Untracked 
|  67|0x0000000708600000, 0x0000000708800000, 0x0000000708800000|100%| O|  |TAMS 0x0000000708600000, 0x0000000708800000| Untracked 
|  68|0x0000000708800000, 0x0000000708a00000, 0x0000000708a00000|100%| O|  |TAMS 0x0000000708800000, 0x0000000708a00000| Untracked 
|  69|0x0000000708a00000, 0x0000000708c00000, 0x0000000708c00000|100%| O|  |TAMS 0x0000000708a00000, 0x0000000708c00000| Untracked 
|  70|0x0000000708c00000, 0x0000000708e00000, 0x0000000708e00000|100%| O|  |TAMS 0x0000000708c00000, 0x0000000708e00000| Untracked 
|  71|0x0000000708e00000, 0x0000000709000000, 0x0000000709000000|100%| O|  |TAMS 0x0000000708e00000, 0x0000000709000000| Untracked 
|  72|0x0000000709000000, 0x0000000709200000, 0x0000000709200000|100%| O|  |TAMS 0x0000000709000000, 0x0000000709200000| Untracked 
|  73|0x0000000709200000, 0x0000000709400000, 0x0000000709400000|100%| O|  |TAMS 0x0000000709200000, 0x0000000709400000| Untracked 
|  74|0x0000000709400000, 0x0000000709600000, 0x0000000709600000|100%| O|  |TAMS 0x0000000709400000, 0x0000000709600000| Untracked 
|  75|0x0000000709600000, 0x0000000709800000, 0x0000000709800000|100%| O|  |TAMS 0x0000000709600000, 0x0000000709800000| Untracked 
|  76|0x0000000709800000, 0x0000000709a00000, 0x0000000709a00000|100%| O|  |TAMS 0x0000000709800000, 0x0000000709a00000| Untracked 
|  77|0x0000000709a00000, 0x0000000709c00000, 0x0000000709c00000|100%| O|  |TAMS 0x0000000709a00000, 0x0000000709c00000| Untracked 
|  78|0x0000000709c00000, 0x0000000709e00000, 0x0000000709e00000|100%| O|  |TAMS 0x0000000709c00000, 0x0000000709e00000| Untracked 
|  79|0x0000000709e00000, 0x000000070a000000, 0x000000070a000000|100%| O|  |TAMS 0x0000000709e00000, 0x000000070a000000| Untracked 
|  80|0x000000070a000000, 0x000000070a200000, 0x000000070a200000|100%| O|  |TAMS 0x000000070a000000, 0x000000070a200000| Untracked 
|  81|0x000000070a200000, 0x000000070a400000, 0x000000070a400000|100%| O|  |TAMS 0x000000070a200000, 0x000000070a400000| Untracked 
|  82|0x000000070a400000, 0x000000070a600000, 0x000000070a600000|100%| O|  |TAMS 0x000000070a400000, 0x000000070a600000| Untracked 
|  83|0x000000070a600000, 0x000000070a800000, 0x000000070a800000|100%| O|  |TAMS 0x000000070a600000, 0x000000070a800000| Untracked 
|  84|0x000000070a800000, 0x000000070aa00000, 0x000000070aa00000|100%| O|  |TAMS 0x000000070a800000, 0x000000070aa00000| Untracked 
|  85|0x000000070aa00000, 0x000000070ac00000, 0x000000070ac00000|100%| O|  |TAMS 0x000000070aa00000, 0x000000070ac00000| Untracked 
|  86|0x000000070ac00000, 0x000000070ae00000, 0x000000070ae00000|100%| O|  |TAMS 0x000000070ac00000, 0x000000070ae00000| Untracked 
|  87|0x000000070ae00000, 0x000000070b000000, 0x000000070b000000|100%| O|  |TAMS 0x000000070ae00000, 0x000000070b000000| Untracked 
|  88|0x000000070b000000, 0x000000070b200000, 0x000000070b200000|100%| O|  |TAMS 0x000000070b000000, 0x000000070b200000| Untracked 
|  89|0x000000070b200000, 0x000000070b400000, 0x000000070b400000|100%| O|  |TAMS 0x000000070b200000, 0x000000070b400000| Untracked 
|  90|0x000000070b400000, 0x000000070b600000, 0x000000070b600000|100%| O|  |TAMS 0x000000070b400000, 0x000000070b600000| Untracked 
|  91|0x000000070b600000, 0x000000070b800000, 0x000000070b800000|100%| O|  |TAMS 0x000000070b600000, 0x000000070b800000| Untracked 
|  92|0x000000070b800000, 0x000000070ba00000, 0x000000070ba00000|100%| O|  |TAMS 0x000000070b800000, 0x000000070ba00000| Untracked 
|  93|0x000000070ba00000, 0x000000070bc00000, 0x000000070bc00000|100%| O|  |TAMS 0x000000070ba00000, 0x000000070bc00000| Untracked 
|  94|0x000000070bc00000, 0x000000070be00000, 0x000000070be00000|100%| O|  |TAMS 0x000000070bc00000, 0x000000070be00000| Untracked 
|  95|0x000000070be00000, 0x000000070c000000, 0x000000070c000000|100%| O|  |TAMS 0x000000070be00000, 0x000000070c000000| Untracked 
|  96|0x000000070c000000, 0x000000070c200000, 0x000000070c200000|100%| O|  |TAMS 0x000000070c000000, 0x000000070c200000| Untracked 
|  97|0x000000070c200000, 0x000000070c400000, 0x000000070c400000|100%| O|  |TAMS 0x000000070c200000, 0x000000070c400000| Untracked 
|  98|0x000000070c400000, 0x000000070c600000, 0x000000070c600000|100%| O|  |TAMS 0x000000070c400000, 0x000000070c600000| Untracked 
|  99|0x000000070c600000, 0x000000070c800000, 0x000000070c800000|100%| O|  |TAMS 0x000000070c600000, 0x000000070c800000| Untracked 
| 100|0x000000070c800000, 0x000000070ca00000, 0x000000070ca00000|100%| O|  |TAMS 0x000000070c800000, 0x000000070ca00000| Untracked 
| 101|0x000000070ca00000, 0x000000070cc00000, 0x000000070cc00000|100%| O|  |TAMS 0x000000070ca00000, 0x000000070cc00000| Untracked 
| 102|0x000000070cc00000, 0x000000070ce00000, 0x000000070ce00000|100%| O|  |TAMS 0x000000070cc00000, 0x000000070ce00000| Untracked 
| 103|0x000000070ce00000, 0x000000070d000000, 0x000000070d000000|100%| O|  |TAMS 0x000000070ce00000, 0x000000070d000000| Untracked 
| 104|0x000000070d000000, 0x000000070d200000, 0x000000070d200000|100%| O|  |TAMS 0x000000070d000000, 0x000000070d200000| Untracked 
| 105|0x000000070d200000, 0x000000070d400000, 0x000000070d400000|100%| O|  |TAMS 0x000000070d200000, 0x000000070d400000| Untracked 
| 106|0x000000070d400000, 0x000000070d600000, 0x000000070d600000|100%| O|  |TAMS 0x000000070d400000, 0x000000070d600000| Untracked 
| 107|0x000000070d600000, 0x000000070d800000, 0x000000070d800000|100%| O|  |TAMS 0x000000070d600000, 0x000000070d800000| Untracked 
| 108|0x000000070d800000, 0x000000070da00000, 0x000000070da00000|100%| O|  |TAMS 0x000000070d800000, 0x000000070da00000| Untracked 
| 109|0x000000070da00000, 0x000000070dc00000, 0x000000070dc00000|100%| O|  |TAMS 0x000000070da00000, 0x000000070dc00000| Untracked 
| 110|0x000000070dc00000, 0x000000070de00000, 0x000000070de00000|100%| O|  |TAMS 0x000000070dc00000, 0x000000070de00000| Untracked 
| 111|0x000000070de00000, 0x000000070e000000, 0x000000070e000000|100%| O|  |TAMS 0x000000070de00000, 0x000000070e000000| Untracked 
| 112|0x000000070e000000, 0x000000070e200000, 0x000000070e200000|100%| O|  |TAMS 0x000000070e000000, 0x000000070e200000| Untracked 
| 113|0x000000070e200000, 0x000000070e400000, 0x000000070e400000|100%| O|  |TAMS 0x000000070e200000, 0x000000070e400000| Untracked 
| 114|0x000000070e400000, 0x000000070e600000, 0x000000070e600000|100%| O|  |TAMS 0x000000070e400000, 0x000000070e600000| Untracked 
| 115|0x000000070e600000, 0x000000070e800000, 0x000000070e800000|100%| O|  |TAMS 0x000000070e600000, 0x000000070e800000| Untracked 
| 116|0x000000070e800000, 0x000000070ea00000, 0x000000070ea00000|100%| O|  |TAMS 0x000000070e800000, 0x000000070ea00000| Untracked 
| 117|0x000000070ea00000, 0x000000070ec00000, 0x000000070ec00000|100%| O|  |TAMS 0x000000070ea00000, 0x000000070ec00000| Untracked 
| 118|0x000000070ec00000, 0x000000070ee00000, 0x000000070ee00000|100%| O|  |TAMS 0x000000070ec00000, 0x000000070ee00000| Untracked 
| 119|0x000000070ee00000, 0x000000070f000000, 0x000000070f000000|100%| O|  |TAMS 0x000000070ee00000, 0x000000070f000000| Untracked 
| 120|0x000000070f000000, 0x000000070f200000, 0x000000070f200000|100%| O|  |TAMS 0x000000070f000000, 0x000000070f200000| Untracked 
| 121|0x000000070f200000, 0x000000070f400000, 0x000000070f400000|100%| O|  |TAMS 0x000000070f200000, 0x000000070f400000| Untracked 
| 122|0x000000070f400000, 0x000000070f600000, 0x000000070f600000|100%| O|  |TAMS 0x000000070f400000, 0x000000070f600000| Untracked 
| 123|0x000000070f600000, 0x000000070f800000, 0x000000070f800000|100%| O|  |TAMS 0x000000070f600000, 0x000000070f800000| Untracked 
| 124|0x000000070f800000, 0x000000070fa00000, 0x000000070fa00000|100%| O|  |TAMS 0x000000070f800000, 0x000000070fa00000| Untracked 
| 125|0x000000070fa00000, 0x000000070fc00000, 0x000000070fc00000|100%| O|  |TAMS 0x000000070fa00000, 0x000000070fc00000| Untracked 
| 126|0x000000070fc00000, 0x000000070fe00000, 0x000000070fe00000|100%| O|  |TAMS 0x000000070fc00000, 0x000000070fe00000| Untracked 
| 127|0x000000070fe00000, 0x0000000710000000, 0x0000000710000000|100%| O|  |TAMS 0x000000070fe00000, 0x0000000710000000| Untracked 
| 128|0x0000000710000000, 0x0000000710200000, 0x0000000710200000|100%| O|  |TAMS 0x0000000710000000, 0x0000000710200000| Untracked 
| 129|0x0000000710200000, 0x0000000710400000, 0x0000000710400000|100%| O|  |TAMS 0x0000000710200000, 0x0000000710400000| Untracked 
| 130|0x0000000710400000, 0x0000000710600000, 0x0000000710600000|100%| O|  |TAMS 0x0000000710400000, 0x0000000710600000| Untracked 
| 131|0x0000000710600000, 0x0000000710800000, 0x0000000710800000|100%| O|  |TAMS 0x0000000710600000, 0x0000000710800000| Untracked 
| 132|0x0000000710800000, 0x0000000710a00000, 0x0000000710a00000|100%| O|  |TAMS 0x0000000710800000, 0x0000000710a00000| Untracked 
| 133|0x0000000710a00000, 0x0000000710c00000, 0x0000000710c00000|100%| O|  |TAMS 0x0000000710a00000, 0x0000000710c00000| Untracked 
| 134|0x0000000710c00000, 0x0000000710e00000, 0x0000000710e00000|100%| O|  |TAMS 0x0000000710c00000, 0x0000000710e00000| Untracked 
| 135|0x0000000710e00000, 0x0000000711000000, 0x0000000711000000|100%| O|  |TAMS 0x0000000710e00000, 0x0000000711000000| Untracked 
| 136|0x0000000711000000, 0x0000000711200000, 0x0000000711200000|100%| O|  |TAMS 0x0000000711000000, 0x0000000711200000| Untracked 
| 137|0x0000000711200000, 0x0000000711400000, 0x0000000711400000|100%| O|  |TAMS 0x0000000711200000, 0x0000000711400000| Untracked 
| 138|0x0000000711400000, 0x0000000711600000, 0x0000000711600000|100%| O|  |TAMS 0x0000000711400000, 0x0000000711600000| Untracked 
| 139|0x0000000711600000, 0x0000000711800000, 0x0000000711800000|100%| O|  |TAMS 0x0000000711600000, 0x0000000711800000| Untracked 
| 140|0x0000000711800000, 0x0000000711a00000, 0x0000000711a00000|100%| O|  |TAMS 0x0000000711800000, 0x0000000711a00000| Untracked 
| 141|0x0000000711a00000, 0x0000000711c00000, 0x0000000711c00000|100%| O|  |TAMS 0x0000000711a00000, 0x0000000711c00000| Untracked 
| 142|0x0000000711c00000, 0x0000000711e00000, 0x0000000711e00000|100%| O|  |TAMS 0x0000000711c00000, 0x0000000711e00000| Untracked 
| 143|0x0000000711e00000, 0x0000000712000000, 0x0000000712000000|100%| O|  |TAMS 0x0000000711e00000, 0x0000000712000000| Untracked 
| 144|0x0000000712000000, 0x0000000712200000, 0x0000000712200000|100%| O|  |TAMS 0x0000000712000000, 0x0000000712200000| Untracked 
| 145|0x0000000712200000, 0x0000000712400000, 0x0000000712400000|100%| O|  |TAMS 0x0000000712200000, 0x0000000712400000| Untracked 
| 146|0x0000000712400000, 0x0000000712600000, 0x0000000712600000|100%| O|  |TAMS 0x0000000712400000, 0x0000000712600000| Untracked 
| 147|0x0000000712600000, 0x0000000712800000, 0x0000000712800000|100%| O|  |TAMS 0x0000000712600000, 0x0000000712800000| Untracked 
| 148|0x0000000712800000, 0x0000000712a00000, 0x0000000712a00000|100%| O|  |TAMS 0x0000000712800000, 0x0000000712a00000| Untracked 
| 149|0x0000000712a00000, 0x0000000712c00000, 0x0000000712c00000|100%| O|  |TAMS 0x0000000712a00000, 0x0000000712c00000| Untracked 
| 150|0x0000000712c00000, 0x0000000712e00000, 0x0000000712e00000|100%| O|  |TAMS 0x0000000712c00000, 0x0000000712e00000| Untracked 
| 151|0x0000000712e00000, 0x0000000713000000, 0x0000000713000000|100%| O|  |TAMS 0x0000000712e00000, 0x0000000713000000| Untracked 
| 152|0x0000000713000000, 0x0000000713200000, 0x0000000713200000|100%| O|  |TAMS 0x0000000713000000, 0x0000000713200000| Untracked 
| 153|0x0000000713200000, 0x0000000713400000, 0x0000000713400000|100%| O|  |TAMS 0x0000000713200000, 0x0000000713400000| Untracked 
| 154|0x0000000713400000, 0x0000000713600000, 0x0000000713600000|100%| O|  |TAMS 0x0000000713400000, 0x0000000713600000| Untracked 
| 155|0x0000000713600000, 0x0000000713800000, 0x0000000713800000|100%| O|  |TAMS 0x0000000713600000, 0x0000000713800000| Untracked 
| 156|0x0000000713800000, 0x0000000713a00000, 0x0000000713a00000|100%| O|  |TAMS 0x0000000713800000, 0x0000000713a00000| Untracked 
| 157|0x0000000713a00000, 0x0000000713c00000, 0x0000000713c00000|100%| O|  |TAMS 0x0000000713a00000, 0x0000000713c00000| Untracked 
| 158|0x0000000713c00000, 0x0000000713e00000, 0x0000000713e00000|100%| O|  |TAMS 0x0000000713c00000, 0x0000000713c00000| Untracked 
| 159|0x0000000713e00000, 0x0000000714000000, 0x0000000714000000|100%| O|  |TAMS 0x0000000713e00000, 0x0000000713e00000| Untracked 
| 160|0x0000000714000000, 0x0000000714200000, 0x0000000714200000|100%| O|  |TAMS 0x0000000714000000, 0x0000000714000000| Untracked 
| 161|0x0000000714200000, 0x0000000714400000, 0x0000000714400000|100%| O|  |TAMS 0x0000000714200000, 0x0000000714200000| Untracked 
| 162|0x0000000714400000, 0x0000000714600000, 0x0000000714600000|100%| O|  |TAMS 0x0000000714400000, 0x0000000714400000| Untracked 
| 163|0x0000000714600000, 0x0000000714800000, 0x0000000714800000|100%| O|  |TAMS 0x0000000714600000, 0x0000000714600000| Untracked 
| 164|0x0000000714800000, 0x0000000714a00000, 0x0000000714a00000|100%| O|  |TAMS 0x0000000714800000, 0x0000000714800000| Untracked 
| 165|0x0000000714a00000, 0x0000000714c00000, 0x0000000714c00000|100%| O|  |TAMS 0x0000000714a00000, 0x0000000714a00000| Untracked 
| 166|0x0000000714c00000, 0x0000000714e00000, 0x0000000714e00000|100%| O|  |TAMS 0x0000000714c00000, 0x0000000714c00000| Untracked 
| 167|0x0000000714e00000, 0x0000000715000000, 0x0000000715000000|100%| O|  |TAMS 0x0000000714e00000, 0x0000000714e00000| Untracked 
| 168|0x0000000715000000, 0x0000000715200000, 0x0000000715200000|100%| O|  |TAMS 0x0000000715000000, 0x0000000715000000| Untracked 
| 169|0x0000000715200000, 0x0000000715400000, 0x0000000715400000|100%| O|  |TAMS 0x0000000715200000, 0x0000000715200000| Untracked 
| 170|0x0000000715400000, 0x0000000715600000, 0x0000000715600000|100%| O|  |TAMS 0x0000000715400000, 0x0000000715400000| Untracked 
| 171|0x0000000715600000, 0x0000000715800000, 0x0000000715800000|100%| O|  |TAMS 0x0000000715600000, 0x0000000715600000| Untracked 
| 172|0x0000000715800000, 0x0000000715a00000, 0x0000000715a00000|100%| O|  |TAMS 0x0000000715800000, 0x0000000715800000| Untracked 
| 173|0x0000000715a00000, 0x0000000715c00000, 0x0000000715c00000|100%| O|  |TAMS 0x0000000715a00000, 0x0000000715a00000| Untracked 
| 174|0x0000000715c00000, 0x0000000715e00000, 0x0000000715e00000|100%| O|  |TAMS 0x0000000715c00000, 0x0000000715c00000| Untracked 
| 175|0x0000000715e00000, 0x0000000716000000, 0x0000000716000000|100%| O|  |TAMS 0x0000000715e00000, 0x0000000715e00000| Untracked 
| 176|0x0000000716000000, 0x0000000716200000, 0x0000000716200000|100%| O|  |TAMS 0x0000000716000000, 0x0000000716000000| Untracked 
| 177|0x0000000716200000, 0x0000000716400000, 0x0000000716400000|100%| O|  |TAMS 0x0000000716200000, 0x0000000716200000| Untracked 
| 178|0x0000000716400000, 0x0000000716600000, 0x0000000716600000|100%| O|  |TAMS 0x0000000716400000, 0x0000000716600000| Untracked 
| 179|0x0000000716600000, 0x0000000716800000, 0x0000000716800000|100%| O|  |TAMS 0x0000000716600000, 0x0000000716800000| Untracked 
| 180|0x0000000716800000, 0x0000000716a00000, 0x0000000716a00000|100%| O|  |TAMS 0x0000000716800000, 0x0000000716a00000| Untracked 
| 181|0x0000000716a00000, 0x0000000716c00000, 0x0000000716c00000|100%| O|  |TAMS 0x0000000716a00000, 0x0000000716c00000| Untracked 
| 182|0x0000000716c00000, 0x0000000716e00000, 0x0000000716e00000|100%| O|  |TAMS 0x0000000716c00000, 0x0000000716e00000| Untracked 
| 183|0x0000000716e00000, 0x0000000717000000, 0x0000000717000000|100%| O|  |TAMS 0x0000000716e00000, 0x0000000717000000| Untracked 
| 184|0x0000000717000000, 0x0000000717200000, 0x0000000717200000|100%| O|  |TAMS 0x0000000717000000, 0x0000000717200000| Untracked 
| 185|0x0000000717200000, 0x0000000717400000, 0x0000000717400000|100%| O|  |TAMS 0x0000000717200000, 0x0000000717400000| Untracked 
| 186|0x0000000717400000, 0x0000000717600000, 0x0000000717600000|100%| O|  |TAMS 0x0000000717400000, 0x0000000717600000| Untracked 
| 187|0x0000000717600000, 0x0000000717800000, 0x0000000717800000|100%| O|  |TAMS 0x0000000717600000, 0x0000000717800000| Untracked 
| 188|0x0000000717800000, 0x0000000717a00000, 0x0000000717a00000|100%| O|  |TAMS 0x0000000717800000, 0x0000000717a00000| Untracked 
| 189|0x0000000717a00000, 0x0000000717c00000, 0x0000000717c00000|100%| O|  |TAMS 0x0000000717a00000, 0x0000000717c00000| Untracked 
| 190|0x0000000717c00000, 0x0000000717e00000, 0x0000000717e00000|100%| O|  |TAMS 0x0000000717c00000, 0x0000000717e00000| Untracked 
| 191|0x0000000717e00000, 0x0000000718000000, 0x0000000718000000|100%| O|  |TAMS 0x0000000717e00000, 0x0000000718000000| Untracked 
| 192|0x0000000718000000, 0x0000000718200000, 0x0000000718200000|100%| O|  |TAMS 0x0000000718000000, 0x0000000718200000| Untracked 
| 193|0x0000000718200000, 0x0000000718400000, 0x0000000718400000|100%| O|  |TAMS 0x0000000718200000, 0x0000000718400000| Untracked 
| 194|0x0000000718400000, 0x0000000718600000, 0x0000000718600000|100%| O|  |TAMS 0x0000000718400000, 0x0000000718600000| Untracked 
| 195|0x0000000718600000, 0x0000000718800000, 0x0000000718800000|100%| O|  |TAMS 0x0000000718600000, 0x0000000718800000| Untracked 
| 196|0x0000000718800000, 0x0000000718a00000, 0x0000000718a00000|100%| O|  |TAMS 0x0000000718800000, 0x0000000718a00000| Untracked 
| 197|0x0000000718a00000, 0x0000000718c00000, 0x0000000718c00000|100%| O|  |TAMS 0x0000000718a00000, 0x0000000718c00000| Untracked 
| 198|0x0000000718c00000, 0x0000000718e00000, 0x0000000718e00000|100%| O|  |TAMS 0x0000000718c00000, 0x0000000718e00000| Untracked 
| 199|0x0000000718e00000, 0x0000000719000000, 0x0000000719000000|100%| O|  |TAMS 0x0000000718e00000, 0x0000000719000000| Untracked 
| 200|0x0000000719000000, 0x0000000719200000, 0x0000000719200000|100%| O|  |TAMS 0x0000000719000000, 0x0000000719200000| Untracked 
| 201|0x0000000719200000, 0x0000000719400000, 0x0000000719400000|100%| O|  |TAMS 0x0000000719200000, 0x0000000719400000| Untracked 
| 202|0x0000000719400000, 0x0000000719600000, 0x0000000719600000|100%| O|  |TAMS 0x0000000719400000, 0x0000000719600000| Untracked 
| 203|0x0000000719600000, 0x0000000719800000, 0x0000000719800000|100%| O|  |TAMS 0x0000000719600000, 0x0000000719800000| Untracked 
| 204|0x0000000719800000, 0x0000000719a00000, 0x0000000719a00000|100%| O|  |TAMS 0x0000000719800000, 0x0000000719a00000| Untracked 
| 205|0x0000000719a00000, 0x0000000719c00000, 0x0000000719c00000|100%| O|  |TAMS 0x0000000719a00000, 0x0000000719c00000| Untracked 
| 206|0x0000000719c00000, 0x0000000719e00000, 0x0000000719e00000|100%| O|  |TAMS 0x0000000719c00000, 0x0000000719e00000| Untracked 
| 207|0x0000000719e00000, 0x000000071a000000, 0x000000071a000000|100%| O|  |TAMS 0x0000000719e00000, 0x000000071a000000| Untracked 
| 208|0x000000071a000000, 0x000000071a200000, 0x000000071a200000|100%| O|  |TAMS 0x000000071a000000, 0x000000071a200000| Untracked 
| 209|0x000000071a200000, 0x000000071a400000, 0x000000071a400000|100%| O|  |TAMS 0x000000071a200000, 0x000000071a400000| Untracked 
| 210|0x000000071a400000, 0x000000071a600000, 0x000000071a600000|100%| O|  |TAMS 0x000000071a400000, 0x000000071a600000| Untracked 
| 211|0x000000071a600000, 0x000000071a800000, 0x000000071a800000|100%| O|  |TAMS 0x000000071a600000, 0x000000071a800000| Untracked 
| 212|0x000000071a800000, 0x000000071aa00000, 0x000000071aa00000|100%| O|  |TAMS 0x000000071a800000, 0x000000071aa00000| Untracked 
| 213|0x000000071aa00000, 0x000000071ac00000, 0x000000071ac00000|100%| O|  |TAMS 0x000000071aa00000, 0x000000071ac00000| Untracked 
| 214|0x000000071ac00000, 0x000000071ae00000, 0x000000071ae00000|100%| O|  |TAMS 0x000000071ac00000, 0x000000071ae00000| Untracked 
| 215|0x000000071ae00000, 0x000000071b000000, 0x000000071b000000|100%| O|  |TAMS 0x000000071ae00000, 0x000000071b000000| Untracked 
| 216|0x000000071b000000, 0x000000071b200000, 0x000000071b200000|100%| O|  |TAMS 0x000000071b000000, 0x000000071b200000| Untracked 
| 217|0x000000071b200000, 0x000000071b400000, 0x000000071b400000|100%| O|  |TAMS 0x000000071b200000, 0x000000071b400000| Untracked 
| 218|0x000000071b400000, 0x000000071b600000, 0x000000071b600000|100%| O|  |TAMS 0x000000071b400000, 0x000000071b600000| Untracked 
| 219|0x000000071b600000, 0x000000071b800000, 0x000000071b800000|100%| O|  |TAMS 0x000000071b600000, 0x000000071b700000| Untracked 
| 220|0x000000071b800000, 0x000000071ba00000, 0x000000071ba00000|100%| O|  |TAMS 0x000000071b800000, 0x000000071b800000| Untracked 
| 221|0x000000071ba00000, 0x000000071bc00000, 0x000000071bc00000|100%| O|  |TAMS 0x000000071ba00000, 0x000000071ba00000| Untracked 
| 222|0x000000071bc00000, 0x000000071be00000, 0x000000071be00000|100%| O|  |TAMS 0x000000071bc00000, 0x000000071bc00000| Untracked 
| 223|0x000000071be00000, 0x000000071c000000, 0x000000071c000000|100%| O|  |TAMS 0x000000071be00000, 0x000000071be00000| Untracked 
| 224|0x000000071c000000, 0x000000071c200000, 0x000000071c200000|100%| O|  |TAMS 0x000000071c000000, 0x000000071c000000| Untracked 
| 225|0x000000071c200000, 0x000000071c400000, 0x000000071c400000|100%| O|  |TAMS 0x000000071c200000, 0x000000071c200000| Untracked 
| 226|0x000000071c400000, 0x000000071c600000, 0x000000071c600000|100%| O|  |TAMS 0x000000071c400000, 0x000000071c400000| Untracked 
| 227|0x000000071c600000, 0x000000071c800000, 0x000000071c800000|100%| O|  |TAMS 0x000000071c600000, 0x000000071c600000| Untracked 
| 228|0x000000071c800000, 0x000000071c800000, 0x000000071ca00000|  0%| F|  |TAMS 0x000000071c800000, 0x000000071c800000| Untracked 
| 229|0x000000071ca00000, 0x000000071ca00000, 0x000000071cc00000|  0%| F|  |TAMS 0x000000071ca00000, 0x000000071ca00000| Untracked 
| 230|0x000000071cc00000, 0x000000071cc00000, 0x000000071ce00000|  0%| F|  |TAMS 0x000000071cc00000, 0x000000071cc00000| Untracked 
| 231|0x000000071ce00000, 0x000000071ce00000, 0x000000071d000000|  0%| F|  |TAMS 0x000000071ce00000, 0x000000071ce00000| Untracked 
| 232|0x000000071d000000, 0x000000071d000000, 0x000000071d200000|  0%| F|  |TAMS 0x000000071d000000, 0x000000071d000000| Untracked 
| 233|0x000000071d200000, 0x000000071d200000, 0x000000071d400000|  0%| F|  |TAMS 0x000000071d200000, 0x000000071d200000| Untracked 
| 234|0x000000071d400000, 0x000000071d400000, 0x000000071d600000|  0%| F|  |TAMS 0x000000071d400000, 0x000000071d400000| Untracked 
| 235|0x000000071d600000, 0x000000071d600000, 0x000000071d800000|  0%| F|  |TAMS 0x000000071d600000, 0x000000071d600000| Untracked 
| 236|0x000000071d800000, 0x000000071d800000, 0x000000071da00000|  0%| F|  |TAMS 0x000000071d800000, 0x000000071d800000| Untracked 
| 237|0x000000071da00000, 0x000000071da00000, 0x000000071dc00000|  0%| F|  |TAMS 0x000000071da00000, 0x000000071da00000| Untracked 
| 238|0x000000071dc00000, 0x000000071dc00000, 0x000000071de00000|  0%| F|  |TAMS 0x000000071dc00000, 0x000000071dc00000| Untracked 
| 239|0x000000071de00000, 0x000000071de00000, 0x000000071e000000|  0%| F|  |TAMS 0x000000071de00000, 0x000000071de00000| Untracked 
| 240|0x000000071e000000, 0x000000071e000000, 0x000000071e200000|  0%| F|  |TAMS 0x000000071e000000, 0x000000071e000000| Untracked 
| 241|0x000000071e200000, 0x000000071e200000, 0x000000071e400000|  0%| F|  |TAMS 0x000000071e200000, 0x000000071e200000| Untracked 
| 242|0x000000071e400000, 0x000000071e400000, 0x000000071e600000|  0%| F|  |TAMS 0x000000071e400000, 0x000000071e400000| Untracked 
| 243|0x000000071e600000, 0x000000071e600000, 0x000000071e800000|  0%| F|  |TAMS 0x000000071e600000, 0x000000071e600000| Untracked 
| 244|0x000000071e800000, 0x000000071e800000, 0x000000071ea00000|  0%| F|  |TAMS 0x000000071e800000, 0x000000071e800000| Untracked 
| 245|0x000000071ea00000, 0x000000071ea00000, 0x000000071ec00000|  0%| F|  |TAMS 0x000000071ea00000, 0x000000071ea00000| Untracked 
| 246|0x000000071ec00000, 0x000000071ec00000, 0x000000071ee00000|  0%| F|  |TAMS 0x000000071ec00000, 0x000000071ec00000| Untracked 
| 247|0x000000071ee00000, 0x000000071ee00000, 0x000000071f000000|  0%| F|  |TAMS 0x000000071ee00000, 0x000000071ee00000| Untracked 
| 248|0x000000071f000000, 0x000000071f000000, 0x000000071f200000|  0%| F|  |TAMS 0x000000071f000000, 0x000000071f000000| Untracked 
| 249|0x000000071f200000, 0x000000071f200000, 0x000000071f400000|  0%| F|  |TAMS 0x000000071f200000, 0x000000071f200000| Untracked 
| 250|0x000000071f400000, 0x000000071f400000, 0x000000071f600000|  0%| F|  |TAMS 0x000000071f400000, 0x000000071f400000| Untracked 
| 251|0x000000071f600000, 0x000000071f600000, 0x000000071f800000|  0%| F|  |TAMS 0x000000071f600000, 0x000000071f600000| Untracked 
| 252|0x000000071f800000, 0x000000071f800000, 0x000000071fa00000|  0%| F|  |TAMS 0x000000071f800000, 0x000000071f800000| Untracked 
| 253|0x000000071fa00000, 0x000000071fa00000, 0x000000071fc00000|  0%| F|  |TAMS 0x000000071fa00000, 0x000000071fa00000| Untracked 
| 254|0x000000071fc00000, 0x000000071fc00000, 0x000000071fe00000|  0%| F|  |TAMS 0x000000071fc00000, 0x000000071fc00000| Untracked 
| 255|0x000000071fe00000, 0x000000071fe00000, 0x0000000720000000|  0%| F|  |TAMS 0x000000071fe00000, 0x000000071fe00000| Untracked 
| 256|0x0000000720000000, 0x0000000720000000, 0x0000000720200000|  0%| F|  |TAMS 0x0000000720000000, 0x0000000720000000| Untracked 
| 257|0x0000000720200000, 0x0000000720200000, 0x0000000720400000|  0%| F|  |TAMS 0x0000000720200000, 0x0000000720200000| Untracked 
| 258|0x0000000720400000, 0x0000000720400000, 0x0000000720600000|  0%| F|  |TAMS 0x0000000720400000, 0x0000000720400000| Untracked 
| 259|0x0000000720600000, 0x0000000720600000, 0x0000000720800000|  0%| F|  |TAMS 0x0000000720600000, 0x0000000720600000| Untracked 
| 260|0x0000000720800000, 0x0000000720800000, 0x0000000720a00000|  0%| F|  |TAMS 0x0000000720800000, 0x0000000720800000| Untracked 
| 261|0x0000000720a00000, 0x0000000720a00000, 0x0000000720c00000|  0%| F|  |TAMS 0x0000000720a00000, 0x0000000720a00000| Untracked 
| 262|0x0000000720c00000, 0x0000000720c00000, 0x0000000720e00000|  0%| F|  |TAMS 0x0000000720c00000, 0x0000000720c00000| Untracked 
| 263|0x0000000720e00000, 0x0000000720e00000, 0x0000000721000000|  0%| F|  |TAMS 0x0000000720e00000, 0x0000000720e00000| Untracked 
| 264|0x0000000721000000, 0x0000000721000000, 0x0000000721200000|  0%| F|  |TAMS 0x0000000721000000, 0x0000000721000000| Untracked 
| 265|0x0000000721200000, 0x0000000721200000, 0x0000000721400000|  0%| F|  |TAMS 0x0000000721200000, 0x0000000721200000| Untracked 
| 266|0x0000000721400000, 0x0000000721400000, 0x0000000721600000|  0%| F|  |TAMS 0x0000000721400000, 0x0000000721400000| Untracked 
| 267|0x0000000721600000, 0x0000000721600000, 0x0000000721800000|  0%| F|  |TAMS 0x0000000721600000, 0x0000000721600000| Untracked 
| 268|0x0000000721800000, 0x0000000721800000, 0x0000000721a00000|  0%| F|  |TAMS 0x0000000721800000, 0x0000000721800000| Untracked 
| 269|0x0000000721a00000, 0x0000000721a00000, 0x0000000721c00000|  0%| F|  |TAMS 0x0000000721a00000, 0x0000000721a00000| Untracked 
| 270|0x0000000721c00000, 0x0000000721c00000, 0x0000000721e00000|  0%| F|  |TAMS 0x0000000721c00000, 0x0000000721c00000| Untracked 
| 271|0x0000000721e00000, 0x0000000721e00000, 0x0000000722000000|  0%| F|  |TAMS 0x0000000721e00000, 0x0000000721e00000| Untracked 
| 272|0x0000000722000000, 0x0000000722000000, 0x0000000722200000|  0%| F|  |TAMS 0x0000000722000000, 0x0000000722000000| Untracked 
| 273|0x0000000722200000, 0x0000000722200000, 0x0000000722400000|  0%| F|  |TAMS 0x0000000722200000, 0x0000000722200000| Untracked 
| 274|0x0000000722400000, 0x0000000722400000, 0x0000000722600000|  0%| F|  |TAMS 0x0000000722400000, 0x0000000722400000| Untracked 
| 275|0x0000000722600000, 0x0000000722600000, 0x0000000722800000|  0%| F|  |TAMS 0x0000000722600000, 0x0000000722600000| Untracked 
| 276|0x0000000722800000, 0x0000000722800000, 0x0000000722a00000|  0%| F|  |TAMS 0x0000000722800000, 0x0000000722800000| Untracked 
| 277|0x0000000722a00000, 0x0000000722a00000, 0x0000000722c00000|  0%| F|  |TAMS 0x0000000722a00000, 0x0000000722a00000| Untracked 
| 278|0x0000000722c00000, 0x0000000722c00000, 0x0000000722e00000|  0%| F|  |TAMS 0x0000000722c00000, 0x0000000722c00000| Untracked 
| 279|0x0000000722e00000, 0x0000000722e00000, 0x0000000723000000|  0%| F|  |TAMS 0x0000000722e00000, 0x0000000722e00000| Untracked 
| 280|0x0000000723000000, 0x0000000723000000, 0x0000000723200000|  0%| F|  |TAMS 0x0000000723000000, 0x0000000723000000| Untracked 
| 281|0x0000000723200000, 0x0000000723200000, 0x0000000723400000|  0%| F|  |TAMS 0x0000000723200000, 0x0000000723200000| Untracked 
| 282|0x0000000723400000, 0x0000000723400000, 0x0000000723600000|  0%| F|  |TAMS 0x0000000723400000, 0x0000000723400000| Untracked 
| 283|0x0000000723600000, 0x0000000723600000, 0x0000000723800000|  0%| F|  |TAMS 0x0000000723600000, 0x0000000723600000| Untracked 
| 284|0x0000000723800000, 0x0000000723800000, 0x0000000723a00000|  0%| F|  |TAMS 0x0000000723800000, 0x0000000723800000| Untracked 
| 285|0x0000000723a00000, 0x0000000723a00000, 0x0000000723c00000|  0%| F|  |TAMS 0x0000000723a00000, 0x0000000723a00000| Untracked 
| 286|0x0000000723c00000, 0x0000000723c00000, 0x0000000723e00000|  0%| F|  |TAMS 0x0000000723c00000, 0x0000000723c00000| Untracked 
| 287|0x0000000723e00000, 0x0000000723e00000, 0x0000000724000000|  0%| F|  |TAMS 0x0000000723e00000, 0x0000000723e00000| Untracked 
| 288|0x0000000724000000, 0x0000000724000000, 0x0000000724200000|  0%| F|  |TAMS 0x0000000724000000, 0x0000000724000000| Untracked 
| 289|0x0000000724200000, 0x0000000724200000, 0x0000000724400000|  0%| F|  |TAMS 0x0000000724200000, 0x0000000724200000| Untracked 
| 290|0x0000000724400000, 0x0000000724400000, 0x0000000724600000|  0%| F|  |TAMS 0x0000000724400000, 0x0000000724400000| Untracked 
| 291|0x0000000724600000, 0x0000000724600000, 0x0000000724800000|  0%| F|  |TAMS 0x0000000724600000, 0x0000000724600000| Untracked 
| 292|0x0000000724800000, 0x0000000724800000, 0x0000000724a00000|  0%| F|  |TAMS 0x0000000724800000, 0x0000000724800000| Untracked 
| 293|0x0000000724a00000, 0x0000000724a00000, 0x0000000724c00000|  0%| F|  |TAMS 0x0000000724a00000, 0x0000000724a00000| Untracked 
| 294|0x0000000724c00000, 0x0000000724c00000, 0x0000000724e00000|  0%| F|  |TAMS 0x0000000724c00000, 0x0000000724c00000| Untracked 
| 295|0x0000000724e00000, 0x0000000724e00000, 0x0000000725000000|  0%| F|  |TAMS 0x0000000724e00000, 0x0000000724e00000| Untracked 
| 296|0x0000000725000000, 0x0000000725000000, 0x0000000725200000|  0%| F|  |TAMS 0x0000000725000000, 0x0000000725000000| Untracked 
| 297|0x0000000725200000, 0x0000000725200000, 0x0000000725400000|  0%| F|  |TAMS 0x0000000725200000, 0x0000000725200000| Untracked 
| 298|0x0000000725400000, 0x0000000725400000, 0x0000000725600000|  0%| F|  |TAMS 0x0000000725400000, 0x0000000725400000| Untracked 
| 299|0x0000000725600000, 0x0000000725600000, 0x0000000725800000|  0%| F|  |TAMS 0x0000000725600000, 0x0000000725600000| Untracked 
| 300|0x0000000725800000, 0x0000000725800000, 0x0000000725a00000|  0%| F|  |TAMS 0x0000000725800000, 0x0000000725800000| Untracked 
| 301|0x0000000725a00000, 0x0000000725a00000, 0x0000000725c00000|  0%| F|  |TAMS 0x0000000725a00000, 0x0000000725a00000| Untracked 
| 302|0x0000000725c00000, 0x0000000725c00000, 0x0000000725e00000|  0%| F|  |TAMS 0x0000000725c00000, 0x0000000725c00000| Untracked 
| 303|0x0000000725e00000, 0x0000000725e00000, 0x0000000726000000|  0%| F|  |TAMS 0x0000000725e00000, 0x0000000725e00000| Untracked 
| 304|0x0000000726000000, 0x0000000726000000, 0x0000000726200000|  0%| F|  |TAMS 0x0000000726000000, 0x0000000726000000| Untracked 
| 305|0x0000000726200000, 0x0000000726200000, 0x0000000726400000|  0%| F|  |TAMS 0x0000000726200000, 0x0000000726200000| Untracked 
| 306|0x0000000726400000, 0x0000000726400000, 0x0000000726600000|  0%| F|  |TAMS 0x0000000726400000, 0x0000000726400000| Untracked 
| 307|0x0000000726600000, 0x0000000726600000, 0x0000000726800000|  0%| F|  |TAMS 0x0000000726600000, 0x0000000726600000| Untracked 
| 308|0x0000000726800000, 0x0000000726800000, 0x0000000726a00000|  0%| F|  |TAMS 0x0000000726800000, 0x0000000726800000| Untracked 
| 309|0x0000000726a00000, 0x0000000726a00000, 0x0000000726c00000|  0%| F|  |TAMS 0x0000000726a00000, 0x0000000726a00000| Untracked 
| 310|0x0000000726c00000, 0x0000000726e00000, 0x0000000726e00000|100%| S|CS|TAMS 0x0000000726c00000, 0x0000000726c00000| Complete 
| 311|0x0000000726e00000, 0x0000000727000000, 0x0000000727000000|100%| S|CS|TAMS 0x0000000726e00000, 0x0000000726e00000| Complete 
| 312|0x0000000727000000, 0x0000000727000000, 0x0000000727200000|  0%| F|  |TAMS 0x0000000727000000, 0x0000000727000000| Untracked 
| 313|0x0000000727200000, 0x0000000727200000, 0x0000000727400000|  0%| F|  |TAMS 0x0000000727200000, 0x0000000727200000| Untracked 
| 314|0x0000000727400000, 0x0000000727400000, 0x0000000727600000|  0%| F|  |TAMS 0x0000000727400000, 0x0000000727400000| Untracked 
| 315|0x0000000727600000, 0x0000000727600000, 0x0000000727800000|  0%| F|  |TAMS 0x0000000727600000, 0x0000000727600000| Untracked 
| 316|0x0000000727800000, 0x0000000727800000, 0x0000000727a00000|  0%| F|  |TAMS 0x0000000727800000, 0x0000000727800000| Untracked 
| 317|0x0000000727a00000, 0x0000000727a00000, 0x0000000727c00000|  0%| F|  |TAMS 0x0000000727a00000, 0x0000000727a00000| Untracked 
| 318|0x0000000727c00000, 0x0000000727c00000, 0x0000000727e00000|  0%| F|  |TAMS 0x0000000727c00000, 0x0000000727c00000| Untracked 
| 319|0x0000000727e00000, 0x0000000727e00000, 0x0000000728000000|  0%| F|  |TAMS 0x0000000727e00000, 0x0000000727e00000| Untracked 
| 320|0x0000000728000000, 0x0000000728000000, 0x0000000728200000|  0%| F|  |TAMS 0x0000000728000000, 0x0000000728000000| Untracked 
| 321|0x0000000728200000, 0x0000000728200000, 0x0000000728400000|  0%| F|  |TAMS 0x0000000728200000, 0x0000000728200000| Untracked 
| 322|0x0000000728400000, 0x0000000728400000, 0x0000000728600000|  0%| F|  |TAMS 0x0000000728400000, 0x0000000728400000| Untracked 
| 323|0x0000000728600000, 0x0000000728600000, 0x0000000728800000|  0%| F|  |TAMS 0x0000000728600000, 0x0000000728600000| Untracked 
| 324|0x0000000728800000, 0x0000000728800000, 0x0000000728a00000|  0%| F|  |TAMS 0x0000000728800000, 0x0000000728800000| Untracked 
| 325|0x0000000728a00000, 0x0000000728a00000, 0x0000000728c00000|  0%| F|  |TAMS 0x0000000728a00000, 0x0000000728a00000| Untracked 
| 326|0x0000000728c00000, 0x0000000728c00000, 0x0000000728e00000|  0%| F|  |TAMS 0x0000000728c00000, 0x0000000728c00000| Untracked 
| 327|0x0000000728e00000, 0x0000000728e00000, 0x0000000729000000|  0%| F|  |TAMS 0x0000000728e00000, 0x0000000728e00000| Untracked 
|2046|0x00000007ffc00000, 0x00000007ffd75000, 0x00000007ffe00000| 72%|OA|  |TAMS 0x00000007ffd75000, 0x00000007ffd75000| Untracked 
|2047|0x00000007ffe00000, 0x00000007ffe78000, 0x0000000800000000| 23%|CA|  |TAMS 0x00000007ffe78000, 0x00000007ffe78000| Untracked 

Card table byte_map: [0x00007f14f0456000,0x00007f14f0c56000] _byte_map_base: 0x00007f14ecc56000

Marking Bits (Prev, Next): (CMBitMap*) 0x00007f14ec086ad0, (CMBitMap*) 0x00007f14ec086a90
 Prev Bits: [0x00007f14ccd4d000, 0x00007f14d0d4d000)
 Next Bits: [0x00007f14d0d4d000, 0x00007f14d4d4d000)

Polling page: 0x00007f14f3218000

Metaspace:

Usage:
  Non-class:     54.40 MB used.
      Class:      8.55 MB used.
       Both:     62.95 MB used.

Virtual space:
  Non-class space:       64.00 MB reserved,      54.69 MB ( 85%) committed,  1 nodes.
      Class space:        1.00 GB reserved,       8.81 MB ( <1%) committed,  1 nodes.
             Both:        1.06 GB reserved,      63.50 MB (  6%) committed. 

Chunk freelists:
   Non-Class:  8.39 MB
       Class:  7.19 MB
        Both:  15.58 MB

MaxMetaspaceSize: unlimited
CompressedClassSpaceSize: 1.00 GB
Initial GC threshold: 21.00 MB
Current GC threshold: 76.81 MB
CDS: on
MetaspaceReclaimPolicy: balanced
 - commit_granule_bytes: 65536.
 - commit_granule_words: 8192.
 - virtual_space_node_default_size: 8388608.
 - enlarge_chunks_in_place: 1.
 - new_chunks_are_fully_committed: 0.
 - uncommit_free_chunks: 1.
 - use_allocation_guard: 0.
 - handle_deallocations: 1.


Internal statistics:

num_allocs_failed_limit: 9.
num_arena_births: 618.
num_arena_deaths: 0.
num_vsnodes_births: 2.
num_vsnodes_deaths: 0.
num_space_committed: 1016.
num_space_uncommitted: 0.
num_chunks_returned_to_freelist: 9.
num_chunks_taken_from_freelist: 3017.
num_chunk_merges: 9.
num_chunk_splits: 1945.
num_chunks_enlarged: 1264.
num_inconsistent_stats: 0.

CodeHeap 'non-profiled nmethods': size=120036Kb used=4680Kb max_used=4680Kb free=115355Kb
 bounds [0x00007f14dd014000, 0x00007f14dd4b4000, 0x00007f14e454d000]
CodeHeap 'profiled nmethods': size=120032Kb used=14997Kb max_used=17634Kb free=105034Kb
 bounds [0x00007f14d554d000, 0x00007f14d668d000, 0x00007f14dca85000]
CodeHeap 'non-nmethods': size=5692Kb used=2387Kb max_used=2470Kb free=3304Kb
 bounds [0x00007f14dca85000, 0x00007f14dcd05000, 0x00007f14dd014000]
 total_blobs=9142 nmethods=8233 adapters=822
 compilation: enabled
              stopped_count=0, restarted_count=0
 full_count=0

Compilation events (20 events):
Event: 102.399 Thread 0x00007f14ec0f2430 10268       4       net.fabricmc.tinyremapper.TinyRemapper::addClass (170 bytes)
Event: 102.479 Thread 0x00007f14ec0f2430 nmethod 10268 0x00007f14dd49ef90 code [0x00007f14dd49f160, 0x00007f14dd4a00b8]
Event: 102.479 Thread 0x00007f14ec0f2430 10257       4       net.fabricmc.tinyremapper.TinyRemapper$$Lambda$1380/0x00007f14708c9000::apply (11 bytes)
Event: 102.480 Thread 0x00007f14ec0f2430 nmethod 10257 0x00007f14dd35cd90 code [0x00007f14dd35cf20, 0x00007f14dd35d058]
Event: 102.480 Thread 0x00007f14ec0f2430 10269       4       java.util.concurrent.ConcurrentHashMap$BaseIterator::hasNext (13 bytes)
Event: 102.480 Thread 0x00007f14ec0f2430 nmethod 10269 0x00007f14dd35c890 code [0x00007f14dd35ca00, 0x00007f14dd35ca98]
Event: 102.480 Thread 0x00007f14ec0f2430 10158       4       sun.nio.fs.UnixPath::<init> (15 bytes)
Event: 102.481 Thread 0x00007f14ec0f2430 nmethod 10158 0x00007f14dd4a0590 code [0x00007f14dd4a0700, 0x00007f14dd4a0958]
Event: 102.481 Thread 0x00007f14ec0f2430 10097       4       org.objectweb.asm.ClassReader::readShort (27 bytes)
Event: 102.482 Thread 0x00007f14ec0f2430 nmethod 10097 0x00007f14dd4a0a10 code [0x00007f14dd4a0ba0, 0x00007f14dd4a0c78]
Event: 102.485 Thread 0x00007f14ec0f2430 10270       4       java.util.concurrent.ConcurrentHashMap$ValueIterator::next (34 bytes)
Event: 102.489 Thread 0x00007f14ec0f2430 nmethod 10270 0x00007f14dd4a0d90 code [0x00007f14dd4a0f20, 0x00007f14dd4a13d8]
Event: 102.496 Thread 0x00007f14ec0f2430 10271       4       net.fabricmc.tinyremapper.TinyRemapper::addClass (170 bytes)
Event: 102.527 Thread 0x00007f14ec0f2430 nmethod 10271 0x00007f14dd4a1590 code [0x00007f14dd4a17e0, 0x00007f14dd4a2e30]
Event: 102.909 Thread 0x00007f14ec0f3960 10272 %     3       net.fabricmc.tinyremapper.TinyRemapper::refresh @ 283 (399 bytes)
Event: 102.911 Thread 0x00007f14ec0f3960 nmethod 10272% 0x00007f14d575e710 code [0x00007f14d575ebe0, 0x00007f14d5761570]
Event: 102.913 Thread 0x00007f14ec0f3960 10273       3       net.fabricmc.tinyremapper.TinyRemapper::refresh (399 bytes)
Event: 102.915 Thread 0x00007f14ec0f3960 nmethod 10273 0x00007f14d5552f90 code [0x00007f14d5553460, 0x00007f14d5555c50]
Event: 103.033 Thread 0x00007f14ec0f2430 10274 %     4       net.fabricmc.tinyremapper.TinyRemapper::refresh @ 283 (399 bytes)
Event: 103.409 Thread 0x00007f14ec0f2430 nmethod 10274% 0x00007f14dd4a3610 code [0x00007f14dd4a38c0, 0x00007f14dd4a5400]

GC Heap History (20 events):
Event: 12.495 GC heap after
{Heap after GC invocations=25 (full 0):
 garbage-first heap   total 321536K, used 46615K [0x0000000700000000, 0x0000000800000000)
  region size 2048K, 3 young (6144K), 3 survivors (6144K)
 Metaspace       used 52906K, committed 53440K, reserved 1114112K
  class space    used 7540K, committed 7808K, reserved 1048576K
}
Event: 90.602 GC heap before
{Heap before GC invocations=25 (full 0):
 garbage-first heap   total 321536K, used 235031K [0x0000000700000000, 0x0000000800000000)
  region size 2048K, 94 young (192512K), 3 survivors (6144K)
 Metaspace       used 63652K, committed 64256K, reserved 1114112K
  class space    used 8707K, committed 9024K, reserved 1048576K
}
Event: 90.627 GC heap after
{Heap after GC invocations=26 (full 0):
 garbage-first heap   total 321536K, used 58947K [0x0000000700000000, 0x0000000800000000)
  region size 2048K, 8 young (16384K), 8 survivors (16384K)
 Metaspace       used 63652K, committed 64256K, reserved 1114112K
  class space    used 8707K, committed 9024K, reserved 1048576K
}
Event: 98.921 GC heap before
{Heap before GC invocations=26 (full 0):
 garbage-first heap   total 321536K, used 233027K [0x0000000700000000, 0x0000000800000000)
  region size 2048K, 95 young (194560K), 8 survivors (16384K)
 Metaspace       used 64360K, committed 64896K, reserved 1114112K
  class space    used 8742K, committed 9024K, reserved 1048576K
}
Event: 99.005 GC heap after
{Heap after GC invocations=27 (full 0):
 garbage-first heap   total 321536K, used 77945K [0x0000000700000000, 0x0000000800000000)
  region size 2048K, 12 young (24576K), 12 survivors (24576K)
 Metaspace       used 64360K, committed 64896K, reserved 1114112K
  class space    used 8742K, committed 9024K, reserved 1048576K
}
Event: 99.603 GC heap before
{Heap before GC invocations=27 (full 0):
 garbage-first heap   total 321536K, used 239737K [0x0000000700000000, 0x0000000800000000)
  region size 2048K, 90 young (184320K), 12 survivors (24576K)
 Metaspace       used 64386K, committed 65024K, reserved 1114112K
  class space    used 8743K, committed 9024K, reserved 1048576K
}
Event: 99.707 GC heap after
{Heap after GC invocations=28 (full 0):
 garbage-first heap   total 321536K, used 108468K [0x0000000700000000, 0x0000000800000000)
  region size 2048K, 12 young (24576K), 12 survivors (24576K)
 Metaspace       used 64386K, committed 65024K, reserved 1114112K
  class space    used 8743K, committed 9024K, reserved 1048576K
}
Event: 100.176 GC heap before
{Heap before GC invocations=28 (full 0):
 garbage-first heap   total 321536K, used 237492K [0x0000000700000000, 0x0000000800000000)
  region size 2048K, 76 young (155648K), 12 survivors (24576K)
 Metaspace       used 64388K, committed 65024K, reserved 1114112K
  class space    used 8743K, committed 9024K, reserved 1048576K
}
Event: 100.277 GC heap after
{Heap after GC invocations=29 (full 0):
 garbage-first heap   total 321536K, used 129972K [0x0000000700000000, 0x0000000800000000)
  region size 2048K, 10 young (20480K), 10 survivors (20480K)
 Metaspace       used 64388K, committed 65024K, reserved 1114112K
  class space    used 8743K, committed 9024K, reserved 1048576K
}
Event: 100.609 GC heap before
{Heap before GC invocations=29 (full 0):
 garbage-first heap   total 321536K, used 244660K [0x0000000700000000, 0x0000000800000000)
  region size 2048K, 66 young (135168K), 10 survivors (20480K)
 Metaspace       used 64390K, committed 65024K, reserved 1114112K
  class space    used 8743K, committed 9024K, reserved 1048576K
}
Event: 100.707 GC heap after
{Heap after GC invocations=30 (full 0):
 garbage-first heap   total 321536K, used 150452K [0x0000000700000000, 0x0000000800000000)
  region size 2048K, 9 young (18432K), 9 survivors (18432K)
 Metaspace       used 64390K, committed 65024K, reserved 1114112K
  class space    used 8743K, committed 9024K, reserved 1048576K
}
Event: 101.022 GC heap before
{Heap before GC invocations=30 (full 0):
 garbage-first heap   total 321536K, used 246708K [0x0000000700000000, 0x0000000800000000)
  region size 2048K, 56 young (114688K), 9 survivors (18432K)
 Metaspace       used 64391K, committed 65024K, reserved 1114112K
  class space    used 8743K, committed 9024K, reserved 1048576K
}
Event: 101.110 GC heap after
{Heap after GC invocations=31 (full 0):
 garbage-first heap   total 675840K, used 170932K [0x0000000700000000, 0x0000000800000000)
  region size 2048K, 7 young (14336K), 7 survivors (14336K)
 Metaspace       used 64391K, committed 65024K, reserved 1114112K
  class space    used 8743K, committed 9024K, reserved 1048576K
}
Event: 102.579 GC heap before
{Heap before GC invocations=31 (full 0):
 garbage-first heap   total 675840K, used 478132K [0x0000000700000000, 0x0000000800000000)
  region size 2048K, 157 young (321536K), 7 survivors (14336K)
 Metaspace       used 64430K, committed 65024K, reserved 1114112K
  class space    used 8752K, committed 9024K, reserved 1048576K
}
Event: 102.795 GC heap after
{Heap after GC invocations=32 (full 0):
 garbage-first heap   total 675840K, used 292788K [0x0000000700000000, 0x0000000800000000)
  region size 2048K, 20 young (40960K), 20 survivors (40960K)
 Metaspace       used 64430K, committed 65024K, reserved 1114112K
  class space    used 8752K, committed 9024K, reserved 1048576K
}
Event: 103.083 GC heap before
{Heap before GC invocations=32 (full 0):
 garbage-first heap   total 675840K, used 438196K [0x0000000700000000, 0x0000000800000000)
  region size 2048K, 91 young (186368K), 20 survivors (40960K)
 Metaspace       used 64455K, committed 65024K, reserved 1114112K
  class space    used 8754K, committed 9024K, reserved 1048576K
}
Event: 103.404 GC heap after
{Heap after GC invocations=33 (full 0):
 garbage-first heap   total 675840K, used 435124K [0x0000000700000000, 0x0000000800000000)
  region size 2048K, 12 young (24576K), 12 survivors (24576K)
 Metaspace       used 64455K, committed 65024K, reserved 1114112K
  class space    used 8754K, committed 9024K, reserved 1048576K
}
Event: 103.417 GC heap before
{Heap before GC invocations=33 (full 0):
 garbage-first heap   total 675840K, used 443316K [0x0000000700000000, 0x0000000800000000)
  region size 2048K, 16 young (32768K), 12 survivors (24576K)
 Metaspace       used 64455K, committed 65024K, reserved 1114112K
  class space    used 8754K, committed 9024K, reserved 1048576K
}
Event: 103.500 GC heap after
{Heap after GC invocations=34 (full 0):
 garbage-first heap   total 675840K, used 444340K [0x0000000700000000, 0x0000000800000000)
  region size 2048K, 2 young (4096K), 2 survivors (4096K)
 Metaspace       used 64455K, committed 65024K, reserved 1114112K
  class space    used 8754K, committed 9024K, reserved 1048576K
}
Event: 103.592 GC heap before
{Heap before GC invocations=34 (full 0):
 garbage-first heap   total 675840K, used 473012K [0x0000000700000000, 0x0000000800000000)
  region size 2048K, 16 young (32768K), 2 survivors (4096K)
 Metaspace       used 64455K, committed 65024K, reserved 1114112K
  class space    used 8754K, committed 9024K, reserved 1048576K
}

Dll operation events (14 events):
Event: 0.002 Loaded shared library /usr/lib/jvm/java-17-openjdk-amd64/lib/libjava.so
Event: 0.020 Loaded shared library /usr/lib/jvm/java-17-openjdk-amd64/lib/libjsvml.so
Event: 0.110 Loaded shared library /usr/lib/jvm/java-17-openjdk-amd64/lib/libzip.so
Event: 0.111 Loaded shared library /usr/lib/jvm/java-17-openjdk-amd64/lib/libinstrument.so
Event: 0.114 Loaded shared library /usr/lib/jvm/java-17-openjdk-amd64/lib/libnio.so
Event: 0.117 Loaded shared library /usr/lib/jvm/java-17-openjdk-amd64/lib/libzip.so
Event: 0.281 Loaded shared library /usr/lib/jvm/java-17-openjdk-amd64/lib/libjimage.so
Event: 0.315 Loaded shared library /usr/lib/jvm/java-17-openjdk-amd64/lib/libverify.so
Event: 0.587 Loaded shared library /usr/lib/jvm/java-17-openjdk-amd64/lib/libnet.so
Event: 0.589 Loaded shared library /root/.gradle/native/68d5fa5c4cc2d200863cafc0d521ce42e7d3e7ee720ec0a83991735586a16f82/linux-amd64/libnative-platform.so
Event: 0.592 Loaded shared library /root/.gradle/native/e376f236ea51e6404a007f0833ffe2c6e607c4080706a723a18a27aeea778392/linux-amd64/libnative-platform-file-events.so
Event: 1.574 Loaded shared library /usr/lib/jvm/java-17-openjdk-amd64/lib/libmanagement.so
Event: 1.576 Loaded shared library /usr/lib/jvm/java-17-openjdk-amd64/lib/libmanagement_ext.so
Event: 1.811 Loaded shared library /usr/lib/jvm/java-17-openjdk-amd64/lib/libextnet.so

Deoptimization events (20 events):
Event: 102.104 Thread 0x00007f14b05e14d0 DEOPT PACKING pc=0x00007f14d558e68b sp=0x00007f146e9f8320
Event: 102.104 Thread 0x00007f14b05e14d0 DEOPT UNPACKING pc=0x00007f14dcadf64f sp=0x00007f146e9f7850 mode 0
Event: 102.106 Thread 0x00007f14b05e14d0 DEOPT PACKING pc=0x00007f14d558e68b sp=0x00007f146e9f8320
Event: 102.106 Thread 0x00007f14b05e14d0 DEOPT UNPACKING pc=0x00007f14dcadf64f sp=0x00007f146e9f7850 mode 0
Event: 102.112 Thread 0x00007f14b05e14d0 DEOPT PACKING pc=0x00007f14d558e68b sp=0x00007f146e9f8320
Event: 102.112 Thread 0x00007f14b05e14d0 DEOPT UNPACKING pc=0x00007f14dcadf64f sp=0x00007f146e9f7850 mode 0
Event: 102.177 Thread 0x00007f14b05e14d0 DEOPT PACKING pc=0x00007f14d558e66a sp=0x00007f146e9f8320
Event: 102.177 Thread 0x00007f14b05e14d0 DEOPT UNPACKING pc=0x00007f14dcadf64f sp=0x00007f146e9f7850 mode 0
Event: 102.180 Thread 0x00007f14b05e14d0 DEOPT PACKING pc=0x00007f14d64abd24 sp=0x00007f146e9f8250
Event: 102.180 Thread 0x00007f14b05e14d0 DEOPT UNPACKING pc=0x00007f14dcadf64f sp=0x00007f146e9f7850 mode 0
Event: 102.204 Thread 0x00007f1464009ae0 Uncommon trap: trap_request=0xffffff45 fr.pc=0x00007f14dd365778 relative=0x00000000000008b8
Event: 102.204 Thread 0x00007f1464009ae0 Uncommon trap: reason=unstable_if action=reinterpret pc=0x00007f14dd365778 method=net.fabricmc.tinyremapper.TinyRemapper.addClass(Lnet/fabricmc/tinyremapper/ClassInstance;Ljava/util/Map;Z)V @ 1 c2
Event: 102.204 Thread 0x00007f1464009ae0 DEOPT PACKING pc=0x00007f14dd365778 sp=0x00007f14bcdf4380
Event: 102.204 Thread 0x00007f1464009ae0 DEOPT UNPACKING pc=0x00007f14dcadeb19 sp=0x00007f14bcdf4360 mode 2
Event: 102.495 Thread 0x00007f1464009ae0 Uncommon trap: trap_request=0xffffff54 fr.pc=0x00007f14dd49ff04 relative=0x0000000000000da4
Event: 102.495 Thread 0x00007f1464009ae0 Uncommon trap: reason=speculate_null_assert action=make_not_entrant pc=0x00007f14dd49ff04 method=net.fabricmc.tinyremapper.TinyRemapper.addClass(Lnet/fabricmc/tinyremapper/ClassInstance;Ljava/util/Map;Z)V @ 38 c2
Event: 102.495 Thread 0x00007f1464009ae0 DEOPT PACKING pc=0x00007f14dd49ff04 sp=0x00007f14bcdf4380
Event: 102.495 Thread 0x00007f1464009ae0 DEOPT UNPACKING pc=0x00007f14dcadeb19 sp=0x00007f14bcdf4360 mode 2
Event: 103.415 Thread 0x00007f1464009ae0 DEOPT PACKING pc=0x00007f14d576129e sp=0x00007f14bcdf4390
Event: 103.415 Thread 0x00007f1464009ae0 DEOPT UNPACKING pc=0x00007f14dcadf64f sp=0x00007f14bcdf38e8 mode 0

Classes loaded (20 events):
Event: 98.172 Loading class java/util/concurrent/CompletableFuture$CoCompletion
Event: 98.172 Loading class java/util/concurrent/CompletableFuture$CoCompletion done
Event: 98.173 Loading class java/util/concurrent/CompletableFuture$UniApply
Event: 98.173 Loading class java/util/concurrent/CompletableFuture$UniApply done
Event: 98.174 Loading class java/util/concurrent/CompletableFuture$UniWhenComplete
Event: 98.174 Loading class java/util/concurrent/CompletableFuture$UniWhenComplete done
Event: 98.180 Loading class java/util/concurrent/CompletableFuture$Signaller
Event: 98.180 Loading class java/util/concurrent/CompletableFuture$Signaller done
Event: 101.388 Loading class jdk/internal/misc/ScopedMemoryAccess$Scope$Handle
Event: 101.388 Loading class jdk/internal/misc/ScopedMemoryAccess$Scope$Handle done
Event: 102.199 Loading class java/util/stream/SortedOps
Event: 102.199 Loading class java/util/stream/SortedOps done
Event: 102.199 Loading class java/util/stream/SortedOps$OfRef
Event: 102.200 Loading class java/util/stream/SortedOps$OfRef done
Event: 102.203 Loading class java/util/Comparators$NaturalOrderComparator
Event: 102.203 Loading class java/util/Comparators$NaturalOrderComparator done
Event: 102.203 Loading class java/util/stream/SortedOps$SizedRefSortingSink
Event: 102.203 Loading class java/util/stream/SortedOps$AbstractRefSortingSink
Event: 102.203 Loading class java/util/stream/SortedOps$AbstractRefSortingSink done
Event: 102.203 Loading class java/util/stream/SortedOps$SizedRefSortingSink done

Classes unloaded (0 events):
No events

Classes redefined (0 events):
No events

Internal exceptions (20 events):
Event: 14.286 Thread 0x00007f1464009ae0 Exception <a 'java/lang/ClassNotFoundException'{0x000000070ff305f0}: org/gradle/api/tasks/compile/JavaCompile_DecoratedBeanInfo> (0x000000070ff305f0) 
thrown [./src/hotspot/share/classfile/systemDictionary.cpp, line 256]
Event: 14.286 Thread 0x00007f1464009ae0 Exception <a 'java/lang/ClassNotFoundException'{0x000000070ff42690}: org/gradle/api/tasks/compile/JavaCompileBeanInfo> (0x000000070ff42690) 
thrown [./src/hotspot/share/classfile/systemDictionary.cpp, line 256]
Event: 14.287 Thread 0x00007f1464009ae0 Exception <a 'java/lang/ClassNotFoundException'{0x000000070ff547a8}: org/gradle/api/tasks/compile/AbstractCompileBeanInfo> (0x000000070ff547a8) 
thrown [./src/hotspot/share/classfile/systemDictionary.cpp, line 256]
Event: 14.287 Thread 0x00007f1464009ae0 Exception <a 'java/lang/ClassNotFoundException'{0x000000070ff668c0}: org/gradle/api/tasks/compile/AbstractCompileCustomizer> (0x000000070ff668c0) 
thrown [./src/hotspot/share/classfile/systemDictionary.cpp, line 256]
Event: 14.288 Thread 0x00007f1464009ae0 Exception <a 'java/lang/ClassNotFoundException'{0x000000070ff90da8}: org/gradle/api/tasks/compile/JavaCompileCustomizer> (0x000000070ff90da8) 
thrown [./src/hotspot/share/classfile/systemDictionary.cpp, line 256]
Event: 14.289 Thread 0x00007f1464009ae0 Exception <a 'java/lang/ClassNotFoundException'{0x000000070ffbbf48}: org/gradle/api/tasks/compile/JavaCompile_DecoratedCustomizer> (0x000000070ffbbf48) 
thrown [./src/hotspot/share/classfile/systemDictionary.cpp, line 256]
Event: 14.294 Thread 0x00007f1464009ae0 Exception <a 'java/lang/ClassNotFoundException'{0x000000070fc743d8}: org/gradle/api/tasks/compile/CompileOptions_DecoratedBeanInfo> (0x000000070fc743d8) 
thrown [./src/hotspot/share/classfile/systemDictionary.cpp, line 256]
Event: 14.294 Thread 0x00007f1464009ae0 Exception <a 'java/lang/ClassNotFoundException'{0x000000070fc864f8}: org/gradle/api/tasks/compile/CompileOptionsBeanInfo> (0x000000070fc864f8) 
thrown [./src/hotspot/share/classfile/systemDictionary.cpp, line 256]
Event: 14.295 Thread 0x00007f1464009ae0 Exception <a 'java/lang/ClassNotFoundException'{0x000000070fc98610}: org/gradle/api/tasks/compile/AbstractOptionsBeanInfo> (0x000000070fc98610) 
thrown [./src/hotspot/share/classfile/systemDictionary.cpp, line 256]
Event: 14.295 Thread 0x00007f1464009ae0 Exception <a 'java/lang/ClassNotFoundException'{0x000000070fcaa728}: org/gradle/api/tasks/compile/AbstractOptionsCustomizer> (0x000000070fcaa728) 
thrown [./src/hotspot/share/classfile/systemDictionary.cpp, line 256]
Event: 14.295 Thread 0x00007f1464009ae0 Exception <a 'java/lang/ClassNotFoundException'{0x000000070fcbf0f0}: org/gradle/api/tasks/compile/CompileOptionsCustomizer> (0x000000070fcbf0f0) 
thrown [./src/hotspot/share/classfile/systemDictionary.cpp, line 256]
Event: 14.297 Thread 0x00007f1464009ae0 Exception <a 'java/lang/ClassNotFoundException'{0x000000070fd06318}: org/gradle/api/tasks/compile/CompileOptions_DecoratedCustomizer> (0x000000070fd06318) 
thrown [./src/hotspot/share/classfile/systemDictionary.cpp, line 256]
Event: 23.083 Thread 0x00007f14b13a5360 Implicit null exception at 0x00007f14dd295e43 to 0x00007f14dd29687c
Event: 58.687 Thread 0x00007f1464009ae0 Implicit null exception at 0x00007f14dd37f16e to 0x00007f14dd380a78
Event: 95.500 Thread 0x00007f1464009ae0 Implicit null exception at 0x00007f14dd33bf04 to 0x00007f14dd33ca1c
Event: 98.176 Thread 0x00007f1464009ae0 Exception <a 'sun/nio/fs/UnixException'{0x0000000711886210}> (0x0000000711886210) 
thrown [./src/hotspot/share/prims/jni.cpp, line 516]
Event: 98.176 Thread 0x00007f1464009ae0 Exception <a 'sun/nio/fs/UnixException'{0x0000000711888018}> (0x0000000711888018) 
thrown [./src/hotspot/share/prims/jni.cpp, line 516]
Event: 98.176 Thread 0x00007f1464009ae0 Exception <a 'sun/nio/fs/UnixException'{0x000000071188a990}> (0x000000071188a990) 
thrown [./src/hotspot/share/prims/jni.cpp, line 516]
Event: 98.176 Thread 0x00007f1464009ae0 Exception <a 'sun/nio/fs/UnixException'{0x000000071188bfc8}> (0x000000071188bfc8) 
thrown [./src/hotspot/share/prims/jni.cpp, line 516]
Event: 98.177 Thread 0x00007f1464009ae0 Implicit null exception at 0x00007f14dd4188a6 to 0x00007f14dd4193b0

VM Operations (20 events):
Event: 100.707 Executing VM operation: G1CollectForAllocation done
Event: 100.976 Executing VM operation: HandshakeAllThreads
Event: 100.977 Executing VM operation: HandshakeAllThreads done
Event: 101.022 Executing VM operation: G1CollectForAllocation
Event: 101.110 Executing VM operation: G1CollectForAllocation done
Event: 101.114 Executing VM operation: HandshakeAllThreads
Event: 101.116 Executing VM operation: HandshakeAllThreads done
Event: 101.198 Executing VM operation: HandshakeAllThreads
Event: 101.199 Executing VM operation: HandshakeAllThreads done
Event: 102.199 Executing VM operation: Cleanup
Event: 102.199 Executing VM operation: Cleanup done
Event: 102.202 Executing VM operation: HandshakeAllThreads
Event: 102.203 Executing VM operation: HandshakeAllThreads done
Event: 102.579 Executing VM operation: G1CollectForAllocation
Event: 102.795 Executing VM operation: G1CollectForAllocation done
Event: 103.083 Executing VM operation: G1CollectForAllocation
Event: 103.404 Executing VM operation: G1CollectForAllocation done
Event: 103.417 Executing VM operation: G1CollectForAllocation
Event: 103.500 Executing VM operation: G1CollectForAllocation done
Event: 103.587 Executing VM operation: G1CollectForAllocation

Memory protections (20 events):
Event: 4.178 Protecting memory [0x00007f14bc1f1000,0x00007f14bc1f5000] with protection modes 0
Event: 4.407 Protecting memory [0x00007f146ef00000,0x00007f146ef04000] with protection modes 0
Event: 5.725 Protecting memory [0x00007f146edff000,0x00007f146ee03000] with protection modes 0
Event: 6.506 Protecting memory [0x00007f146ecfe000,0x00007f146ed02000] with protection modes 0
Event: 6.717 Protecting memory [0x00007f146ebfd000,0x00007f146ec01000] with protection modes 0
Event: 7.279 Protecting memory [0x00007f146eafc000,0x00007f146eb00000] with protection modes 0
Event: 7.796 Protecting memory [0x00007f146e9fb000,0x00007f146e9ff000] with protection modes 0
Event: 9.417 Protecting memory [0x00007f146e8fa000,0x00007f146e8fe000] with protection modes 0
Event: 9.421 Protecting memory [0x00007f146e7f9000,0x00007f146e7fd000] with protection modes 0
Event: 9.498 Protecting memory [0x00007f146e6f8000,0x00007f146e6fc000] with protection modes 0
Event: 9.996 Protecting memory [0x00007f146e5f7000,0x00007f146e5fb000] with protection modes 0
Event: 10.511 Protecting memory [0x00007f146e4f6000,0x00007f146e4fa000] with protection modes 0
Event: 10.777 Protecting memory [0x00007f146e3f5000,0x00007f146e3f9000] with protection modes 0
Event: 11.493 Protecting memory [0x00007f14cc080000,0x00007f14cc084000] with protection modes 0
Event: 13.000 Protecting memory [0x00007f146e2f4000,0x00007f146e2f8000] with protection modes 0
Event: 13.081 Protecting memory [0x00007f146e2f4000,0x00007f146e2f8000] with protection modes 0
Event: 90.630 Protecting memory [0x00007f146e8fa000,0x00007f146e8fe000] with protection modes 0
Event: 95.379 Protecting memory [0x00007f146e2f4000,0x00007f146e2f8000] with protection modes 0
Event: 98.109 Protecting memory [0x00007f146e8fa000,0x00007f146e8fe000] with protection modes 0
Event: 98.122 Protecting memory [0x00007f146e1f3000,0x00007f146e1f7000] with protection modes 0

Nmethod flushes (20 events):
Event: 101.286 Thread 0x00007f14ec0f4dd0 flushing  nmethod 0x00007f14d65f8b90
Event: 101.286 Thread 0x00007f14ec0f4dd0 flushing  nmethod 0x00007f14d65f9b10
Event: 101.286 Thread 0x00007f14ec0f4dd0 flushing  nmethod 0x00007f14d65fa390
Event: 101.286 Thread 0x00007f14ec0f4dd0 flushing  nmethod 0x00007f14d65faf10
Event: 101.286 Thread 0x00007f14ec0f4dd0 flushing  nmethod 0x00007f14d65fe610
Event: 101.286 Thread 0x00007f14ec0f4dd0 flushing  nmethod 0x00007f14d65feb10
Event: 101.286 Thread 0x00007f14ec0f4dd0 flushing  nmethod 0x00007f14d65ff210
Event: 101.286 Thread 0x00007f14ec0f4dd0 flushing  nmethod 0x00007f14d65ffd10
Event: 101.286 Thread 0x00007f14ec0f4dd0 flushing  nmethod 0x00007f14d6600b90
Event: 101.286 Thread 0x00007f14ec0f4dd0 flushing  nmethod 0x00007f14d6601790
Event: 101.286 Thread 0x00007f14ec0f4dd0 flushing  nmethod 0x00007f14d6602990
Event: 101.286 Thread 0x00007f14ec0f4dd0 flushing  nmethod 0x00007f14d661b210
Event: 101.286 Thread 0x00007f14ec0f4dd0 flushing  nmethod 0x00007f14d661f590
Event: 101.286 Thread 0x00007f14ec0f4dd0 flushing  nmethod 0x00007f14d6620c10
Event: 101.286 Thread 0x00007f14ec0f4dd0 flushing  nmethod 0x00007f14d6621390
Event: 101.286 Thread 0x00007f14ec0f4dd0 flushing  nmethod 0x00007f14d6628f10
Event: 101.286 Thread 0x00007f14ec0f4dd0 flushing  nmethod 0x00007f14d6629990
Event: 101.287 Thread 0x00007f14ec0f4dd0 flushing  nmethod 0x00007f14d6665590
Event: 101.287 Thread 0x00007f14ec0f4dd0 flushing  nmethod 0x00007f14d666e210
Event: 101.287 Thread 0x00007f14ec0f4dd0 flushing  nmethod 0x00007f14d667c510

Events (20 events):
Event: 7.275 Thread 0x00007f1464009ae0 Thread added: 0x00007f14b0de5a50
Event: 7.786 Thread 0x00007f1464009ae0 Thread added: 0x00007f14b0e70ec0
Event: 9.417 Thread 0x00007f1464009ae0 Thread added: 0x00007f14b10bbf10
Event: 9.421 Thread 0x00007f14b10bbf10 Thread added: 0x00007f14c00097a0
Event: 9.497 Thread 0x00007f14c00097a0 Thread added: 0x00007f14c8023e20
Event: 9.985 Thread 0x00007f14c00097a0 Thread added: 0x00007f14c80bd390
Event: 10.506 Thread 0x00007f1464009ae0 Thread added: 0x00007f14b044eb60
Event: 10.718 Thread 0x00007f1464009ae0 Thread added: 0x00007f14b0c28be0
Event: 11.485 Thread 0x00007f1464009ae0 Thread added: 0x00007f14b123f030
Event: 12.999 Thread 0x00007f1464009ae0 Thread added: 0x00007f14b13a0080
Event: 13.000 Thread 0x00007f14b13a0080 Thread exited: 0x00007f14b13a0080
Event: 13.080 Thread 0x00007f1464009ae0 Thread added: 0x00007f14b13a5360
Event: 23.085 Thread 0x00007f14b13a5360 Thread exited: 0x00007f14b13a5360
Event: 70.296 Thread 0x00007f14b10bbf10 Thread exited: 0x00007f14b10bbf10
Event: 72.188 Thread 0x00007f14b123f030 Thread exited: 0x00007f14b123f030
Event: 90.630 Thread 0x00007f14ec0e75e0 Thread added: 0x00007f146400b500
Event: 95.378 Thread 0x00007f1464009ae0 Thread added: 0x00007f14b0306c70
Event: 95.672 Thread 0x00007f146400b500 Thread exited: 0x00007f146400b500
Event: 98.109 Thread 0x00007f1464009ae0 Thread added: 0x00007f14b05e14d0
Event: 98.120 Thread 0x00007f1464009ae0 Thread added: 0x00007f14b05e1a90


Dynamic libraries:
700000000-729000000 rw-p 00000000 00:00 0 
77b800000-7ffc00000 ---p 00000000 00:00 0 
7ffc00000-7ffd00000 rw-p 00000000 00:00 0 
7ffd00000-7ffd75000 rw-p 00c7a000 00:25 13842                            /usr/lib/jvm/java-17-openjdk-amd64/lib/server/classes.jsa
7ffd75000-7ffe00000 rw-p 00000000 00:00 0 
7ffe00000-7ffe78000 rw-p 00c02000 00:25 13842                            /usr/lib/jvm/java-17-openjdk-amd64/lib/server/classes.jsa
7ffe78000-800000000 rw-p 00000000 00:00 0 
5594175e5000-5594175e6000 r--p 00000000 00:25 13485                      /usr/lib/jvm/java-17-openjdk-amd64/bin/java
5594175e6000-5594175e7000 r-xp 00001000 00:25 13485                      /usr/lib/jvm/java-17-openjdk-amd64/bin/java
5594175e7000-5594175e8000 r--p 00002000 00:25 13485                      /usr/lib/jvm/java-17-openjdk-amd64/bin/java
5594175e8000-5594175e9000 r--p 00002000 00:25 13485                      /usr/lib/jvm/java-17-openjdk-amd64/bin/java
5594175e9000-5594175ea000 rw-p 00003000 00:25 13485                      /usr/lib/jvm/java-17-openjdk-amd64/bin/java
559418f6a000-559418fb1000 rw-p 00000000 00:00 0                          [heap]
7f1448000000-7f144869c000 rw-p 00000000 00:00 0 
7f144869c000-7f144c000000 ---p 00000000 00:00 0 
7f144c000000-7f144c021000 rw-p 00000000 00:00 0 
7f144c021000-7f1450000000 ---p 00000000 00:00 0 
7f1450000000-7f1450021000 rw-p 00000000 00:00 0 
7f1450021000-7f1454000000 ---p 00000000 00:00 0 
7f1454000000-7f1455bbc000 rw-p 00000000 00:00 0 
7f1455bbc000-7f1458000000 ---p 00000000 00:00 0 
7f1458000000-7f1458052000 rw-p 00000000 00:00 0 
7f1458052000-7f145c000000 ---p 00000000 00:00 0 
7f145c000000-7f145c058000 rw-p 00000000 00:00 0 
7f145c058000-7f1460000000 ---p 00000000 00:00 0 
7f1460000000-7f146028b000 rw-p 00000000 00:00 0 
7f146028b000-7f1464000000 ---p 00000000 00:00 0 
7f1464000000-7f1464026000 rw-p 00000000 00:00 0 
7f1464026000-7f1468000000 ---p 00000000 00:00 0 
7f1468000000-7f14684e3000 rw-p 00000000 00:00 0 
7f14684e3000-7f146c000000 ---p 00000000 00:00 0 
7f146df65000-7f146e1f2000 rw-p 00000000 00:00 0 
7f146e1f2000-7f146e1f3000 ---p 00000000 00:00 0 
7f146e1f3000-7f146e1f7000 ---p 00000000 00:00 0 
7f146e1f7000-7f146e2f3000 rw-p 00000000 00:00 0 
7f146e2f3000-7f146e2f4000 ---p 00000000 00:00 0 
7f146e2f4000-7f146e2f8000 ---p 00000000 00:00 0 
7f146e2f8000-7f146e3f4000 rw-p 00000000 00:00 0 
7f146e3f4000-7f146e3f5000 ---p 00000000 00:00 0 
7f146e3f5000-7f146e3f9000 ---p 00000000 00:00 0 
7f146e3f9000-7f146e4f5000 rw-p 00000000 00:00 0 
7f146e4f5000-7f146e4f6000 ---p 00000000 00:00 0 
7f146e4f6000-7f146e4fa000 ---p 00000000 00:00 0 
7f146e4fa000-7f146e5f6000 rw-p 00000000 00:00 0 
7f146e5f6000-7f146e5f7000 ---p 00000000 00:00 0 
7f146e5f7000-7f146e5fb000 ---p 00000000 00:00 0 
7f146e5fb000-7f146e6f7000 rw-p 00000000 00:00 0 
7f146e6f7000-7f146e6f8000 ---p 00000000 00:00 0 
7f146e6f8000-7f146e6fc000 ---p 00000000 00:00 0 
7f146e6fc000-7f146e7f8000 rw-p 00000000 00:00 0 
7f146e7f8000-7f146e7f9000 ---p 00000000 00:00 0 
7f146e7f9000-7f146e7fd000 ---p 00000000 00:00 0 
7f146e7fd000-7f146e8f9000 rw-p 00000000 00:00 0 
7f146e8f9000-7f146e8fa000 ---p 00000000 00:00 0 
7f146e8fa000-7f146e8fe000 ---p 00000000 00:00 0 
7f146e8fe000-7f146e9fa000 rw-p 00000000 00:00 0 
7f146e9fa000-7f146e9fb000 ---p 00000000 00:00 0 
7f146e9fb000-7f146e9ff000 ---p 00000000 00:00 0 
7f146e9ff000-7f146eafb000 rw-p 00000000 00:00 0 
7f146eafb000-7f146eafc000 ---p 00000000 00:00 0 
7f146eafc000-7f146eb00000 ---p 00000000 00:00 0 
7f146eb00000-7f146ebfc000 rw-p 00000000 00:00 0 
7f146ebfc000-7f146ebfd000 ---p 00000000 00:00 0 
7f146ebfd000-7f146ec01000 ---p 00000000 00:00 0 
7f146ec01000-7f146ecfd000 rw-p 00000000 00:00 0 
7f146ecfd000-7f146ecfe000 ---p 00000000 00:00 0 
7f146ecfe000-7f146ed02000 ---p 00000000 00:00 0 
7f146ed02000-7f146edfe000 rw-p 00000000 00:00 0 
7f146edfe000-7f146edff000 ---p 00000000 00:00 0 
7f146edff000-7f146ee03000 ---p 00000000 00:00 0 
7f146ee03000-7f146eeff000 rw-p 00000000 00:00 0 
7f146eeff000-7f146ef00000 ---p 00000000 00:00 0 
7f146ef00000-7f146ef04000 ---p 00000000 00:00 0 
7f146ef04000-7f146f000000 rw-p 00000000 00:00 0 
7f146f000000-7f146f455000 rw-p 00001000 00:25 13842                      /usr/lib/jvm/java-17-openjdk-amd64/lib/server/classes.jsa
7f146f455000-7f146fbca000 rw-p 00456000 00:25 13842                      /usr/lib/jvm/java-17-openjdk-amd64/lib/server/classes.jsa
7f146fbca000-7f1470000000 ---p 00000000 00:00 0 
7f1470000000-7f1470040000 rw-p 00000000 00:00 0 
7f1470040000-7f1470080000 rw-p 00000000 00:00 0 
7f1470080000-7f1470140000 rw-p 00000000 00:00 0 
7f1470140000-7f14703e0000 rw-p 00000000 00:00 0 
7f14703e0000-7f1470480000 rw-p 00000000 00:00 0 
7f1470480000-7f14707a0000 rw-p 00000000 00:00 0 
7f14707a0000-7f14707c0000 rw-p 00000000 00:00 0 
7f14707c0000-7f1470840000 rw-p 00000000 00:00 0 
7f1470840000-7f1470880000 rw-p 00000000 00:00 0 
7f1470880000-7f14708d0000 rw-p 00000000 00:00 0 
7f14708d0000-7f14b0000000 ---p 00000000 00:00 0 
7f14b0000000-7f14b1597000 rw-p 00000000 00:00 0 
7f14b1597000-7f14b4000000 ---p 00000000 00:00 0 
7f14b4000000-7f14b4400000 rw-p 00000000 00:00 0 
7f14b4400000-7f14b4900000 rw-p 00000000 00:00 0 
7f14b4900000-7f14b4a00000 rw-p 00000000 00:00 0 
7f14b4a00000-7f14b5500000 rw-p 00000000 00:00 0 
7f14b5500000-7f14b5600000 rw-p 00000000 00:00 0 
7f14b5600000-7f14b5700000 rw-p 00000000 00:00 0 
7f14b5700000-7f14b5800000 rw-p 00000000 00:00 0 
7f14b5800000-7f14b5900000 rw-p 00000000 00:00 0 
7f14b5900000-7f14b5a00000 rw-p 00000000 00:00 0 
7f14b5a00000-7f14b6900000 rw-p 00000000 00:00 0 
7f14b6900000-7f14b6a00000 rw-p 00000000 00:00 0 
7f14b6a00000-7f14b6d00000 rw-p 00000000 00:00 0 
7f14b6d00000-7f14b6d40000 rw-p 00000000 00:00 0 
7f14b6d40000-7f14b6d80000 rw-p 00000000 00:00 0 
7f14b6d80000-7f14b6f00000 rw-p 00000000 00:00 0 
7f14b6f00000-7f14b6f40000 rw-p 00000000 00:00 0 
7f14b6f40000-7f14b6f80000 rw-p 00000000 00:00 0 
7f14b6f80000-7f14b7100000 rw-p 00000000 00:00 0 
7f14b7100000-7f14b7200000 rw-p 00000000 00:00 0 
7f14b7200000-7f14b7500000 rw-p 00000000 00:00 0 
7f14b7500000-7f14b7580000 rw-p 00000000 00:00 0 
7f14b7580000-7f14b7600000 rw-p 00000000 00:00 0 
7f14b7600000-7f14b76a0000 rw-p 00000000 00:00 0 
7f14b76a0000-7f14b7700000 ---p 00000000 00:00 0 
7f14b7700000-7f14b7710000 rw-p 00000000 00:00 0 
7f14b7710000-7f14b8000000 ---p 00000000 00:00 0 
7f14b8000000-7f14b8077000 rw-p 00000000 00:00 0 
7f14b8077000-7f14bc000000 ---p 00000000 00:00 0 
7f14bc0ef000-7f14bc0f0000 ---p 00000000 00:00 0 
7f14bc0f0000-7f14bc1f0000 rw-p 00000000 00:00 0 
7f14bc1f0000-7f14bc1f1000 ---p 00000000 00:00 0 
7f14bc1f1000-7f14bc1f5000 ---p 00000000 00:00 0 
7f14bc1f5000-7f14bc2f1000 rw-p 00000000 00:00 0 
7f14bc2f1000-7f14bc2f2000 ---p 00000000 00:00 0 
7f14bc2f2000-7f14bc2f6000 ---p 00000000 00:00 0 
7f14bc2f6000-7f14bc3f2000 rw-p 00000000 00:00 0 
7f14bc3f2000-7f14bc3f3000 ---p 00000000 00:00 0 
7f14bc3f3000-7f14bc3f7000 ---p 00000000 00:00 0 
7f14bc3f7000-7f14bc4f3000 rw-p 00000000 00:00 0 
7f14bc4f3000-7f14bc4f4000 ---p 00000000 00:00 0 
7f14bc4f4000-7f14bc4f8000 ---p 00000000 00:00 0 
7f14bc4f8000-7f14bc5f4000 rw-p 00000000 00:00 0 
7f14bc5f4000-7f14bc5f5000 ---p 00000000 00:00 0 
7f14bc5f5000-7f14bc5f9000 ---p 00000000 00:00 0 
7f14bc5f9000-7f14bc6f5000 rw-p 00000000 00:00 0 
7f14bc6f5000-7f14bc6f6000 ---p 00000000 00:00 0 
7f14bc6f6000-7f14bc6fa000 ---p 00000000 00:00 0 
7f14bc6fa000-7f14bc7f6000 rw-p 00000000 00:00 0 
7f14bc7f6000-7f14bc7f7000 ---p 00000000 00:00 0 
7f14bc7f7000-7f14bc7fb000 ---p 00000000 00:00 0 
7f14bc7fb000-7f14bc8f7000 rw-p 00000000 00:00 0 
7f14bc8f7000-7f14bc8f8000 ---p 00000000 00:00 0 
7f14bc8f8000-7f14bc8fc000 ---p 00000000 00:00 0 
7f14bc8fc000-7f14bc9f8000 rw-p 00000000 00:00 0 
7f14bc9f8000-7f14bc9f9000 ---p 00000000 00:00 0 
7f14bc9f9000-7f14bc9fd000 ---p 00000000 00:00 0 
7f14bc9fd000-7f14bcaf9000 rw-p 00000000 00:00 0 
7f14bcaf9000-7f14bcafa000 ---p 00000000 00:00 0 
7f14bcafa000-7f14bcafe000 ---p 00000000 00:00 0 
7f14bcafe000-7f14bcbfa000 rw-p 00000000 00:00 0 
7f14bcbfa000-7f14bcbfb000 ---p 00000000 00:00 0 
7f14bcbfb000-7f14bcbff000 ---p 00000000 00:00 0 
7f14bcbff000-7f14bccfb000 rw-p 00000000 00:00 0 
7f14bccfb000-7f14bccfc000 ---p 00000000 00:00 0 
7f14bccfc000-7f14bcd00000 ---p 00000000 00:00 0 
7f14bcd00000-7f14bcdfc000 rw-p 00000000 00:00 0 
7f14bcdfc000-7f14bcdfd000 ---p 00000000 00:00 0 
7f14bcdfd000-7f14bce01000 ---p 00000000 00:00 0 
7f14bce01000-7f14bcefd000 rw-p 00000000 00:00 0 
7f14bcefd000-7f14bcefe000 ---p 00000000 00:00 0 
7f14bcefe000-7f14bcf02000 ---p 00000000 00:00 0 
7f14bcf02000-7f14bcffe000 rw-p 00000000 00:00 0 
7f14bcffe000-7f14bcfff000 ---p 00000000 00:00 0 
7f14bcfff000-7f14bd003000 ---p 00000000 00:00 0 
7f14bd003000-7f14bd0ff000 rw-p 00000000 00:00 0 
7f14bd0ff000-7f14bd100000 ---p 00000000 00:00 0 
7f14bd100000-7f14bd104000 ---p 00000000 00:00 0 
7f14bd104000-7f14bd200000 rw-p 00000000 00:00 0 
7f14bd200000-7f14bd253000 r-xp 00000000 fe:00 132238                     /root/.gradle/native/e376f236ea51e6404a007f0833ffe2c6e607c4080706a723a18a27aeea778392/linux-amd64/libnative-platform-file-events.so
7f14bd253000-7f14bd452000 ---p 00053000 fe:00 132238                     /root/.gradle/native/e376f236ea51e6404a007f0833ffe2c6e607c4080706a723a18a27aeea778392/linux-amd64/libnative-platform-file-events.so
7f14bd452000-7f14bd453000 r--p 00052000 fe:00 132238                     /root/.gradle/native/e376f236ea51e6404a007f0833ffe2c6e607c4080706a723a18a27aeea778392/linux-amd64/libnative-platform-file-events.so
7f14bd453000-7f14bd455000 rw-p 00053000 fe:00 132238                     /root/.gradle/native/e376f236ea51e6404a007f0833ffe2c6e607c4080706a723a18a27aeea778392/linux-amd64/libnative-platform-file-events.so
7f14bd4ff000-7f14bd500000 ---p 00000000 00:00 0 
7f14bd500000-7f14bd504000 ---p 00000000 00:00 0 
7f14bd504000-7f14bd600000 rw-p 00000000 00:00 0 
7f14bd600000-7f14bd605000 r-xp 00000000 fe:00 132218                     /root/.gradle/native/68d5fa5c4cc2d200863cafc0d521ce42e7d3e7ee720ec0a83991735586a16f82/linux-amd64/libnative-platform.so
7f14bd605000-7f14bd805000 ---p 00005000 fe:00 132218                     /root/.gradle/native/68d5fa5c4cc2d200863cafc0d521ce42e7d3e7ee720ec0a83991735586a16f82/linux-amd64/libnative-platform.so
7f14bd805000-7f14bd806000 r--p 00005000 fe:00 132218                     /root/.gradle/native/68d5fa5c4cc2d200863cafc0d521ce42e7d3e7ee720ec0a83991735586a16f82/linux-amd64/libnative-platform.so
7f14bd806000-7f14bd807000 rw-p 00006000 fe:00 132218                     /root/.gradle/native/68d5fa5c4cc2d200863cafc0d521ce42e7d3e7ee720ec0a83991735586a16f82/linux-amd64/libnative-platform.so
7f14bd8f9000-7f14bd8fa000 ---p 00000000 00:00 0 
7f14bd8fa000-7f14bd8fe000 ---p 00000000 00:00 0 
7f14bd8fe000-7f14bd9fa000 rw-p 00000000 00:00 0 
7f14bd9fa000-7f14bd9fb000 ---p 00000000 00:00 0 
7f14bd9fb000-7f14bdafb000 rw-p 00000000 00:00 0 
7f14bdafb000-7f14bdafc000 ---p 00000000 00:00 0 
7f14bdafc000-7f14bdbfc000 rw-p 00000000 00:00 0 
7f14bdbfc000-7f14bdbfd000 ---p 00000000 00:00 0 
7f14bdbfd000-7f14bdc01000 ---p 00000000 00:00 0 
7f14bdc01000-7f14bdcfd000 rw-p 00000000 00:00 0 
7f14bdcfd000-7f14bdcfe000 ---p 00000000 00:00 0 
7f14bdcfe000-7f14bdd02000 ---p 00000000 00:00 0 
7f14bdd02000-7f14bddfe000 rw-p 00000000 00:00 0 
7f14bddfe000-7f14bddff000 ---p 00000000 00:00 0 
7f14bddff000-7f14bde03000 ---p 00000000 00:00 0 
7f14bde03000-7f14bdeff000 rw-p 00000000 00:00 0 
7f14bdeff000-7f14bdf00000 ---p 00000000 00:00 0 
7f14bdf00000-7f14bdf04000 ---p 00000000 00:00 0 
7f14bdf04000-7f14c0000000 rw-p 00000000 00:00 0 
7f14c0000000-7f14c0054000 rw-p 00000000 00:00 0 
7f14c0054000-7f14c4000000 ---p 00000000 00:00 0 
7f14c4000000-7f14c4021000 rw-p 00000000 00:00 0 
7f14c4021000-7f14c8000000 ---p 00000000 00:00 0 
7f14c8000000-7f14c812f000 rw-p 00000000 00:00 0 
7f14c812f000-7f14cc000000 ---p 00000000 00:00 0 
7f14cc071000-7f14cc072000 r--p 00000000 00:25 18147                      /usr/lib/x86_64-linux-gnu/libpthread.so.0
7f14cc072000-7f14cc073000 r-xp 00001000 00:25 18147                      /usr/lib/x86_64-linux-gnu/libpthread.so.0
7f14cc073000-7f14cc074000 r--p 00002000 00:25 18147                      /usr/lib/x86_64-linux-gnu/libpthread.so.0
7f14cc074000-7f14cc075000 r--p 00002000 00:25 18147                      /usr/lib/x86_64-linux-gnu/libpthread.so.0
7f14cc075000-7f14cc076000 rw-p 00003000 00:25 18147                      /usr/lib/x86_64-linux-gnu/libpthread.so.0
7f14cc07f000-7f14cc080000 ---p 00000000 00:00 0 
7f14cc080000-7f14cc084000 ---p 00000000 00:00 0 
7f14cc084000-7f14cc0a2000 rw-p 00000000 00:00 0 
7f14cc0a2000-7f14cc0a3000 r--p 00000000 00:25 13802                      /usr/lib/jvm/java-17-openjdk-amd64/lib/libextnet.so
7f14cc0a3000-7f14cc0a4000 r-xp 00001000 00:25 13802                      /usr/lib/jvm/java-17-openjdk-amd64/lib/libextnet.so
7f14cc0a4000-7f14cc0a5000 r--p 00002000 00:25 13802                      /usr/lib/jvm/java-17-openjdk-amd64/lib/libextnet.so
7f14cc0a5000-7f14cc0a6000 r--p 00002000 00:25 13802                      /usr/lib/jvm/java-17-openjdk-amd64/lib/libextnet.so
7f14cc0a6000-7f14cc0a7000 rw-p 00003000 00:25 13802                      /usr/lib/jvm/java-17-openjdk-amd64/lib/libextnet.so
7f14cc0a7000-7f14cc0a9000 r--p 00000000 00:25 13821                      /usr/lib/jvm/java-17-openjdk-amd64/lib/libmanagement_ext.so
7f14cc0a9000-7f14cc0ac000 r-xp 00002000 00:25 13821                      /usr/lib/jvm/java-17-openjdk-amd64/lib/libmanagement_ext.so
7f14cc0ac000-7f14cc0ad000 r--p 00005000 00:25 13821                      /usr/lib/jvm/java-17-openjdk-amd64/lib/libmanagement_ext.so
7f14cc0ad000-7f14cc0ae000 r--p 00006000 00:25 13821                      /usr/lib/jvm/java-17-openjdk-amd64/lib/libmanagement_ext.so
7f14cc0ae000-7f14cc0af000 rw-p 00007000 00:25 13821                      /usr/lib/jvm/java-17-openjdk-amd64/lib/libmanagement_ext.so
7f14cc0af000-7f14cc0b3000 r--p 00000000 00:25 13823                      /usr/lib/jvm/java-17-openjdk-amd64/lib/libnet.so
7f14cc0b3000-7f14cc0c1000 r-xp 00004000 00:25 13823                      /usr/lib/jvm/java-17-openjdk-amd64/lib/libnet.so
7f14cc0c1000-7f14cc0c5000 r--p 00012000 00:25 13823                      /usr/lib/jvm/java-17-openjdk-amd64/lib/libnet.so
7f14cc0c5000-7f14cc0c6000 r--p 00015000 00:25 13823                      /usr/lib/jvm/java-17-openjdk-amd64/lib/libnet.so
7f14cc0c6000-7f14cc0c7000 rw-p 00016000 00:25 13823                      /usr/lib/jvm/java-17-openjdk-amd64/lib/libnet.so
7f14cc0c7000-7f14cc0c8000 ---p 00000000 00:00 0 
7f14cc0c8000-7f14cc0cc000 ---p 00000000 00:00 0 
7f14cc0cc000-7f14cc1c8000 rw-p 00000000 00:00 0 
7f14cc1c8000-7f14cc1c9000 ---p 00000000 00:00 0 
7f14cc1c9000-7f14cc1cd000 ---p 00000000 00:00 0 
7f14cc1cd000-7f14cc2c9000 rw-p 00000000 00:00 0 
7f14cc2c9000-7f14cc2ca000 ---p 00000000 00:00 0 
7f14cc2ca000-7f14cc2ce000 ---p 00000000 00:00 0 
7f14cc2ce000-7f14cc3ca000 rw-p 00000000 00:00 0 
7f14cc3ca000-7f14cc3cb000 ---p 00000000 00:00 0 
7f14cc3cb000-7f14cc3cf000 ---p 00000000 00:00 0 
7f14cc3cf000-7f14cc4cb000 rw-p 00000000 00:00 0 
7f14cc4cb000-7f14cc522000 r--p 00000000 00:25 13882                      /usr/lib/locale/C.utf8/LC_CTYPE
7f14cc522000-7f14cc523000 ---p 00000000 00:00 0 
7f14cc523000-7f14cc527000 ---p 00000000 00:00 0 
7f14cc527000-7f14cc623000 rw-p 00000000 00:00 0 
7f14cc623000-7f14cc624000 ---p 00000000 00:00 0 
7f14cc624000-7f14cc628000 ---p 00000000 00:00 0 
7f14cc628000-7f14cc724000 rw-p 00000000 00:00 0 
7f14cc724000-7f14cc725000 ---p 00000000 00:00 0 
7f14cc725000-7f14cc825000 rw-p 00000000 00:00 0 
7f14cc825000-7f14cc82a000 r--p 00000000 00:25 13817                      /usr/lib/jvm/java-17-openjdk-amd64/lib/libjsvml.so
7f14cc82a000-7f14cc86b000 r-xp 00005000 00:25 13817                      /usr/lib/jvm/java-17-openjdk-amd64/lib/libjsvml.so
7f14cc86b000-7f14cc8f4000 r--p 00046000 00:25 13817                      /usr/lib/jvm/java-17-openjdk-amd64/lib/libjsvml.so
7f14cc8f4000-7f14cc8f5000 r--p 000ce000 00:25 13817                      /usr/lib/jvm/java-17-openjdk-amd64/lib/libjsvml.so
7f14cc8f5000-7f14cc8f6000 rw-p 000cf000 00:25 13817                      /usr/lib/jvm/java-17-openjdk-amd64/lib/libjsvml.so
7f14cc8f6000-7f14cca13000 rw-p 00000000 00:00 0 
7f14cca14000-7f14cca16000 r--p 00000000 00:25 13819                      /usr/lib/jvm/java-17-openjdk-amd64/lib/libmanagement.so
7f14cca16000-7f14cca17000 r-xp 00002000 00:25 13819                      /usr/lib/jvm/java-17-openjdk-amd64/lib/libmanagement.so
7f14cca17000-7f14cca18000 r--p 00003000 00:25 13819                      /usr/lib/jvm/java-17-openjdk-amd64/lib/libmanagement.so
7f14cca18000-7f14cca19000 r--p 00003000 00:25 13819                      /usr/lib/jvm/java-17-openjdk-amd64/lib/libmanagement.so
7f14cca19000-7f14cca1a000 rw-p 00004000 00:25 13819                      /usr/lib/jvm/java-17-openjdk-amd64/lib/libmanagement.so
7f14cca1a000-7f14cca1e000 r--p 00000000 00:25 13831                      /usr/lib/jvm/java-17-openjdk-amd64/lib/libverify.so
7f14cca1e000-7f14cca25000 r-xp 00004000 00:25 13831                      /usr/lib/jvm/java-17-openjdk-amd64/lib/libverify.so
7f14cca25000-7f14cca27000 r--p 0000b000 00:25 13831                      /usr/lib/jvm/java-17-openjdk-amd64/lib/libverify.so
7f14cca27000-7f14cca29000 r--p 0000c000 00:25 13831                      /usr/lib/jvm/java-17-openjdk-amd64/lib/libverify.so
7f14cca29000-7f14cca2a000 rw-p 0000e000 00:25 13831                      /usr/lib/jvm/java-17-openjdk-amd64/lib/libverify.so
7f14cca2a000-7f14cca30000 r--p 00000000 00:25 13824                      /usr/lib/jvm/java-17-openjdk-amd64/lib/libnio.so
7f14cca30000-7f14cca39000 r-xp 00006000 00:25 13824                      /usr/lib/jvm/java-17-openjdk-amd64/lib/libnio.so
7f14cca39000-7f14cca3d000 r--p 0000f000 00:25 13824                      /usr/lib/jvm/java-17-openjdk-amd64/lib/libnio.so
7f14cca3d000-7f14cca3e000 r--p 00013000 00:25 13824                      /usr/lib/jvm/java-17-openjdk-amd64/lib/libnio.so
7f14cca3e000-7f14cca3f000 rw-p 00014000 00:25 13824                      /usr/lib/jvm/java-17-openjdk-amd64/lib/libnio.so
7f14cca3f000-7f14cca41000 r--p 00000000 00:25 13832                      /usr/lib/jvm/java-17-openjdk-amd64/lib/libzip.so
7f14cca41000-7f14cca45000 r-xp 00002000 00:25 13832                      /usr/lib/jvm/java-17-openjdk-amd64/lib/libzip.so
7f14cca45000-7f14cca47000 r--p 00006000 00:25 13832                      /usr/lib/jvm/java-17-openjdk-amd64/lib/libzip.so
7f14cca47000-7f14cca48000 r--p 00007000 00:25 13832                      /usr/lib/jvm/java-17-openjdk-amd64/lib/libzip.so
7f14cca48000-7f14cca49000 rw-p 00008000 00:25 13832                      /usr/lib/jvm/java-17-openjdk-amd64/lib/libzip.so
7f14cca49000-7f14cca4a000 r--p 00000000 00:25 13888                      /usr/lib/locale/C.utf8/LC_NUMERIC
7f14cca4a000-7f14cca4b000 ---p 00000000 00:00 0 
7f14cca4b000-7f14ccb4b000 rw-p 00000000 00:00 0 
7f14ccb4b000-7f14ccb4c000 ---p 00000000 00:00 0 
7f14ccb4c000-7f14cd78d000 rw-p 00000000 00:00 0 
7f14cd78d000-7f14d0d3d000 ---p 00000000 00:00 0 
7f14d0d3d000-7f14d178d000 rw-p 00000000 00:00 0 
7f14d178d000-7f14d4d3d000 ---p 00000000 00:00 0 
7f14d4d3d000-7f14d4e95000 rw-p 00000000 00:00 0 
7f14d4e95000-7f14d554b000 ---p 00000000 00:00 0 
7f14d554b000-7f14d554d000 rw-p 00000000 00:00 0 
7f14d554d000-7f14d668d000 rwxp 00000000 00:00 0 
7f14d668d000-7f14dca85000 ---p 00000000 00:00 0 
7f14dca85000-7f14dcd05000 rwxp 00000000 00:00 0 
7f14dcd05000-7f14dd014000 ---p 00000000 00:00 0 
7f14dd014000-7f14dd4b4000 rwxp 00000000 00:00 0 
7f14dd4b4000-7f14e454d000 ---p 00000000 00:00 0 
7f14e454d000-7f14ec000000 r--s 00000000 00:25 13833                      /usr/lib/jvm/java-17-openjdk-amd64/lib/modules
7f14ec000000-7f14ed11a000 rw-p 00000000 00:00 0 
7f14ed11a000-7f14f0000000 ---p 00000000 00:00 0 
7f14f0000000-7f14f0001000 r--p 00000000 00:25 13891                      /usr/lib/locale/C.utf8/LC_TIME
7f14f0001000-7f14f0002000 r--p 00000000 00:25 13881                      /usr/lib/locale/C.utf8/LC_COLLATE
7f14f0002000-7f14f0003000 r--p 00000000 00:25 13886                      /usr/lib/locale/C.utf8/LC_MONETARY
7f14f0003000-7f14f0004000 r--p 00000000 00:25 13885                      /usr/lib/locale/C.utf8/LC_MESSAGES/SYS_LC_MESSAGES
7f14f0004000-7f14f0005000 r--p 00000000 00:25 13889                      /usr/lib/locale/C.utf8/LC_PAPER
7f14f0005000-7f14f0006000 r--p 00000000 00:25 13887                      /usr/lib/locale/C.utf8/LC_NAME
7f14f0006000-7f14f000d000 r--s 00000000 00:25 17572                      /usr/lib/x86_64-linux-gnu/gconv/gconv-modules.cache
7f14f000d000-7f14f010e000 rw-p 00000000 00:00 0 
7f14f010e000-7f14f010f000 ---p 00000000 00:00 0 
7f14f010f000-7f14f020f000 rw-p 00000000 00:00 0 
7f14f020f000-7f14f0210000 ---p 00000000 00:00 0 
7f14f0210000-7f14f0310000 rw-p 00000000 00:00 0 
7f14f0310000-7f14f0311000 ---p 00000000 00:00 0 
7f14f0311000-7f14f059e000 rw-p 00000000 00:00 0 
7f14f059e000-7f14f0c54000 ---p 00000000 00:00 0 
7f14f0c54000-7f14f0d9e000 rw-p 00000000 00:00 0 
7f14f0d9e000-7f14f1454000 ---p 00000000 00:00 0 
7f14f1454000-7f14f1662000 rw-p 00000000 00:00 0 
7f14f1662000-7f14f1743000 ---p 00000000 00:00 0 
7f14f1743000-7f14f1766000 rw-p 00000000 00:00 0 
7f14f1766000-7f14f182e000 ---p 00000000 00:00 0 
7f14f182e000-7f14f1833000 rw-p 00000000 00:00 0 
7f14f1833000-7f14f183a000 ---p 00000000 00:00 0 
7f14f183a000-7f14f1842000 rw-s 00000000 fe:00 133050                     /tmp/hsperfdata_root/1660
7f14f1842000-7f14f184e000 r--p 00000000 00:25 13809                      /usr/lib/jvm/java-17-openjdk-amd64/lib/libjava.so
7f14f184e000-7f14f185f000 r-xp 0000c000 00:25 13809                      /usr/lib/jvm/java-17-openjdk-amd64/lib/libjava.so
7f14f185f000-7f14f1865000 r--p 0001d000 00:25 13809                      /usr/lib/jvm/java-17-openjdk-amd64/lib/libjava.so
7f14f1865000-7f14f1866000 r--p 00022000 00:25 13809                      /usr/lib/jvm/java-17-openjdk-amd64/lib/libjava.so
7f14f1866000-7f14f1867000 rw-p 00023000 00:25 13809                      /usr/lib/jvm/java-17-openjdk-amd64/lib/libjava.so
7f14f1867000-7f14f1868000 rw-p 00000000 00:00 0 
7f14f1868000-7f14f1869000 r--p 00000000 00:25 13804                      /usr/lib/jvm/java-17-openjdk-amd64/lib/libinstrument.so
7f14f1869000-7f14f186f000 r-xp 00001000 00:25 13804                      /usr/lib/jvm/java-17-openjdk-amd64/lib/libinstrument.so
7f14f186f000-7f14f1872000 r--p 00007000 00:25 13804                      /usr/lib/jvm/java-17-openjdk-amd64/lib/libinstrument.so
7f14f1872000-7f14f1873000 r--p 00009000 00:25 13804                      /usr/lib/jvm/java-17-openjdk-amd64/lib/libinstrument.so
7f14f1873000-7f14f1874000 rw-p 0000a000 00:25 13804                      /usr/lib/jvm/java-17-openjdk-amd64/lib/libinstrument.so
7f14f1874000-7f14f1876000 r--p 00000000 00:25 13813                      /usr/lib/jvm/java-17-openjdk-amd64/lib/libjimage.so
7f14f1876000-7f14f1879000 r-xp 00002000 00:25 13813                      /usr/lib/jvm/java-17-openjdk-amd64/lib/libjimage.so
7f14f1879000-7f14f187a000 r--p 00005000 00:25 13813                      /usr/lib/jvm/java-17-openjdk-amd64/lib/libjimage.so
7f14f187a000-7f14f187b000 r--p 00006000 00:25 13813                      /usr/lib/jvm/java-17-openjdk-amd64/lib/libjimage.so
7f14f187b000-7f14f187c000 rw-p 00007000 00:25 13813                      /usr/lib/jvm/java-17-openjdk-amd64/lib/libjimage.so
7f14f187c000-7f14f1880000 ---p 00000000 00:00 0 
7f14f1880000-7f14f197c000 rw-p 00000000 00:00 0 
7f14f197c000-7f14f197f000 r--p 00000000 00:25 17958                      /usr/lib/x86_64-linux-gnu/libgcc_s.so.1
7f14f197f000-7f14f1996000 r-xp 00003000 00:25 17958                      /usr/lib/x86_64-linux-gnu/libgcc_s.so.1
7f14f1996000-7f14f199a000 r--p 0001a000 00:25 17958                      /usr/lib/x86_64-linux-gnu/libgcc_s.so.1
7f14f199a000-7f14f199b000 r--p 0001d000 00:25 17958                      /usr/lib/x86_64-linux-gnu/libgcc_s.so.1
7f14f199b000-7f14f199c000 rw-p 0001e000 00:25 17958                      /usr/lib/x86_64-linux-gnu/libgcc_s.so.1
7f14f199c000-7f14f19ac000 r--p 00000000 00:25 18057                      /usr/lib/x86_64-linux-gnu/libm.so.6
7f14f19ac000-7f14f1a20000 r-xp 00010000 00:25 18057                      /usr/lib/x86_64-linux-gnu/libm.so.6
7f14f1a20000-7f14f1a7a000 r--p 00084000 00:25 18057                      /usr/lib/x86_64-linux-gnu/libm.so.6
7f14f1a7a000-7f14f1a7b000 r--p 000dd000 00:25 18057                      /usr/lib/x86_64-linux-gnu/libm.so.6
7f14f1a7b000-7f14f1a7c000 rw-p 000de000 00:25 18057                      /usr/lib/x86_64-linux-gnu/libm.so.6
7f14f1a7c000-7f14f1b15000 r--p 00000000 00:25 18224                      /usr/lib/x86_64-linux-gnu/libstdc++.so.6.0.30
7f14f1b15000-7f14f1c16000 r-xp 00099000 00:25 18224                      /usr/lib/x86_64-linux-gnu/libstdc++.so.6.0.30
7f14f1c16000-7f14f1c85000 r--p 0019a000 00:25 18224                      /usr/lib/x86_64-linux-gnu/libstdc++.so.6.0.30
7f14f1c85000-7f14f1c90000 r--p 00209000 00:25 18224                      /usr/lib/x86_64-linux-gnu/libstdc++.so.6.0.30
7f14f1c90000-7f14f1c93000 rw-p 00214000 00:25 18224                      /usr/lib/x86_64-linux-gnu/libstdc++.so.6.0.30
7f14f1c93000-7f14f1c96000 rw-p 00000000 00:00 0 
7f14f1c96000-7f14f1ee7000 r--p 00000000 00:25 13845                      /usr/lib/jvm/java-17-openjdk-amd64/lib/server/libjvm.so
7f14f1ee7000-7f14f2c39000 r-xp 00251000 00:25 13845                      /usr/lib/jvm/java-17-openjdk-amd64/lib/server/libjvm.so
7f14f2c39000-7f14f2eba000 r--p 00fa3000 00:25 13845                      /usr/lib/jvm/java-17-openjdk-amd64/lib/server/libjvm.so
7f14f2eba000-7f14f2f72000 r--p 01224000 00:25 13845                      /usr/lib/jvm/java-17-openjdk-amd64/lib/server/libjvm.so
7f14f2f72000-7f14f2fa7000 rw-p 012dc000 00:25 13845                      /usr/lib/jvm/java-17-openjdk-amd64/lib/server/libjvm.so
7f14f2fa7000-7f14f3003000 rw-p 00000000 00:00 0 
7f14f3003000-7f14f3029000 r--p 00000000 00:25 17847                      /usr/lib/x86_64-linux-gnu/libc.so.6
7f14f3029000-7f14f317f000 r-xp 00026000 00:25 17847                      /usr/lib/x86_64-linux-gnu/libc.so.6
7f14f317f000-7f14f31d2000 r--p 0017c000 00:25 17847                      /usr/lib/x86_64-linux-gnu/libc.so.6
7f14f31d2000-7f14f31d6000 r--p 001cf000 00:25 17847                      /usr/lib/x86_64-linux-gnu/libc.so.6
7f14f31d6000-7f14f31d8000 rw-p 001d3000 00:25 17847                      /usr/lib/x86_64-linux-gnu/libc.so.6
7f14f31d8000-7f14f31e5000 rw-p 00000000 00:00 0 
7f14f31e5000-7f14f31e7000 r--p 00000000 00:25 13814                      /usr/lib/jvm/java-17-openjdk-amd64/lib/libjli.so
7f14f31e7000-7f14f31f0000 r-xp 00002000 00:25 13814                      /usr/lib/jvm/java-17-openjdk-amd64/lib/libjli.so
7f14f31f0000-7f14f31f3000 r--p 0000b000 00:25 13814                      /usr/lib/jvm/java-17-openjdk-amd64/lib/libjli.so
7f14f31f3000-7f14f31f4000 r--p 0000d000 00:25 13814                      /usr/lib/jvm/java-17-openjdk-amd64/lib/libjli.so
7f14f31f4000-7f14f31f5000 rw-p 0000e000 00:25 13814                      /usr/lib/jvm/java-17-openjdk-amd64/lib/libjli.so
7f14f31f5000-7f14f31f8000 r--p 00000000 00:25 1006                       /usr/lib/x86_64-linux-gnu/libz.so.1.2.13
7f14f31f8000-7f14f320b000 r-xp 00003000 00:25 1006                       /usr/lib/x86_64-linux-gnu/libz.so.1.2.13
7f14f320b000-7f14f3212000 r--p 00016000 00:25 1006                       /usr/lib/x86_64-linux-gnu/libz.so.1.2.13
7f14f3212000-7f14f3213000 r--p 0001c000 00:25 1006                       /usr/lib/x86_64-linux-gnu/libz.so.1.2.13
7f14f3213000-7f14f3214000 rw-p 0001d000 00:25 1006                       /usr/lib/x86_64-linux-gnu/libz.so.1.2.13
7f14f3214000-7f14f3215000 r--p 00000000 00:25 13880                      /usr/lib/locale/C.utf8/LC_ADDRESS
7f14f3215000-7f14f3216000 r--p 00000000 00:25 13890                      /usr/lib/locale/C.utf8/LC_TELEPHONE
7f14f3216000-7f14f3217000 r--p 00000000 00:25 13884                      /usr/lib/locale/C.utf8/LC_MEASUREMENT
7f14f3217000-7f14f3218000 r--p 00000000 00:25 13883                      /usr/lib/locale/C.utf8/LC_IDENTIFICATION
7f14f3218000-7f14f3219000 ---p 00000000 00:00 0 
7f14f3219000-7f14f321a000 r--p 00000000 00:00 0 
7f14f321a000-7f14f321b000 ---p 00000000 00:00 0 
7f14f321b000-7f14f321d000 rw-p 00000000 00:00 0 
7f14f321d000-7f14f321e000 r--p 00000000 00:25 17633                      /usr/lib/x86_64-linux-gnu/ld-linux-x86-64.so.2
7f14f321e000-7f14f3244000 r-xp 00001000 00:25 17633                      /usr/lib/x86_64-linux-gnu/ld-linux-x86-64.so.2
7f14f3244000-7f14f324e000 r--p 00027000 00:25 17633                      /usr/lib/x86_64-linux-gnu/ld-linux-x86-64.so.2
7f14f324e000-7f14f3250000 r--p 00031000 00:25 17633                      /usr/lib/x86_64-linux-gnu/ld-linux-x86-64.so.2
7f14f3250000-7f14f3252000 rw-p 00033000 00:25 17633                      /usr/lib/x86_64-linux-gnu/ld-linux-x86-64.so.2
7ffd8fb6b000-7ffd8fb8c000 rw-p 00000000 00:00 0                          [stack]
7ffd8fbf4000-7ffd8fbf7000 r--p 00000000 00:00 0                          [vvar]
7ffd8fbf7000-7ffd8fbf9000 r-xp 00000000 00:00 0                          [vdso]
ffffffffff600000-ffffffffff601000 r-xp 00000000 00:00 0                  [vsyscall]


VM Arguments:
jvm_args: --add-opens=java.base/java.util=ALL-UNNAMED --add-opens=java.base/java.lang=ALL-UNNAMED --add-opens=java.base/java.lang.invoke=ALL-UNNAMED --add-opens=java.prefs/java.util.prefs=ALL-UNNAMED --add-opens=java.base/java.nio.charset=ALL-UNNAMED --add-opens=java.base/java.net=ALL-UNNAMED --add-opens=java.base/java.util.concurrent.atomic=ALL-UNNAMED -Xmx4G -Dfile.encoding=UTF-8 -Duser.country -Duser.language=en -Duser.variant -javaagent:/root/.gradle/wrapper/dists/gradle-8.2-bin/bbg7u40eoinfdyxsxr3z4i7ta/gradle-8.2/lib/agents/gradle-instrumentation-agent-8.2.jar 
java_command: org.gradle.launcher.daemon.bootstrap.GradleDaemon 8.2
java_class_path (initial): /root/.gradle/wrapper/dists/gradle-8.2-bin/bbg7u40eoinfdyxsxr3z4i7ta/gradle-8.2/lib/gradle-launcher-8.2.jar
Launcher Type: SUN_STANDARD

[Global flags]
     intx CICompilerCount                          = 2                                         {product} {ergonomic}
     uint ConcGCThreads                            = 1                                         {product} {ergonomic}
     uint G1ConcRefinementThreads                  = 2                                         {product} {ergonomic}
   size_t G1HeapRegionSize                         = 2097152                                   {product} {ergonomic}
    uintx GCDrainStackTargetSize                   = 64                                        {product} {ergonomic}
   size_t InitialHeapSize                          = 33554432                                  {product} {ergonomic}
   size_t MarkStackSize                            = 4194304                                   {product} {ergonomic}
   size_t MaxHeapSize                              = 4294967296                                {product} {command line}
   size_t MaxNewSize                               = 2575302656                                {product} {ergonomic}
   size_t MinHeapDeltaBytes                        = 2097152                                   {product} {ergonomic}
   size_t MinHeapSize                              = 8388608                                   {product} {ergonomic}
    uintx NonNMethodCodeHeapSize                   = 5826188                                {pd product} {ergonomic}
    uintx NonProfiledCodeHeapSize                  = 122916026                              {pd product} {ergonomic}
    uintx ProfiledCodeHeapSize                     = 122916026                              {pd product} {ergonomic}
    uintx ReservedCodeCacheSize                    = 251658240                              {pd product} {ergonomic}
     bool SegmentedCodeCache                       = true                                      {product} {ergonomic}
   size_t SoftMaxHeapSize                          = 4294967296                             {manageable} {ergonomic}
     bool UseCompressedClassPointers               = true                           {product lp64_product} {ergonomic}
     bool UseCompressedOops                        = true                           {product lp64_product} {ergonomic}
     bool UseG1GC                                  = true                                      {product} {ergonomic}

Logging:
Log output configuration:
 #0: stdout all=warning uptime,level,tags
 #1: stderr all=off uptime,level,tags

Environment Variables:
PATH=/usr/local/sbin:/usr/local/bin:/usr/sbin:/usr/bin:/sbin:/bin
SHELL=/bin/bash
LANG=C.UTF-8
LC_ALL=C.UTF-8
TERM=tmux-256color

Active Locale:
LC_ALL=C.UTF-8
LC_COLLATE=C.UTF-8
LC_CTYPE=C.UTF-8
LC_MESSAGES=C.UTF-8
LC_MONETARY=C.UTF-8
LC_NUMERIC=C.UTF-8
LC_TIME=C.UTF-8

Signal Handlers:
   SIGSEGV: crash_handler in libjvm.so, mask=11100100010111111101111111111110, flags=SA_RESTART|SA_SIGINFO, unblocked
    SIGBUS: crash_handler in libjvm.so, mask=11100100010111111101111111111110, flags=SA_RESTART|SA_SIGINFO, unblocked
    SIGFPE: crash_handler in libjvm.so, mask=11100100010111111101111111111110, flags=SA_RESTART|SA_SIGINFO, unblocked
   SIGPIPE: javaSignalHandler in libjvm.so, mask=11100100010111111101111111111110, flags=SA_RESTART|SA_SIGINFO, unblocked
   SIGXFSZ: javaSignalHandler in libjvm.so, mask=11100100010111111101111111111110, flags=SA_RESTART|SA_SIGINFO, unblocked
    SIGILL: crash_handler in libjvm.so, mask=11100100010111111101111111111110, flags=SA_RESTART|SA_SIGINFO, unblocked
   SIGUSR2: SR_handler in libjvm.so, mask=00100000000000000000000000000000, flags=SA_RESTART|SA_SIGINFO, unblocked
    SIGHUP: UserHandler in libjvm.so, mask=11100100010111111101111111111110, flags=SA_RESTART|SA_SIGINFO, unblocked
    SIGINT: UserHandler in libjvm.so, mask=11100100010111111101111111111110, flags=SA_RESTART|SA_SIGINFO, unblocked
   SIGTERM: UserHandler in libjvm.so, mask=11100100010111111101111111111110, flags=SA_RESTART|SA_SIGINFO, unblocked
   SIGQUIT: UserHandler in libjvm.so, mask=11100100010111111101111111111110, flags=SA_RESTART|SA_SIGINFO, unblocked
   SIGTRAP: crash_handler in libjvm.so, mask=11100100010111111101111111111110, flags=SA_RESTART|SA_SIGINFO, unblocked


Periodic native trim disabled


---------------  S Y S T E M  ---------------

OS:
PRETTY_NAME="Debian GNU/Linux 12 (bookworm)"
NAME="Debian GNU/Linux"
VERSION_ID="12"
VERSION="12 (bookworm)"
VERSION_CODENAME=bookworm
ID=debian
HOME_URL="https://www.debian.org/"
SUPPORT_URL="https://www.debian.org/support"
BUG_REPORT_URL="https://bugs.debian.org/"
uname: Linux 4.19.91-c8dfc93.al7.x86_64 #1 SMP Tue Sep 26 10:25:51 UTC 2023 x86_64
OS uptime: 0 days 0:14 hours
libc: glibc 2.36 NPTL 2.36 
rlimit (soft/hard): STACK 8192k/infinity , CORE 0k/0k , NPROC 100000/100000 , NOFILE 100000/100000 , AS infinity/infinity , CPU infinity/infinity , DATA infinity/infinity , FSIZE infinity/infinity , MEMLOCK 64k/64k
load average: 0.40 0.43 0.27

/proc/meminfo:
MemTotal:        2152516 kB
MemFree:          287928 kB
MemAvailable:     796872 kB
Buffers:            6800 kB
Cached:           549156 kB
SwapCached:            0 kB
Active:          1556132 kB
Inactive:         219236 kB
Active(anon):    1219472 kB
Inactive(anon):       16 kB
Active(file):     336660 kB
Inactive(file):   219220 kB
Unevictable:           0 kB
Mlocked:               0 kB
SwapTotal:             0 kB
SwapFree:              0 kB
Dirty:              1732 kB
Writeback:             0 kB
AnonPages:       1219488 kB
Mapped:            62000 kB
Shmem:                32 kB
Slab:              41556 kB
SReclaimable:      29672 kB
SUnreclaim:        11884 kB
KernelStack:        2592 kB
PageTables:         3768 kB
NFS_Unstable:          0 kB
Bounce:                0 kB
WritebackTmp:          0 kB
CommitLimit:     1076256 kB
Committed_AS:    1492020 kB
VmallocTotal:   34359738367 kB
VmallocUsed:           0 kB
VmallocChunk:          0 kB
Percpu:              400 kB
AnonHugePages:    735232 kB
ShmemHugePages:        0 kB
ShmemPmdMapped:        0 kB
HugePages_Total:       0
HugePages_Free:        0
HugePages_Rsvd:        0
HugePages_Surp:        0
Hugepagesize:       2048 kB
Hugetlb:               0 kB
DirectMap4k:        8192 kB
DirectMap2M:     2523136 kB
DirectMap1G:           0 kB

/sys/kernel/mm/transparent_hugepage/enabled: [always] madvise never
/sys/kernel/mm/transparent_hugepage/hpage_pmd_size: 2097152
/sys/kernel/mm/transparent_hugepage/defrag (defrag/compaction efforts parameter): always defer defer+madvise madvise [never]

Process Memory:
Virtual Size: 5611876K (peak: 6964308K)
Resident Set Size: 891804K (peak: 891804K) (anon: 867452K, file: 24352K, shmem: 0K)
Swapped out: 0K
C-Heap outstanding allocations: 72468K, retained: 21327K
glibc malloc tunables: (default)

/proc/sys/kernel/threads-max (system-wide limit on the number of threads): 1129
/proc/sys/vm/max_map_count (maximum number of memory map areas a process may have): 65530
/proc/sys/vm/swappiness (control to define how aggressively the kernel swaps out anonymous memory): 60
/proc/sys/kernel/pid_max (system-wide limit on number of process identifiers): 32768

container (cgroup) information:
container_type: cgroupv1
cpu_cpuset_cpus: 0-1
cpu_memory_nodes: 0
active_processor_count: 2
cpu_quota: no quota
cpu_period: 100000
cpu_shares: 12288
memory_limit_in_bytes: 2097152 k
memory_and_swap_limit_in_bytes: unlimited
memory_soft_limit_in_bytes: unlimited
memory_usage_in_bytes: 1803136 k
memory_max_usage_in_bytes: 1803136 k
kernel_memory_limit_in_bytes: unlimited
kernel_memory_usage_in_bytes: 35292 k
kernel_memory_max_usage_in_bytes: 45328 k
maximum number of tasks: unlimited
current number of tasks: 88

KVM virtualization detected
Steal ticks since vm start: 2149
Steal ticks percentage since vm start:  0.104

CPU: total 2 (initial active 2) (2 cores per cpu, 1 threads per core) family 6 model 85 stepping 7 microcode 0x1, cx8, cmov, fxsr, mmx, 3dnowpref, sse, sse2, sse3, ssse3, sse4.1, sse4.2, popcnt, lzcnt, tsc, tscinvbit, avx, avx2, aes, erms, clmul, bmi1, bmi2, adx, avx512f, avx512dq, avx512cd, avx512bw, avx512vl, fma, vzeroupper, avx512_vnni, clflush, clflushopt, clwb, hv
CPU Model and flags from /proc/cpuinfo:
model name	: Intel(R) Xeon(R) Processor @ 2.50GHz
flags		: fpu vme de pse tsc msr pae mce cx8 apic sep mtrr pge mca cmov pat pse36 clflush mmx fxsr sse sse2 ss ht syscall nx pdpe1gb rdtscp lm constant_tsc rep_good nopl xtopology nonstop_tsc cpuid tsc_known_freq pni pclmulqdq ssse3 fma cx16 pcid sse4_1 sse4_2 x2apic movbe popcnt tsc_deadline_timer aes xsave avx f16c rdrand hypervisor lahf_lm abm 3dnowprefetch cpuid_fault invpcid_single ssbd ibrs ibpb stibp ibrs_enhanced fsgsbase tsc_adjust bmi1 avx2 smep bmi2 erms invpcid mpx avx512f avx512dq rdseed adx smap clflushopt clwb avx512cd avx512bw avx512vl xsaveopt xsavec xgetbv1 xsaves umip avx512_vnni md_clear arch_capabilities

Online cpus: 0-1
Offline cpus: 
BIOS frequency limitation: <Not Available>
Frequency switch latency (ns): <Not Available>
Available cpu frequencies: <Not Available>
Current governor: <Not Available>
Core performance/turbo boost: <Not Available>

Memory: 4k page, physical 2097152k(294016k free), swap 0k(0k free)
Page Sizes: 4k

vm_info: OpenJDK 64-Bit Server VM (17.0.16+8-Debian-1deb12u1) for linux-amd64 JRE (17.0.16+8-Debian-1deb12u1), built on Aug 11 2025 10:28:33 by "buildd" with gcc 12.2.0

END.
